,degree,betweenness,closeness,eigenvector,degree_rank,betweenness_rank,closeness_rank,eigenvector_rank
ABOMINATION / EMIL BLO,0.0038461538461538464,3.27386728455423e-05,0.35725190839694654,0.006443598383461759,1005,636,568,638
ABSORBING MAN / CARL C,0.02264957264957265,0.00017503767954906316,0.42584167424931757,0.038726513880492766,182,448,139,138
"ACHEBE, REVEREND DOC",0.003418803418803419,5.220184784100987e-08,0.31802120141342755,0.0009542895723263575,1126,1285,1817,1831
ACHILLES II / HELMUT,0.004700854700854701,3.6541293488706915e-08,0.3369815668202765,0.0023614870920970923,861,1298,1355,1210
"ADAMS, CINDY",0.002564102564102564,0.0,0.3249097472924188,0.0016969067310161024,1362,1310,1653,1451
"ADAMS, NICOLE NIKKI",0.00641025641025641,1.7082736739757275e-05,0.32191498142798186,0.0014244009764366348,653,705,1734,1577
ADMIRAL PROTOCOL / ,0.004273504273504274,5.994620549651888e-07,0.3292991837883479,0.0030381359209038982,937,1101,1548,1031
ADORA,0.002564102564102564,0.0008547008547008547,0.3462562888428529,0.005584341422045397,1362,258,1052,691
ADVA,0.0029914529914529912,1.4616517395482766e-07,0.3374675511970003,0.0017416917613777793,1243,1232,1334,1431
ADVERSARY,0.008547008547008548,4.181348939001816e-06,0.3515625,0.011439008647269228,468,893,728,418
AEGIS / TREY ROLLINS,0.003418803418803419,2.283830843044182e-07,0.32590529247910865,0.002573506191157417,1126,1199,1646,1156
AENTAROS,0.0029914529914529912,4.567661686088364e-07,0.3084629580806749,0.0005676042262987643,1243,1132,1958,1996
AGAMEMNON III / ,0.005128205128205128,1.8479361447463207e-06,0.33703010226127034,0.00237698798402759,808,969,1351,1203
AGAMOTTO,0.0017094017094017094,0.0,0.32920652785593696,0.0014236463858595463,1649,1310,1564,1578
AGED GENGHIS,0.0008547008547008547,0.0,0.32897511598481655,0.0011298571165833883,1996,1310,1578,1743
"AGEE, DR. AUBREY",0.0008547008547008547,0.0,0.33766233766233766,0.0022864404919712075,1996,1310,1330,1236
AHAB / RORY CAMPBELL,0.004273504273504274,0.0,0.35182679296346414,0.009649473451219106,937,1310,720,466
AHQLAU,0.0029914529914529912,0.0,0.31245827213246097,0.0012519423120588076,1243,1310,1911,1645
AHURA,0.002136752136752137,0.0,0.310098065200106,0.002097943970278912,1489,1310,1952,1292
AIREO / AEOLUS [INHUMA,0.00811965811965812,7.43096381006411e-05,0.3380037555972844,0.0070170544410532686,497,547,1297,595
AIR-WALKER / GABRIEL L,0.002136752136752137,7.36054917350742e-08,0.32427937915742794,0.0020110639270823688,1489,1276,1662,1328
AJAK / TECUMOTZIN [ETE,0.005128205128205128,2.6130298903458024e-05,0.34110787172011664,0.0024123701787330124,808,665,1187,1194
AJAX,0.005128205128205128,1.8479361447463207e-06,0.33703010226127034,0.002376987984027591,808,969,1351,1202
ALBERT,0.003418803418803419,1.5806901151980986e-06,0.3463587921847247,0.0027278346595337104,1126,982,1047,1117
"ALEXANDER, CALEB",0.002564102564102564,0.0,0.3373702422145329,0.0020296686357134494,1362,1310,1338,1321
"ALEXANDER, CARRIE",0.005555555555555556,6.563231554335795e-05,0.35994462390401477,0.00418769752744239,754,561,528,840
"ALRAUNE, MARLENE",0.005555555555555556,0.0002822895178473191,0.3494101836643273,0.0019144486830157798,754,367,838,1370
"ALVAREZ, FELIX",0.0038461538461538464,6.064114657530647e-07,0.3386396526772793,0.0021875159669045236,1005,1099,1255,1263
"ALVAREZ, PAUL",0.0017094017094017094,0.0,0.2623612512613522,0.0003133874508001126,1649,1310,2258,2104
AMIKO,0.001282051282051282,0.0,0.3436123348017621,0.0013865755286108302,1804,1310,1126,1588
AMPHIBIAN / KINGLEY RI,0.0059829059829059825,3.8515596600187404e-05,0.3502994011976048,0.004682737641925475,702,621,804,786
AMPHIBIUS,0.007692307692307693,1.5324707650589234e-05,0.3522504892367906,0.011583988061680733,530,716,698,415
ANACONDA / BLANCHE SIT,0.010256410256410256,1.796642156813297e-05,0.35492188684968906,0.0036584151622702466,395,702,627,911
ANAK,0.007692307692307693,5.484914801062487e-06,0.34080978735799594,0.003540198760508795,530,866,1194,933
ANALYZER,0.008974358974358974,5.564741386291876e-05,0.34774855104770397,0.007214709482924191,442,586,924,587
ANCIENT ONE,0.003418803418803419,1.1519592417034287e-06,0.32967032967032966,0.002187890036971163,1126,1019,1537,1262
"ANDERSSEN, TANYA",0.0008547008547008547,0.0,0.3326226012793177,0.0013140022122583037,1996,1310,1464,1626
"ANDREWS, DARYL TROOP",0.0017094017094017094,0.0,0.3121664887940235,0.0005071064713965482,1649,1310,1923,2028
ANDROMEDA / ANDROMEDA,0.006837606837606838,6.391507264157578e-05,0.3750601057861837,0.011023664819049657,605,565,340,427
ANGAR THE SCREAMER / D,0.0017094017094017094,3.0888894583901403e-06,0.33815028901734107,0.002383066108805521,1649,929,1294,1200
ANGEL / WARREN KENNETH,0.11452991452991453,0.017074286715506638,0.4979782932538838,0.11415522111592108,19,29,17,19
ANGLER,0.0008547008547008547,0.0,0.3231151615575808,0.0009777674043289935,1996,1310,1691,1801
ANNIHILUS,0.006837606837606838,2.070491564496881e-05,0.37650844730490746,0.015076933496462629,605,692,328,336
ANSWER,0.0017094017094017094,0.0,0.3489412466447957,0.0017892807970532115,1649,1310,859,1413
ANT-MAN / DR. HENRY J.,0.09829059829059829,0.006800686149542874,0.4896421845574388,0.10842406262383,28,64,28,25
ANT-MAN II / SCOTT HAR,0.027777777777777776,0.0006795901592364644,0.4276315789473684,0.04081026663364387,155,285,134,129
APE MAN / GORDON MONK,0.003418803418803419,5.9072092320272384e-05,0.33060186493359706,0.0015245290842485991,1126,578,1503,1534
APE / ,0.005128205128205128,9.37702037100073e-07,0.3466666666666667,0.006755498545564409,808,1041,1039,616
APE-X / XINA,0.005555555555555556,2.0428897844685693e-07,0.282950423216445,0.0007833989163618798,754,1203,2141,1926
APOCALYPSE / EN SABAH,0.03205128205128205,0.0012344149036349335,0.4112478031634446,0.041489172471600874,127,208,188,127
APOCALYPSE | MUTANT,0.00042735042735042735,0.0,0.31746031746031744,0.0008754321964689134,2176,1310,1846,1873
APOLLO [GREEK GOD],0.002136752136752137,0.0,0.3443201883460859,0.003774426157156521,1489,1310,1107,886
AQUARIAN / WUNDARR,0.0029914529914529912,2.783662875408048e-06,0.3644859813084112,0.006775564247459334,1243,942,450,614
AQUARIUS / DARREN BENT,0.004273504273504274,6.555782104124009e-05,0.3382480485689506,0.0015233428871843614,937,562,1289,1538
ARABIAN KNIGHT / ABDUL,0.002564102564102564,8.343887793914918e-08,0.34754195752264966,0.003425924382049923,1362,1272,946,964
ARAGORN,0.008547008547008548,6.248107100926497e-07,0.39248574303924855,0.01838946447432261,468,1092,240,286
ARAKI [SHI'AR],0.0038461538461538464,0.0,0.3508771929824561,0.007847630894125109,1005,1310,769,549
"ARBOGAST, BAMBI",0.011965811965811965,0.0002794641041458878,0.36873621178695243,0.010737693553472382,349,370,397,432
ARCADE / ,0.0059829059829059825,6.944934522424576e-05,0.37249283667621774,0.010272761015139681,702,553,356,443
ARCADIUS,0.004700854700854701,0.0003237423126256788,0.33947482953721164,0.003203981431888853,861,352,1224,994
ARCANNA / ARCANNA JONE,0.011965811965811965,0.00033921237102469814,0.34961900493052445,0.006557006053248589,349,350,827,628
ARCHAEOPTERYX / TONAJA,0.00641025641025641,3.770397100880213e-07,0.32347249101465303,0.003734660668693413,653,1148,1681,896
ARCHER / JUDE BLACK,0.0017094017094017094,0.0,0.31784841075794623,0.0009370710649914973,1649,1310,1822,1835
"ARCHER, ULYSSES SAMS",0.0029914529914529912,0.00017094035630952885,0.33018202342316916,0.001162496386838356,1243,452,1514,1716
ARCLIGHT / PHILLIPA SO,0.011965811965811965,0.0007273844366240087,0.3738019169329074,0.012453781846578757,349,278,351,395
ARES [GREEK GOD],0.009829059829059829,0.00015640578350154967,0.3744599135861738,0.015445077066378989,414,461,345,327
ARIA,0.00042735042735042735,0.0,0.34341062518344584,0.0013077139266074057,2176,1310,1132,1631
ARIDES,0.0008547008547008547,0.0,0.33200908059023837,0.001936552338224776,1996,1310,1483,1362
ARIEL II,0.0038461538461538464,0.0,0.32116387592643425,0.0023365765211965247,1005,1310,1749,1219
ARIES II / GROVER RAYM,0.004273504273504274,0.0,0.3382480485689506,0.0016065467163374671,937,1310,1289,1491
ARISHEM [CELESTIAL],0.0059829059829059825,0.0012113926182135653,0.3415559772296015,0.0025122003237495758,702,210,1172,1166
ARKON,0.004273504273504274,1.4637034855747477e-06,0.36183701871037577,0.010710410871210675,937,994,486,433
ARKO,0.001282051282051282,0.0,0.29631505635051286,0.0008016864929477238,1804,1310,2071,1916
"ARMBRUSTER, COLONEL",0.001282051282051282,0.0,0.334429041017579,0.0017605637878817834,1804,1310,1419,1425
ARON [WATCHER],0.00641025641025641,1.2023632884650712e-06,0.34442154842508094,0.008230956750631076,653,1016,1102,529
ARRANGER / ,0.01282051282051282,3.722410250441625e-05,0.3561643835616438,0.005590886476156937,326,624,588,690
"ASH, BRANDY",0.002136752136752137,0.0,0.332669889110037,0.002169427449223233,1489,1310,1462,1267
ASHEMA [CELESTIAL],0.002136752136752137,0.0,0.34285714285714286,0.0056733756174547735,1489,1310,1140,680
ASMODEUS,0.00042735042735042735,0.0,0.3288826423049895,0.0009679110094830209,2176,1310,1583,1811
ASP II / CLEO,0.013675213675213675,0.0007620168146761668,0.35600182565038796,0.00374219513769168,305,276,599,895
ASTRA,0.002136752136752137,4.567661686088364e-07,0.29586546971804273,0.0005266856399138095,1489,1132,2077,2019
ASTRA II,0.00042735042735042735,0.0,0.31685849695328366,0.0007794805654613142,2176,1310,1854,1928
ASTRONOMER,0.001282051282051282,0.0,0.3202846975088968,0.0008626185951585399,1804,1310,1775,1886
"ASTROVIK, NORMA",0.002564102564102564,0.0,0.3269983230855226,0.0031578514733401845,1362,1310,1633,1005
ATALANTA,0.006837606837606838,8.850912560355893e-06,0.33722438391699094,0.0024545748266913987,605,809,1344,1179
ATHENA [GREEK GOD],0.0017094017094017094,0.0,0.3425559947299078,0.002612324139461239,1649,1310,1148,1144
ATLAS,0.001282051282051282,0.0,0.35246272028920017,0.002360902962868312,1804,1310,692,1212
ATTUMA,0.013247863247863248,0.00013092898610308413,0.39413845376452755,0.022896677271622794,315,480,235,237
AUGUST PERSONAGE IN,0.002564102564102564,0.0,0.3222252822913798,0.0013356336514202072,1362,1310,1732,1611
AURA / ANN HERD,0.00042735042735042735,0.0,0.2577944254709706,1.645091351486833e-05,2176,1310,2291,2324
AURIC / ,0.0059829059829059825,5.511569032537325e-08,0.3192795742939009,0.0050147816108928375,702,1284,1798,741
AURORA / JEANNE-MARIE,0.03547008547008547,0.0019390706760896636,0.444613338400152,0.05606175459767253,118,164,92,87
"AUSTIN, SUSAN",0.014102564102564103,0.00020420218683194275,0.36591086786551996,0.009754748620628105,296,417,431,460
"AUTHIER, POLICE CHIE",0.003418803418803419,0.0,0.2969920040614291,0.0013342880618898163,1126,1310,2063,1612
"AUTHIER, TRACY TRACE",0.005555555555555556,1.1043526791672235e-06,0.29850746268656714,0.0016969854079495034,754,1023,2046,1450
AUTHORITY / ,0.00042735042735042735,0.0,0.3470780183921685,0.001198773680479419,2176,1310,1012,1690
AVALANCHE / DOMINIC PE,0.018803418803418803,0.00014315459368195165,0.3943377148634985,0.028883782434679265,233,469,233,183
AVIA,0.004700854700854701,2.023838231438438e-07,0.348993288590604,0.009149017472594844,861,1204,857,488
"AVRIL, SALLY",0.003418803418803419,0.0,0.3479036574487065,0.0027158291900338393,1126,1310,914,1119
"AYALA, AWILDA",0.0038461538461538464,4.983223892085771e-05,0.3020914020139427,0.0004063592988891984,1005,596,2022,2082
"AYALA, MRS.",0.001282051282051282,0.0,0.260985946910551,4.1813568851673226e-05,1804,1310,2266,2289
AZIR,0.00042735042735042735,0.0,0.3138412017167382,0.0004677210055047157,2176,1310,1879,2049
BACILLUS,0.002136752136752137,0.0,0.32019704433497537,0.0006389720705167162,1489,1310,1785,1970
"BADALAMENTE, JESUS",0.00042735042735042735,0.0,0.26259679048367185,5.588357797780912e-05,2176,1310,2255,2272
"BADALINO, LT. MICHAE",0.00042735042735042735,0.0,0.2863085770219014,0.00015233672412570676,2176,1310,2132,2185
"BAKER, ANNE-MARIE",0.001282051282051282,0.0,0.34718100890207715,0.0015460347683819305,1804,1310,976,1512
BALDER [ASGARDIAN],0.03632478632478633,0.002641989197168566,0.3987730061349693,0.020362468264627342,114,132,219,263
"BALDWIN, JUSTIN",0.0029914529914529912,0.0,0.32860553293076816,0.0035995985387119915,1243,1310,1602,926
"BALDWIN, MADELYNE MA",0.005128205128205128,5.872707882113611e-07,0.3288364249578415,0.0041530626442870585,808,1107,1593,845
"BALLANTINE, KAYLA",0.011538461538461539,0.0003273243058268126,0.36711641041732035,0.009657006165322134,361,351,420,465
BAMBI,0.004700854700854701,0.0,0.34764522359233396,0.0029062499168268333,861,1310,937,1070
"BANCROFT, MARTINE",0.00042735042735042735,0.0,0.2673063742289239,7.258644425734864e-05,2176,1310,2208,2242
"BANKS, SHARON",0.00042735042735042735,0.0,0.3470780183921685,0.001198773680479419,2176,1310,1012,1690
"BANNER, BETTY ROSS T",0.03247863247863248,0.003925687325310145,0.4330927262631871,0.03509482525374078,125,107,113,151
"BANNON, LANCE",0.011538461538461539,1.2902579279470847e-05,0.35449174367520075,0.005542987924461858,361,744,646,695
BANSHEE II,0.001282051282051282,0.0,0.3155765340525961,0.001151917498431901,1804,1310,1868,1725
BANSHEE / SEAN CASSIDY,0.05299145299145299,0.006673386042428095,0.40794979079497906,0.045668565978190204,63,65,197,109
BANTAM / ,0.001282051282051282,0.0,0.2972560975609756,0.0005608402709389339,1804,1310,2058,2000
"BARBAROSSA, VINNIE",0.00042735042735042735,0.0,0.2916978309648467,0.0001767378298098777,2176,1310,2117,2165
BARBARUS,0.005128205128205128,7.932784794484034e-06,0.34671803230108167,0.0063525246436544275,808,822,1036,643
BARON BLOOD II / VICTO,0.003418803418803419,9.855998882648447e-07,0.3293918918918919,0.0016319534998789583,1126,1038,1543,1476
BARON BLOOD / JOHN FAL,0.002564102564102564,0.0,0.3559476726498327,0.002821101841129833,1362,1310,600,1093
BARON MORDO / KARL MOR,0.004273504273504274,1.0084408395702827e-06,0.32953105196451205,0.0022700394738031974,937,1034,1539,1238
BARON STRUCKER / WOLFG,0.008547008547008548,0.00022509581802366196,0.3794389492459867,0.007499773778423866,468,397,302,572
BARRAGE,0.00042735042735042735,0.0,0.26518585675430645,0.0001396500145866744,2176,1310,2234,2189
BATROC / GEORGES BATRO,0.0059829059829059825,0.00027514661878642963,0.35703387244430884,0.0031210986373439676,702,372,573,1019
BATTLEAXE / ,0.002136752136752137,3.7759336604997136e-07,0.26271471876052543,0.00010579881281566714,1489,1147,2249,2210
BATTLESTAR / LEMAR HOS,0.005555555555555556,0.00027593428925154484,0.35681610247026535,0.004322599158613109,754,371,576,827
"BAXTER, NOAH",0.002136752136752137,0.0,0.34170560747663553,0.0049083842709189964,1489,1310,1164,755
BAYMAX,0.0008547008547008547,0.0,0.2687801516195727,4.171790472036947e-05,1996,1310,2199,2291
"BAZIN, ALLEGRA",0.002136752136752137,0.0,0.31026252983293556,0.0006108242605865633,1489,1310,1948,1982
"BAZIN, PHILLIPPE",0.002136752136752137,0.0,0.31026252983293556,0.000611434366901096,1489,1310,1948,1980
"BEACH, GINGER",0.002136752136752137,0.0,0.32763931671800617,0.0012002259889778257,1489,1310,1625,1685
"BEACH, SPIDER",0.002136752136752137,0.0,0.32763931671800617,0.0012002259889778244,1489,1310,1625,1686
BEAST / HENRY &HANK& P,0.14017094017094017,0.02612238978989511,0.5109170305676856,0.1283743506947767,6,13,5,3
BEAUTY,0.0038461538461538464,0.00011375269227198745,0.32672437866517734,0.0020853162315330447,1005,497,1637,1298
BEDLAM II / OLISA KABA,0.001282051282051282,0.0,0.34071054164239956,0.0014627951922428358,1804,1310,1197,1561
BEDLAM / JESSE AARONSO,0.005555555555555556,2.927598641944996e-06,0.314262691377921,0.0029801370666516385,754,934,1878,1050
BEEFER,0.002136752136752137,0.0,0.33352337514253133,0.0016175137955300872,1489,1310,1446,1487
BEETLE / ABNER RONALD,0.03290598290598291,0.002071888316209934,0.41965566714490676,0.03548143211346195,124,158,162,149
BEETLE II / LEILA DAVI,0.004700854700854701,0.0,0.3546529251288269,0.00400295052902817,861,1310,640,861
BELASCO,0.0008547008547008547,0.0,0.28792912513842744,0.0003980419688077287,1996,1310,2123,2087
BELLAM,0.0038461538461538464,0.0,0.33868866695614414,0.0018297995405605445,1005,1310,1253,1394
"BENJAMIN, BYRON",0.0008547008547008547,0.0,0.2323733862959285,8.11898837669977e-06,1996,1310,2335,2332
"BENNING, VERONICA",0.00042735042735042735,0.0,0.3377598152424942,0.0012226788388201683,2176,1310,1314,1664
"BENTLEY, MILES",0.002136752136752137,0.0,0.30660377358490565,0.000438133095777837,1489,1310,1980,2058
"BENTLEY, VICTORIA",0.0029914529914529912,1.8424639265966258e-05,0.334907685702018,0.002330588873812763,1243,701,1399,1225
BEREET,0.004700854700854701,1.3896436594729018e-05,0.3743401055831067,0.008400053265859417,861,727,348,517
"BERENGHETTI, MICHAEL",0.001282051282051282,0.0,0.33452466047176554,0.001273354759098208,1804,1310,1411,1637
"BERGER, PROF.",0.0017094017094017094,0.0,0.3083410198972197,0.0005504594873796635,1649,1310,1964,2005
"BERGIER, REBECCA",0.001282051282051282,0.0,0.30688524590163935,0.0005513713682569509,1804,1310,1975,2003
"BERKELEY, TRAVIS",0.00042735042735042735,0.0,0.3068047725186836,0.0005404378997053467,2176,1310,1978,2014
BERNARD THE POET,0.001282051282051282,0.0,0.339179591245108,0.0024307417327931835,1804,1310,1235,1186
BERNIE,0.00042735042735042735,0.0,0.32253618194348727,0.0007981979654487358,2176,1310,1719,1919
"BERNSTEIN, DR. NOAH",0.001282051282051282,0.0,0.31208322219258466,0.0005099170427633517,1804,1310,1924,2026
BETA RAY BILL,0.01623931623931624,0.00020783923204245624,0.36792452830188677,0.015176138135374887,261,416,407,335
BEYONDER,0.01581196581196581,0.00012753400300797476,0.418081114882973,0.03065036826070136,267,484,166,176
BI-BEAST II,0.00042735042735042735,0.0,0.33433347621088727,0.0011298996369302004,2176,1310,1430,1736
BIG BEN / ,0.00042735042735042735,0.0,0.312,0.0004918985219731966,2176,1310,1929,2035
BIG BERTHA / ASHLEY CR,0.0029914529914529912,0.0,0.3542770628311885,0.003217015576718638,1243,1310,650,992
BIG MAN / FREDERICK FO,0.0059829059829059825,1.9090965120771938e-07,0.3498803827751196,0.004016369541171395,702,1209,816,858
"BILLUPS, AGENT",0.0008547008547008547,0.0,0.35082458770614694,0.0015879064853256786,1996,1310,780,1496
BINARY / CAROL DANVERS,0.046153846153846156,0.005608399934569205,0.4540162980209546,0.06358337904979948,76,75,76,75
BIRDBRAIN,0.002564102564102564,0.0,0.32855939342881213,0.003131226686347165,1362,1310,1603,1014
BIRD MAN / HENRY HAWK,0.003418803418803419,5.9072092320272384e-05,0.33060186493359706,0.0015245290842485987,1126,578,1503,1535
BISHOP  / ,0.038461538461538464,0.005996714741567683,0.42207792207792205,0.04957928904320214,100,72,155,102
BLACKBODY,0.001282051282051282,0.0,0.3202846975088968,0.0008627950543206568,1804,1310,1775,1883
BLACK BOLT / BLACKANTO,0.02905982905982906,0.0019268438405356553,0.43902439024390244,0.04155337175430473,150,166,96,126
BLACK BRIGADE,0.001282051282051282,0.0,0.3443708609271523,0.0024519210866063516,1804,1310,1104,1181
BLACK CAT / FELICIA HA,0.02264957264957265,0.0014795421528787122,0.3873530872372124,0.01342079093602586,182,196,256,374
BLACK CROW / JESSE BLA,0.0008547008547008547,0.0,0.35082458770614694,0.0014950886524864736,1996,1310,780,1545
BLACK FOX II / ,0.001282051282051282,0.0,0.34718100890207715,0.0018019264853566081,1804,1310,976,1401
BLACK GOLIATH / DR. WI,0.008974358974358974,0.0005315062012748,0.37772397094430993,0.01653168322836782,442,315,316,309
BLACKHEART,0.0008547008547008547,0.0,0.33097595473833097,0.001317167381017792,1996,1310,1500,1622
BLACK KING / SEBASTIAN,0.02094017094017094,0.00022323948627542788,0.3685619782642936,0.02413011740027419,208,399,400,224
BLACK KNIGHT III / EOB,0.00042735042735042735,0.0,0.3238306116800443,0.0009546576889682098,2176,1310,1676,1829
BLACK KNIGHT IV / PROF,0.004700854700854701,1.2963935435341335e-07,0.37142857142857144,0.011589989813425943,861,1241,368,414
BLACK KNIGHT / SIR PER,0.002136752136752137,3.836210949551613e-06,0.33519553072625696,0.0022650001358665317,1489,903,1388,1242
BLACK KNIGHT V / DANE,0.07735042735042735,0.005877407922676608,0.47882136279926335,0.0967519202210418,37,73,34,32
BLACK KNIGHT V STATU,0.00641025641025641,6.893366577081195e-08,0.3836694540088539,0.014028704532571063,653,1282,271,358
BLACK LAMA,0.0008547008547008547,0.0,0.3378085751407536,0.0012348633180397867,1996,1310,1309,1658
BLACK MAMBA / TANYA SE,0.014102564102564103,0.0007683326963630974,0.35605599513085817,0.003757932625007822,296,275,597,890
BLACKOUT II / ,0.0017094017094017094,0.0,0.30512452731777284,0.00040880864442793943,1649,1310,1989,2078
BLACKOUT / MARCUS DANI,0.0059829059829059825,0.0,0.35470668485675305,0.007736675734648873,702,1310,637,559
BLACK PANTHER / T'CHAL,0.062393162393162394,0.01268631277612432,0.4655789892558695,0.07561426321677694,52,39,49,52
BLACK RACER / ,0.006837606837606838,8.432606189701596e-08,0.35182679296346414,0.0019704695444894373,605,1271,720,1346
BLACK TARANTULA II / C,0.003418803418803419,1.2180431162902304e-07,0.3476968796433878,0.002123231552173487,1126,1244,931,1282
BLACK TOM CASSIDY,0.00811965811965812,0.00020832895806034016,0.37638732507640343,0.01199095179840739,497,415,329,404
BLACK WIDOW II / YELEN,0.0008547008547008547,0.0,0.334811847188439,0.0018953242527673716,1996,1310,1401,1375
BLACK WIDOW / NATASHA,0.08931623931623932,0.012570597526992806,0.4869927159209157,0.09927324163552062,33,40,31,29
BLACKWING / JOSEPH MAN,0.002564102564102564,0.0,0.2928660826032541,0.0004871937466285734,1362,1310,2095,2044
BLADE / ,0.0029914529914529912,0.00019073192482989358,0.3294846522106449,0.0010386062052795445,1243,428,1541,1791
"BLAIRE, CARTER",0.002564102564102564,1.524368187511285e-05,0.3455914931324767,0.002794951695323115,1362,717,1076,1099
"BLAKE, BECKY",0.005128205128205128,7.457102966755573e-05,0.36116684673560734,0.004151654843612623,808,546,500,846
"BLAKE, DR. DONALD (C",0.003418803418803419,0.0,0.3386396526772793,0.0018074038477406014,1126,1310,1255,1399
BLAQUESMITH,0.007264957264957265,0.00011805576674706888,0.3460514640638864,0.006097806228991109,562,493,1056,658
BLASTAAR,0.002136752136752137,0.0,0.3416557161629435,0.004934364885112954,1489,1310,1165,753
"BLAZE, ROXANNE SIMPS",0.002564102564102564,8.164329124633702e-06,0.3036200856364344,0.0006737774017913838,1362,818,2012,1956
"BLESSING, MORGANA",0.004700854700854701,4.958669258243135e-06,0.3298097251585624,0.0016829065781747588,861,879,1533,1456
BLIND AL / ALTHEA,0.0029914529914529912,7.06765645829905e-06,0.26142330465869734,7.085053043457013e-05,1243,834,2263,2244
BLITZIANA,0.007264957264957265,3.755507149367121e-06,0.3404131510037824,0.0033518515116116388,562,905,1206,976
BLITZKRIEG / ,0.0008547008547008547,2.91658557041977e-05,0.3508771929824561,0.0014499961729587533,1996,655,769,1562
BLIZZARD II / DONALD G,0.0029914529914529912,4.696835836577731e-06,0.3437132784958872,0.0033042293893123945,1243,883,1120,980
BLIZZARD / PROF. GREGO,0.0008547008547008547,0.0,0.3378085751407536,0.001343666684294989,1996,1310,1309,1608
BLOB / FRED J. DUKES,0.03205128205128205,0.0010600305416226248,0.4320531757754801,0.044594857031658906,127,223,120,112
BLOCKADE / DEXTER PARI,0.00042735042735042735,0.0,0.3082191780821918,0.0005336577204166217,2176,1310,1968,2017
BLOCKBUSTER III / MICH,0.00042735042735042735,0.0,0.25948103792415167,8.164402637724321e-05,2176,1310,2276,2222
BLOODAXE / JACKIE LUKU,0.012393162393162393,8.650746241878217e-05,0.36077705827937095,0.00852529001454467,335,533,509,513
BLOOD BROTHERS,0.00042735042735042735,0.0,0.3377598152424942,0.0012226788388201683,2176,1310,1314,1664
BLOODSCREAM,0.003418803418803419,2.3987463670147677e-07,0.3457957736072115,0.0019406533274618318,1126,1197,1071,1361
BLOODSTONE / ULYSSES B,0.0017094017094017094,0.0008547008547008548,0.31536388140161725,0.0008172162032896509,1649,257,1872,1907
BLOODSTORM | MUTANT,0.008974358974358974,1.0214161560890931e-05,0.3183240375459121,0.00106425631225141,442,781,1807,1778
BLOODSTRIKE / ERIC CON,0.00641025641025641,4.479261120987724e-08,0.33248081841432225,0.004456115148745896,653,1293,1470,807
BLOOD WRAITH / SEAN DO,0.00042735042735042735,0.0,0.27754714743209585,0.0001782265741092949,2176,1310,2159,2164
BLUE DIAMOND / PROFESS,0.0038461538461538464,0.0,0.3561101810987673,0.0030067356904682424,1005,1310,589,1045
BLUE STREAK / ,0.0008547008547008547,0.0,0.35082458770614694,0.001468871805138701,1996,1310,780,1559
BOBCAT / ,0.00042735042735042735,0.0,0.32897511598481655,0.0010728709900029497,2176,1310,1578,1773
BODYBAG,0.00811965811965812,0.00018927960832715627,0.3288826423049895,0.0034807946450291323,497,430,1583,951
"BOGGS, MORDECAI P.",0.0008547008547008547,0.0,0.313211082853701,0.0009737812300815267,1996,1310,1893,1807
"BOLT, COUNCILMAN AND",0.00042735042735042735,0.0,0.3507719982011692,0.0014456122137333884,2176,1310,786,1564
BOLT II / CHRIS BRADLE,0.004700854700854701,0.0005875344968346971,0.34320915224405985,0.0037805477843113303,861,306,1134,885
BOMBSHELL / ,0.004700854700854701,4.983580633912931e-05,0.35492188684968906,0.002873038670033168,861,595,627,1080
BONEBREAKER / ,0.006837606837606838,0.0002794939020688736,0.3497235091914512,0.007584246065966756,605,369,823,569
BONES / ELIZABETH BLIS,0.0008547008547008547,0.0,0.2593947455936149,3.204484666744748e-05,1996,1310,2279,2298
BOOMERANG / FRED MYERS,0.00811965811965812,0.0009220047009933704,0.37243355085150404,0.0076836985883523695,497,237,357,561
BOOMER / TABITHA SMITH,0.04871794871794872,0.00438988475911829,0.3877381938690969,0.03842228038797276,71,97,253,140
BOOMSLANG / ,0.007264957264957265,6.611790436935208e-06,0.35278154681139756,0.003162777110252232,562,840,687,1002
BOONE,0.003418803418803419,5.438107843684545e-07,0.3492537313432836,0.0018971513877505857,1126,1113,844,1373
"BORROUGHS, CHARLES C",0.001282051282051282,0.0,0.32925284930350357,0.0010768290244075735,1804,1310,1555,1772
"BOUDREAUX, BELLA DON",0.0059829059829059825,0.000293052939028184,0.35320754716981134,0.005810751524824546,702,362,676,674
BOUNTY II,0.002136752136752137,0.0,0.3416557161629435,0.004852907711178027,1489,1310,1165,758
BOVA,0.011538461538461539,0.00014259790082006064,0.36984352773826457,0.011775493355188368,361,471,385,408
"BOWEN, FATHER MICHAE",0.0029914529914529912,0.0,0.303975058456742,0.00043568108041388404,1243,1310,2004,2062
BOX IV / MADISON JEFFR,0.019230769230769232,0.0003060759060359123,0.37937743190661477,0.01618061171242223,229,357,305,316
BOX / ROGER BOCHS,0.007692307692307693,1.1615169467693552e-05,0.3364002300172513,0.006512565526024996,530,766,1374,631
"BRADDOCK, JAMES JR.",0.0008547008547008547,0.0,0.32722696126415884,0.001309572566313034,1996,1310,1632,1629
"BRADLEY, CARRIE",0.002564102564102564,0.0,0.2637214020060859,0.0001291599424928307,1362,1310,2240,2205
BRAINCHILD,0.005128205128205128,5.846166187255245e-06,0.35071942446043164,0.006812103036132505,808,854,794,610
"BRANDT, ELLEN",0.0008547008547008547,0.0,0.27458343111945555,8.964290234389887e-05,1996,1310,2180,2220
BRASS / SEAN WATANABE,0.001282051282051282,0.0,0.34615384615384615,0.0014746006341372696,1804,1310,1053,1556
"BRAWN, TRISTAN",0.003418803418803419,0.0,0.2969920040614291,0.0013342880618898163,1126,1310,2063,1612
"BRIDGE, GEORGE WASHI",0.01282051282051282,0.0006279488180100077,0.35818153987448337,0.008516203332768523,326,299,548,515
"BRIGGS, AGENT STEPHA",0.00042735042735042735,0.0,0.2087980726331757,1.5206529277251459e-06,2176,1310,2340,2340
BRIGHTWIND,0.007692307692307693,3.505384421551817e-06,0.34774855104770397,0.007753692535386716,530,913,924,556
"BROMWELL, DR.",0.005128205128205128,0.0,0.34805890227576974,0.003829250993972607,808,1310,900,882
BRONA,0.0038461538461538464,6.828777051964824e-07,0.33785734911926074,0.0021605292477249994,1005,1082,1304,1271
BROTHERS GRIMM II / BA,0.005555555555555556,0.0002142848386143561,0.3502469690166143,0.005487976506821068,754,405,808,698
BROTHERS GRIMM,0.001282051282051282,0.0,0.3018186508448343,0.0003629949893271231,1804,1310,2027,2098
BROTHER TODE,0.001282051282051282,0.0,0.2751969892978949,0.00026496872409948613,1804,1310,2178,2120
BROTHER VOODOO / DANIE,0.004273504273504274,7.870353989413165e-05,0.33732160876459566,0.0025348828708483,937,540,1341,1160
BROTHER WONDERFUL / DR,0.0008547008547008547,0.0,0.35129860381324124,0.002049536210530931,1996,1310,746,1312
"BROWN, ABE",0.0038461538461538464,2.0763752842928068e-05,0.3162589539126909,0.0008691018156410637,1005,689,1857,1878
"BROWN, LAURA",0.0029914529914529912,1.6514739442220663e-06,0.3457957736072115,0.003098280175811095,1243,978,1071,1021
"BROWN, MINDY MCPHERS",0.0008547008547008547,0.0,0.3471295060080107,0.001237777118013089,1996,1310,992,1653
"BRUKNER, ILANEY",0.001282051282051282,0.0,0.25061582949555533,4.85976209446333e-05,1804,1310,2312,2279
BRUTACUS,0.002564102564102564,0.0,0.31187524990004,0.0006960839256371215,1362,1310,1934,1949
BRUTE | MUTANT X-VER,0.008974358974358974,1.0214161560890931e-05,0.3183240375459121,0.0010642563122514072,442,781,1807,1779
BRUTE / REED RICHARDS,0.0029914529914529912,0.0,0.3425559947299078,0.005578501540884815,1243,1310,1148,692
BRUTO THE STRONGMAN / ,0.0029914529914529912,0.0,0.2805419014506654,0.00020333007951613293,1243,1310,2155,2142
BUCKY / BUCKY BARNES,0.007264957264957265,4.5328569291852195e-05,0.3616692426584235,0.0045195901220909515,562,607,489,796
BUCKY II / FRED DAVIS,0.003418803418803419,3.057715209376753e-05,0.28581898131183586,0.00028411847129709286,1126,646,2135,2116
BUCKY VI / ,0.0008547008547008547,0.0,0.28627355028137996,0.0002217723676903186,1996,1310,2134,2134
BUCKY VII / RIKKI BARN,0.0008547008547008547,0.0,0.35129860381324124,0.002049536210530931,1996,1310,746,1312
BUG,0.002136752136752137,0.0,0.3200656544932294,0.0013735184894339296,1489,1310,1792,1595
BULLDOZER / HENRY CAMP,0.02264957264957265,0.00018904520640527367,0.42491374614127475,0.03736240055472206,182,439,141,147
BULLET,0.0008547008547008547,0.0,0.32920652785593696,0.0010616107459932172,1996,1310,1564,1782
BULLSEYE II / BENJAMIN,0.005128205128205128,6.314489413865205e-05,0.3623973981725259,0.004433289516888017,808,567,475,811
"BURKE, THERESA TRACY",0.00042735042735042735,0.0,0.3122914720405712,0.0006273814675904481,2176,1310,1916,1975
"BURLEY, MIKE",0.003418803418803419,0.0,0.3228476821192053,0.0008574194738218546,1126,1310,1698,1892
"BURR, CLAYTON",0.00042735042735042735,0.0,0.20805548146172312,5.570657955456775e-07,2176,1310,2341,2341
"BUSHKIN, BARNEY",0.002564102564102564,7.99500921054459e-07,0.34774855104770397,0.0024304424790546277,1362,1063,924,1187
"BUSHMAN, RAOUL",0.001282051282051282,0.0,0.31561909900188834,0.0006424080061297974,1804,1310,1865,1966
BUSHMASTER II / QUINCY,0.007692307692307693,6.13621161521316e-07,0.3519326214468341,0.0021056644373463125,530,1096,714,1288
BUSHWACKER / CARL,0.0017094017094017094,3.696328873304918e-05,0.3330960854092527,0.0013472947956720623,1649,626,1455,1606
BUTCH,0.002564102564102564,5.6343848883886586e-06,0.33163265306122447,0.0013209267719290188,1362,863,1493,1619
BUX,0.0017094017094017094,0.0,0.2929027412692452,0.00029479977419538363,1649,1310,2091,2110
BUZZ,0.0038461538461538464,9.032400148480876e-08,0.3485254691689008,0.002582851865094142,1005,1267,878,1152
"BYRD, NATHANIEL ALEX",0.003418803418803419,0.0,0.3020524073835033,0.00040595075275175836,1126,1310,2024,2085
"BYRD, SEN. HARRINGTO",0.002136752136752137,7.308258697741383e-08,0.3379549393414211,0.001746678571102347,1489,1277,1302,1430
"BYRNES, GAYLE WATSON",0.0008547008547008547,0.0,0.3471295060080107,0.001530779939581883,1996,1310,992,1526
BYRRAH [ATLANTEAN],0.004700854700854701,1.020381228427316e-06,0.3342857142857143,0.004966935625445588,861,1033,1437,748
"CABE, BETHANY",0.008547008547008548,4.0616650223576186e-05,0.35659859798841814,0.00743255373788528,468,618,578,576
CABER,0.0008547008547008547,0.0,0.27702142772581984,0.00025397758226674704,1996,1310,2161,2124
CACHE,0.001282051282051282,0.0,0.3515096890491212,0.0020077323055454547,1804,1310,730,1329
"CACHES, PROF. MARINA",0.001282051282051282,0.0,0.34718100890207715,0.0015516741084000843,1804,1310,976,1510
"CAESAR, JONATHAN",0.001282051282051282,0.0,0.34718100890207715,0.0018019264853566081,1804,1310,976,1401
"CAGE, LUKE / CARL LUCA",0.04829059829059829,0.02041376397540584,0.4534005037783375,0.04985255668577555,73,19,77,101
CALEDONIA / ALISANDE S,0.003418803418803419,1.2180431162902304e-07,0.3420552550796667,0.00567287840675636,1126,1244,1155,681
CALIBAN / ,0.02264957264957265,0.00010311402668199143,0.3671740153773733,0.02668857542388853,182,513,418,199
CALLISTO,0.013247863247863248,9.7525630960047e-06,0.36363636363636365,0.020161921499556104,315,793,456,268
CALYPSO,0.001282051282051282,0.0,0.34718100890207715,0.0018511488193939767,1804,1310,976,1391
"CAMPBELL, DR. RORY",0.004273504273504274,0.0,0.3396719407751488,0.005223804876983971,937,1310,1220,720
CANCER / JACK KLEVENO,0.005555555555555556,0.0001465683988757636,0.3460002957267485,0.0028670323600929206,754,465,1058,1081
CANDRA,0.00042735042735042735,0.0,0.3205918618988903,0.0008454692644735215,2176,1310,1766,1901
CANDY,0.005555555555555556,1.1315835167183648e-07,0.3482142857142857,0.003649179424746713,754,1252,890,914
CANNONBALL II / SAM GU,0.07692307692307693,0.01392921521380854,0.45454545454545453,0.06780272584809367,39,36,74,66
CANNONBALL / JACK PULV,0.004700854700854701,0.0006308608192356484,0.36094400740397964,0.0034171545215180336,861,298,504,966
"CANTOR, VERA",0.007692307692307693,5.031915414267742e-05,0.38241542735741135,0.01330417390876359,530,594,278,378
CAPRICORN / WILLARD WE,0.005555555555555556,0.0001465683988757636,0.3460002957267485,0.0028670323600929184,754,465,1058,1083
CAPTAIN AMERICA,0.22863247863247863,0.11396859317577512,0.5401662049861495,0.14650880539689867,1,2,1,1
CAPTAIN AMERICA DOPP,0.00641025641025641,0.0,0.3812937917549291,0.01372193585288176,653,1310,287,365
CAPTAIN AMERICA IV / S,0.002136752136752137,1.537750821263437e-06,0.3521974714027694,0.002362129770028729,1489,989,700,1209
CAPTAIN AMERICA | MU,0.0038461538461538464,1.8270646744353453e-07,0.317805242428358,0.0009548634149541106,1005,1217,1830,1827
CAPTAIN AMERICA V / RO,0.002136752136752137,0.0,0.3514568939621508,0.0026044569035015143,1489,1310,733,1148
CAPTAIN BRITAIN / BRIA,0.03418803418803419,0.008686886660172815,0.43812020220932407,0.039532931458581264,121,58,97,135
CAPTAIN HAWK,0.00811965811965812,0.00011053536606046334,0.3404626800523789,0.003495187304997917,497,504,1203,940
CAPTAIN MARVEL / CAPTA,0.022222222222222223,0.0012782421138826374,0.42261152248510025,0.035298428173432664,193,205,154,150
CAPTAIN MARVEL III / G,0.007264957264957265,0.0001271908505883388,0.3429073856975381,0.005815079660691631,562,485,1139,673
CAPTAIN MARVEL II / MO,0.04786324786324786,0.001206159794574001,0.4573885848318999,0.06850249576756935,74,212,64,64
CAPTAIN U.K. / LINDA M,0.0008547008547008547,0.0,0.3047668663714509,0.0006035661422396932,1996,1310,1994,1985
"CAPUTO, DR. JULIA",0.001282051282051282,0.0,0.34780023781212843,0.0015407204830016777,1804,1310,922,1517
"CARBONE, JULIUS",0.002136752136752137,9.135323372176728e-08,0.2918433524569718,0.00018418985558238713,1489,1258,2108,2158
"CARBONE, ROSALIE",0.0017094017094017094,0.0,0.29180695847362514,0.00018240761293364954,1649,1310,2111,2159
"CARBONE, SALVATORE",0.0017094017094017094,0.0,0.29180695847362514,0.00018240761293364954,1649,1310,2111,2159
CARDIAC / DR. ELI WIRT,0.001282051282051282,0.0,0.3472325270811693,0.0016632037842956701,1804,1310,968,1463
CARDINAL / CLEMDENON,0.00042735042735042735,0.0,0.32253618194348727,0.0007981979654487358,2176,1310,1719,1919
CARGIL / JOANNA CARGIL,0.013675213675213675,0.0001964546819620008,0.3696682464454976,0.02083726161156621,305,426,386,258
CARINA / CARINA WALTER,0.007264957264957265,0.0,0.37638732507640343,0.016138189098079913,562,1310,329,317
"CARLISLE, PHILLIP",0.0029914529914529912,0.0,0.303975058456742,0.0004356810804138839,1243,1310,2004,2063
CARNAGE / CLETUS KASAD,0.0038461538461538464,5.111673299269292e-07,0.3498803827751196,0.003093594447996555,1005,1120,816,1022
CARNIVORE / COUNT ANDR,0.004273504273504274,8.790077262739778e-05,0.3487852138917871,0.003416434948218583,937,532,865,967
"CARPENTER, LARRY",0.0017094017094017094,7.583019653124085e-06,0.3408594319009468,0.002042472244378953,1649,830,1193,1318
"CARPENTER, RACHEL",0.006837606837606838,8.227794643963365e-05,0.3718417289051327,0.009757346846892502,605,536,365,459
"CARRADINE, JESSICA J",0.004273504273504274,2.5562985298134e-07,0.34857738715924325,0.002609378167689488,937,1185,873,1146
CARRION,0.0017094017094017094,0.0,0.34764522359233396,0.00177459457924687,1649,1310,937,1419
CARRION II / MALCOLM M,0.0008547008547008547,0.0,0.3471295060080107,0.001530779939581883,1996,1310,992,1526
"CARSON, LT. PAUL",0.002564102564102564,4.567661686088364e-07,0.3350035790980673,0.002029057908350152,1362,1132,1397,1322
"CARTER, BRAD",0.00042735042735042735,0.0,0.23977866584691054,8.063527113855132e-06,2176,1310,2332,2333
"CARTER, PEGGY",0.019230769230769232,0.00040927378861651723,0.3916317991631799,0.02398474807092973,229,335,243,229
"CARTER, SHARON",0.01623931623931624,0.00045909547251423967,0.37584323803405073,0.014421131440200512,261,320,334,348
"CARTER, TAD",0.002564102564102564,0.0,0.346563981042654,0.006320335623670694,1362,1310,1041,644
CARTHUS,0.0038461538461538464,0.0,0.32320441988950277,0.0031460796770007332,1005,1310,1689,1011
"CASSADA, CARLOS",0.0008547008547008547,0.0,0.3007325536563424,0.00045423216841665903,1996,1310,2037,2053
"CASSADA, ROSA",0.001282051282051282,3.887360329159286e-05,0.34754195752264966,0.0016412930396269194,1804,620,946,1471
CASSIOPEIA,0.0029914529914529912,1.4616517395482766e-07,0.33462033462033464,0.0015864734790108001,1243,1232,1409,1498
CAT III / SHEN KUEI,0.0017094017094017094,0.0,0.26776519052523173,5.834930747954499e-05,1649,1310,2205,2265
CAT II,0.0008547008547008547,0.0,0.271304347826087,0.00013035388041828024,1996,1310,2189,2201
CAT MAN / HORGAN,0.003418803418803419,5.9072092320272384e-05,0.33060186493359706,0.0015245290842485994,1126,578,1503,1533
CATSEYE / SHARON SMITH,0.0059829059829059825,0.0,0.3231151615575808,0.004074588940987603,702,1310,1691,852
CENTURY,0.007692307692307693,3.0354374653526686e-05,0.37019458946369244,0.013682917282787579,530,650,382,367
CERANDA,0.0029914529914529912,4.2927718802883555e-07,0.3377598152424942,0.0017948582900554517,1243,1141,1314,1410
CEREBRO | MUTANT-X V,0.0017094017094017094,0.0,0.31758957654723124,0.0009068490385835092,1649,1310,1841,1859
CERISE II [SHI'AR],0.006837606837606838,3.6578200764325765e-05,0.34811068134483786,0.007751723492288296,605,627,894,557
CHAKA KHAN,0.001282051282051282,0.0,0.3170302127083051,0.0008006216121808347,1804,1310,1850,1918
CHAKRA,0.003418803418803419,1.2180431162902304e-07,0.34805890227576974,0.0016994806815166731,1126,1244,900,1449
"CHALMERS, JUDGE ROBE",0.0008547008547008547,5.91669642720779e-06,0.31758957654723124,0.0008873414760227986,1996,849,1841,1868
CHAMBER / JONOTHON STA,0.011538461538461539,0.0001762546735308796,0.34826611102842686,0.003912765456432826,361,446,887,872
"CHAMBERS, MR.",0.001282051282051282,0.0,0.32654200390734023,0.0011078038756094186,1804,1310,1643,1761
CHAMELEON / DMITRI SME,0.010683760683760684,9.6693568977504e-05,0.3772976459206708,0.007015666341402097,382,524,319,597
"CHAMPION, IMUS",0.002136752136752137,0.0,0.35583941605839414,0.005947987809956112,1489,1310,604,668
CHAMPION / TRYCO SLATT,0.0038461538461538464,1.0466955508681669e-05,0.3420552550796667,0.0050421664481075466,1005,777,1155,739
CHANCE,0.0038461538461538464,0.0,0.32116387592643425,0.0023365765211965255,1005,1310,1749,1218
CHANCE II / NICHOLAS P,0.00042735042735042735,0.0,0.3470780183921685,0.001198773680479419,2176,1310,1012,1690
"CHANDRA, DR.",0.001282051282051282,0.0,0.3029126213592233,0.0012113519051298262,1804,1310,2014,1679
"CHANEY, AMANDA",0.0038461538461538464,1.0860564915460266e-06,0.3495667762175082,0.005172031457506184,1005,1028,830,728
"CHANG, DR. PHILLIP",0.003418803418803419,4.5783070309641207e-07,0.3478519399435112,0.0021616571180906995,1126,1131,917,1269
CHANGELING,0.002564102564102564,0.0,0.3459491425192194,0.006931151510870977,1362,1310,1064,601
"CHANG, IMEI",0.0038461538461538464,6.355483712671201e-07,0.3295774647887324,0.0015981410558199485,1005,1091,1538,1493
CHARCOAL / CHARLIE BUR,0.016666666666666666,0.0002411246069390999,0.3721965961507873,0.014549126787086909,256,389,360,347
CHARM,0.0038461538461538464,0.00011375269227198745,0.32672437866517734,0.002085316231533045,1005,497,1637,1297
"CHATTERTON, DAVE",0.005128205128205128,1.2914025312486192e-07,0.3126670229823624,0.0015665758701916205,808,1242,1906,1505
"CHEKOV, ARTHUR ANTON",0.007264957264957265,5.453679989476017e-06,0.34998504337421477,0.0036986876188455616,562,867,814,901
CHEMISTRO / CURTIS CAR,0.00042735042735042735,0.0,0.312,0.0004918985219731966,2176,1310,1929,2035
CHEN,0.002564102564102564,0.0,0.3013522215067611,0.0005424280051352473,1362,1310,2033,2013
"CHENEY, LILA",0.010256410256410256,1.5819905942038449e-06,0.3614457831325301,0.018201284203742694,395,981,494,289
CHESBRO,0.003418803418803419,7.851936684113486e-07,0.3476968796433878,0.0021175663045970303,1126,1068,931,1283
CHI-CHEE,0.001282051282051282,0.0,0.2875752734423006,0.0002930682186741872,1804,1310,2124,2115
CHIMERA II,0.004273504273504274,0.0,0.29706741145106,0.0013683292730631838,937,1310,2061,1598
CHINA DOLL,0.00811965811965812,0.00018927960832715627,0.3288826423049895,0.003480794645029134,497,430,1583,948
CH'OD,0.01581196581196581,4.7026186120104734e-05,0.37784595511060876,0.021493288324536973,267,605,314,250
CHONDU,0.003418803418803419,1.97641996131379e-07,0.33947482953721164,0.0030190538066316194,1126,1206,1224,1040
"CHORD, ANDREW",0.008547008547008548,1.242791655498929e-05,0.33319094404100813,0.004976298143564833,468,756,1453,746
"CHURCHILL, LORD",0.004700854700854701,6.233691888074566e-07,0.33252806593718914,0.002905461250362684,861,1093,1467,1071
"CHURCH, LYNN",0.003418803418803419,3.1113359880613128e-06,0.3548680618744313,0.0034554590910196087,1126,928,630,960
"CICERO, CAESAR BIG C",0.002136752136752137,1.0529178878744773e-06,0.34774855104770397,0.0016498703180946263,1489,1030,924,1468
"CIRE, EYLA",0.002136752136752137,0.0,0.3083816552451239,0.0005568475220249429,1489,1310,1962,2001
CITIZEN V II / HELMUT,0.02094017094017094,0.0020753836855461317,0.39487006412419845,0.019265796563102688,208,156,231,275
CITIZEN V III / DALLAS,0.008974358974358974,4.962483468905447e-05,0.3613899613899614,0.005861082225920527,442,598,495,671
CITIZEN V / JOHN WATKI,0.00042735042735042735,0.0,0.28746928746928746,0.0002547187428083016,2176,1310,2127,2123
"CLAREMONT, CHRIS",0.002136752136752137,0.0,0.34977578475336324,0.005828528289755883,1489,1310,819,672
CLARITY / ,0.001282051282051282,0.0,0.3105507631055076,0.0006489759366154876,1804,1310,1945,1964
"CLARKE, GENERAL JERE",0.00641025641025641,1.1043668299893097e-06,0.32307055087670855,0.003966710934346587,653,1022,1694,867
"CLARK, JOHN",0.004273504273504274,5.856131385974749e-06,0.2767593140153755,0.00013987328996261703,937,853,2169,2188
"CLARK, SARAH",0.0038461538461538464,5.719101535392098e-06,0.27672658467360456,0.00013852764117704128,1005,859,2170,2193
CLEA,0.019230769230769232,0.0015805693399909891,0.3999316356178431,0.01641279069486957,229,192,214,311
"CLEMSON, MIKE",0.0017094017094017094,1.4185682735210552e-05,0.34811068134483786,0.002018800655197048,1649,725,894,1327
"CLINTON, BILL",0.0008547008547008547,0.0,0.35785288270377735,0.0026682910525535563,1996,1310,560,1130
CLOAK / TYRONE JOHNSON,0.017094017094017096,0.00360080275197077,0.418829425451942,0.017572322563104304,249,114,164,301
CLOUD,0.0029914529914529912,0.0,0.3437132784958872,0.005270257896858918,1243,1310,1120,713
CLOWN / CRAFTY ELIOT F,0.0038461538461538464,5.613338604716252e-05,0.29646522234891676,0.000450199491203541,1005,584,2070,2055
COACHWHIP,0.00641025641025641,0.0,0.3517739025856885,0.0019503047547906314,653,1310,723,1352
COBRA / KLAUS VORHEES,0.013675213675213675,0.000537170449554593,0.38166693850921546,0.00812007449135647,305,314,283,537
"COCKRUM, DAVE",0.0029914529914529912,0.0,0.35108777194298574,0.007436657227001815,1243,1310,753,574
"CODY, GARY",0.0038461538461538464,0.0,0.3184540010887316,0.004708843987333878,1005,1310,1804,783
"COLE, WADE",0.00641025641025641,0.0001970549707382123,0.34800713860797144,0.006085505726854765,653,423,904,660
COLLECTOR / TANELEER T,0.01623931623931624,0.00023739262372006714,0.40745255093156885,0.028650265484855438,261,390,198,188
"COLLINS, DEMITRIUS",0.00811965811965812,0.00010974946431058805,0.3534209333937472,0.0053252082716872505,497,507,668,709
"COLLINS, NICK",0.001282051282051282,0.0,0.26265574138511616,5.701414568019323e-05,1804,1310,2252,2270
"COLLINS, TRACY",0.0017094017094017094,7.308258697741382e-07,0.26271471876052543,5.756576857561555e-05,1649,1072,2249,2266
"COLON, CHERYL",0.002564102564102564,7.308258697741383e-08,0.3103036732528842,0.000616792416359189,1362,1277,1947,1979
COLOSSUS II DOPPELGA,0.01282051282051282,8.944123041646363e-06,0.3973509933774834,0.026388104481023744,326,806,223,204
COLOSSUS II / PETER RA,0.12008547008547009,0.017734680273629837,0.5018228608192151,0.11841707011914349,16,25,16,15
COMANCHE,0.0008547008547008547,0.0,0.31204160554740634,0.0004968004857014056,1996,1310,1927,2031
COMET / HARRIS MOORE,0.002564102564102564,1.0231562176837935e-06,0.32302595251242405,0.000936720003390227,1362,1032,1696,1838
COMMANDER COURAGE / ,0.001282051282051282,0.0,0.3392779469334493,0.001361009865787945,1804,1310,1231,1602
CONDOR,0.001282051282051282,0.0,0.3226251206397353,0.0008289319182314217,1804,1310,1710,1905
"CONNORS, BILLY",0.003418803418803419,0.0,0.3478519399435112,0.0030325759595636833,1126,1310,917,1036
"CONNORS, MARTHA",0.003418803418803419,0.0,0.3478519399435112,0.0030325759595636863,1126,1310,917,1035
"CONOVER, ALYSSA",0.0017094017094017094,1.2180431162902304e-07,0.2592510525149568,1.8706117738333904e-05,1649,1244,2282,2319
CONQUEST / BRIDGET MAL,0.0029914529914529912,1.2184334709426578e-05,0.3508771929824561,0.002764648271313059,1243,759,769,1106
CONSTRICTOR / FRANK PA,0.007264957264957265,0.000899952597526229,0.3832923832923833,0.00819923052525745,562,243,273,531
CONSUELA,0.001282051282051282,0.0,0.33543577981651373,0.0026363438214664207,1804,1310,1383,1138
CONTEMPLATOR / TATH KI,0.002136752136752137,6.859723133160635e-07,0.32134029112881074,0.0011197048392304696,1489,1081,1747,1755
CONTROLLER / BASIL SAN,0.00042735042735042735,0.0,0.3377598152424942,0.0012226788388201683,2176,1310,1314,1664
"COOPER, DR. VALERIE",0.03376068376068376,0.0015790827258118552,0.4280226815438083,0.04718062373168613,123,193,133,106
"COOPER, ROGER CAPS",0.003418803418803419,0.0,0.3228476821192053,0.0008574194738218546,1126,1310,1698,1892
"COOPER, WHITNEY III",0.001282051282051282,0.0,0.259222333000997,1.8523346634157815e-05,1804,1310,2284,2322
COPPERHEAD III / DAVIS,0.007692307692307693,1.4443171130376766e-05,0.35267520723436324,0.002368961606409506,530,724,688,1205
COPYCAT / VANESSA,0.008974358974358974,1.8851200374004518e-05,0.3274101021407584,0.00507028788649195,442,699,1630,736
"CORBEAU, DR. PETER",0.00641025641025641,2.6089323111303843e-05,0.38354368136371086,0.013565124598511905,653,666,272,370
"CORD, EDWIN",0.001282051282051282,0.0,0.34295764326542577,0.002835987728528464,1804,1310,1138,1091
"CORD, JANICE",0.002136752136752137,1.6151625813166877e-06,0.33859065258283894,0.0021064048494170875,1489,980,1257,1287
CORONARY / JIMMY SHARP,0.0029914529914529912,0.0,0.3251354731137974,0.0021948851374623706,1243,1310,1651,1259
CORONER,0.0017094017094017094,0.0,0.32191498142798186,0.0014083876121344882,1649,1310,1734,1582
"CORRIGAN, ARCHIBALD",0.0038461538461538464,4.38495521864483e-07,0.3454384410983171,0.001783402932218215,1005,1139,1080,1414
CORSAIR,0.017948717948717947,5.513219334593738e-05,0.3794389492459867,0.024425706882808026,237,587,302,221
"CORSI, TOM",0.006837606837606838,7.338533896216223e-07,0.3358208955223881,0.006487975655164917,605,1071,1378,633
"CORTEZ, FABIAN",0.01623931623931624,0.0002995138944806864,0.371900826446281,0.021053645027155725,261,359,363,256
COTTONMOUTH II,0.007692307692307693,6.13621161521316e-07,0.3519326214468341,0.0021056644373463086,530,1096,714,1289
COUNTERWEIGHT II / KAT,0.009401709401709401,0.0003541283532353644,0.3771760154738878,0.01032657082503954,427,347,321,442
COUNTERWEIGHT / JACK P,0.00811965811965812,0.00012380111523714447,0.35363457760314343,0.006793346566565741,497,486,663,613
"COUNT NEFARIA, LUCHI",0.009401709401709401,0.0009037083921566084,0.37778495318049726,0.015515294317126607,427,242,315,326
COURIER / JACOB GAVIN,0.0038461538461538464,2.588341622116739e-06,0.32094362913180635,0.0009657777901097345,1005,945,1755,1815
"COURTNEY, DELPHINE",0.0038461538461538464,3.321935771700628e-08,0.31784841075794623,0.003913388593451875,1005,1302,1822,871
"COWEN, BUCK",0.0017094017094017094,0.0,0.27070800555298474,7.03894752253691e-05,1649,1310,2191,2250
"COWEN, ELAINE",0.0017094017094017094,0.0,0.27070800555298474,7.038947522537012e-05,1649,1310,2191,2249
"COY, GENERAL NGUYEN",0.0038461538461538464,3.4026648875635237e-06,0.3458468814661543,0.0019538117825512774,1005,918,1068,1350
"CRAIG, REV.",0.0008547008547008547,0.0,0.31600270087778526,0.0011938626589971155,1996,1310,1859,1705
"CRAWLEY, BETRAND",0.0029914529914529912,1.4616517395482766e-07,0.3157894736842105,0.0006685400442090722,1243,1232,1860,1958
"CREED, GRAYDON",0.00641025641025641,2.1494878522768773e-08,0.35818153987448337,0.013838664596570226,653,1309,548,362
CRIMEBUSTER / FRANK MO,0.002136752136752137,0.0,0.3227141083988415,0.0009271817508729945,1489,1310,1707,1846
CRIMSON COMMANDO / FRA,0.011538461538461539,9.558506094090886e-06,0.3557312252964427,0.014217510999257272,361,798,606,353
CRIMSON COWL II / ,0.006837606837606838,5.891484827642415e-06,0.3330012807741568,0.0036428767200638273,605,851,1457,916
CRIMSON DYNAMO III / A,0.001282051282051282,1.8270646744353456e-07,0.33785734911926074,0.0012706583091065904,1804,1210,1304,1639
CRIMSON DYNAMO V / DIM,0.009829059829059829,5.496496974114937e-05,0.3713696238692271,0.010644235558146852,414,588,370,435
CRIPPLER / KARL STRIKL,0.002564102564102564,0.0,0.3013522215067611,0.0005424280051352474,1362,1310,2033,2012
CRITIC,0.0008547008547008547,0.0,0.3299027209925278,0.0011162068013590841,1996,1310,1524,1756
CROSSBONES / BROCK BIN,0.007264957264957265,0.0002644555586324511,0.3581267217630854,0.004827976493111791,562,376,552,763
CROSS / ,0.001282051282051282,0.0,0.3224917309812569,0.0011074288086514335,1804,1310,1722,1762
"CROSS-WALLACE, SIR G",0.0008547008547008547,0.0,0.28284781820379545,0.00013195237015967322,1996,1310,2145,2199
CR'REEE,0.012393162393162393,1.299730122268227e-05,0.36016623056795444,0.01632228055456988,335,742,526,313
CRUCIBLE / BYRON CALLE,0.006837606837606838,7.843660795091411e-06,0.3620609624013616,0.009447137405109404,605,824,481,477
CRULE,0.0017094017094017094,0.0,0.3029518384256862,0.001446170075774747,1649,1310,2013,1563
CRYSTAL [INHUMAN],0.06794871794871794,0.005833385409961825,0.47129909365558914,0.0883376371495808,47,74,41,39
"CUSHING, KATE",0.015384615384615385,2.6931086669922978e-05,0.3534209333937472,0.005267025458237239,275,663,668,714
CUT,0.0017094017094017094,0.0,0.3269069572506287,0.00202270800837028,1649,1310,1636,1325
CUTTHROAT / DANIEL LEI,0.002564102564102564,0.0,0.2928660826032541,0.00048719374662857415,1362,1310,2095,2043
CYANIDE JANE,0.0008547008547008547,0.0,0.3082597813199842,0.0005938251836467578,1996,1310,1966,1987
CYBELE [ETERNAL],0.0038461538461538464,0.0,0.3125,0.0013626160260274069,1005,1310,1910,1600
CYBERMANCER / DR. SUZI,0.002136752136752137,0.0,0.3355319759105248,0.002738530223106151,1489,1310,1380,1111
CYBER,0.001282051282051282,0.0,0.3435114503816794,0.0013467315376278451,1804,1310,1127,1607
CYCLONE II / PIERRE FR,0.0059829059829059825,4.065730572852987e-06,0.33186782016735217,0.0032024072120057914,702,896,1490,995
CYCLOPS DOPPELGANGER,0.006837606837606838,0.0,0.38104543234000976,0.01506737532488614,605,1310,290,337
CYCLOPS / SCOTT SUMMER,0.13675213675213677,0.020752912388304356,0.5067128627111304,0.12505777110668606,7,17,8,6
CYNAS,0.002136752136752137,0.0,0.3380525859578157,0.001537240750004989,1489,1310,1295,1521
CYPHER / DOUG RAMSEY,0.02735042735042735,0.0031880863235462615,0.40344827586206894,0.029115518134913816,156,118,209,181
CY-PHYRR 4,0.0017094017094017094,0.0,0.32191498142798186,0.0014083876121344858,1649,1310,1734,1584
"DA COSTA, EMMANUEL",0.0008547008547008547,0.0,0.3130434782608696,0.0011560086096313517,1996,1310,1900,1723
DAGGER / TANDY BOWEN,0.02094017094017094,0.0047178892597992544,0.42406669083001086,0.02440025739956341,208,90,145,222
DAKIMH THE ENCHANTER,0.0008547008547008547,0.0,0.27458343111945555,8.976619295681141e-05,1996,1310,2180,2218
"DAMIAN, DR. DANIEL",0.002564102564102564,0.0,0.3107982467791207,0.0008057415253970708,1362,1310,1940,1915
"DAMIAN, MARGO",0.00811965811965812,4.778357241938078e-05,0.3415061295971979,0.002888429420112412,497,603,1173,1075
"D'ANGELO, LIEUTENANT",0.0038461538461538464,4.983223892085771e-05,0.3020914020139427,0.0004063592988891982,1005,596,2022,2083
DANSEN MACABRE,0.005128205128205128,0.0002201902312052963,0.3581267217630854,0.005189390206306154,808,401,552,727
DARCO,0.002564102564102564,0.0,0.26057906458797325,0.0001722538153303044,1362,1310,2268,2175
DAREDEVIL DOPPELGANG,0.0008547008547008547,0.0,0.3403141361256545,0.001920799136072018,1996,1310,1209,1367
DAREDEVIL / MATT MURDO,0.09829059829059829,0.0387266488520474,0.4904632152588556,0.09281263691110966,28,7,23,35
"DARE, KATHLEEN",0.003418803418803419,5.176683244233479e-07,0.33859065258283894,0.001992928042870581,1126,1119,1257,1334
DARK BEAST / HENRY MCC,0.010683760683760684,0.0001003631630682833,0.3627906976744186,0.01629812443887266,382,519,467,314
DARK COUNSEL / VARTU,0.0017094017094017094,1.2180431162902304e-07,0.3203285420944558,0.0008715604195279749,1649,1244,1772,1877
DARKHAWK / CHRIS POWEL,0.03675213675213675,0.010669787582776234,0.4493950451315537,0.059198796071508346,111,47,82,83
DARK MOTHER / FINALITY,0.0008547008547008547,0.0,0.3082597813199842,0.0005649459868856008,1996,1310,1966,1999
DARKOTH / MAJOR DESMON,0.001282051282051282,0.0,0.340512223515716,0.00266965851996664,1804,1310,1201,1129
DARKSTAR / LAYNIA SERG,0.01752136752136752,0.0004490389590352464,0.43157506455182587,0.03250320552291858,240,321,122,166
DARLA,0.002136752136752137,3.654129348870691e-07,0.32934553131597466,0.0010933716023553389,1489,1150,1546,1765
"D'AURIA, JACK",0.0008547008547008547,0.0,0.28634361233480177,0.0001564568548043894,1996,1310,2130,2178
DAYTRIPPER / AMANDA SE,0.015384615384615385,0.0009257810494376874,0.3612225995677678,0.01897703865706166,275,236,499,280
DAZZLER / BURTRAM WORT,0.0008547008547008547,0.0,0.3325753268902786,0.0012683496446741678,1996,1310,1465,1641
DAZZLER II / ALLISON B,0.03205128205128205,0.0025307828772892452,0.43397626112759646,0.04374535555509166,127,137,111,117
DEADBOLT,0.002564102564102564,0.0,0.26533620591903845,0.00030203310621454085,1362,1310,2231,2108
DEADPOOL / JACK / WADE W,0.013675213675213675,0.0064506646455253286,0.33423796600485645,0.004806182621230989,305,67,1439,764
DEATH,0.02094017094017094,0.0014101954190098272,0.43648573027420257,0.03857542673343599,208,198,105,139
DEATH ADDER,0.005128205128205128,7.185220230407704e-07,0.351985559566787,0.0019777839850060337,808,1074,711,1342
DEATHBIRD [SHI'AR],0.013247863247863248,4.4486989569448276e-05,0.3804259470004877,0.021897001370133784,315,608,295,245
DEATHCRY [SHI'AR],0.00641025641025641,0.0,0.3746397694524496,0.014947708042565499,653,1310,343,340
DEATHLOK / COLONEL LUT,0.001282051282051282,0.0017086708835319345,0.3385416666666667,0.0012471291937042094,1804,181,1262,1646
DEATHLOK III / MICHAEL,0.00641025641025641,0.007008193753209026,0.35605599513085817,0.005663646289822614,653,63,597,683
DEATH'S HEAD,0.0029914529914529912,0.0,0.3225806451612903,0.0010600357166439364,1243,1310,1714,1784
DEATH-STALKER,0.001282051282051282,0.0,0.33538770245091015,0.0021469410924261955,1804,1310,1384,1276
DEATHURGE,0.002136752136752137,0.00010067203982480859,0.3247744621790423,0.0018272932789046362,1489,516,1655,1395
DEATHWATCH / STEPHAN L,0.002564102564102564,4.872172465160922e-07,0.30520412155993215,0.00041846185907327846,1362,1124,1988,2068
DECAY II / YOSHIRO HAC,0.003418803418803419,3.27193648615231e-06,0.348681269557443,0.003401044748276161,1126,922,868,969
"DE LA FONTAINE, CONT",0.017948717948717947,0.0015896642474685417,0.4186046511627907,0.019908626723487106,237,189,165,269
"DE LA SPIROSA, COUNT",0.001282051282051282,0.0,0.33785734911926074,0.0015351720583154959,1804,1310,1304,1525
"DELGADO, FATHER",0.0029914529914529912,0.0,0.303975058456742,0.00043568108041388415,1243,1310,2004,2061
DELILAH,0.004700854700854701,1.962061672520729e-06,0.34826611102842686,0.0027999530185029305,861,962,887,1098
DELPHI,0.004273504273504274,0.0,0.3369330453563715,0.0022668888249839977,937,1310,1360,1241
"DELPHIS, SIR",0.0038461538461538464,0.0,0.33233915636983385,0.0018515718857785887,1005,1310,1478,1390
DEMOGOBLIN,0.002136752136752137,4.698166305690889e-07,0.34743875278396436,0.0017026358144080524,1489,1127,952,1446
DEMOLITION MAN / DENNI,0.015384615384615385,0.00021135996167656487,0.39006501083513917,0.025230778115018834,275,412,247,213
DEMONICUS / DR. DOUGLA,0.0038461538461538464,0.0,0.34961900493052445,0.0082092693314151,1005,1310,827,530
DESIGNATE / TARENE,0.002136752136752137,0.0,0.33771106941838647,0.0025297368896504808,1489,1310,1328,1161
DESTINY II / IRENE ADL,0.01581196581196581,6.660167576923543e-05,0.37827352085354027,0.023118758003825044,267,560,311,235
DESTROYER III,0.007264957264957265,5.368309286840503e-06,0.3471295060080107,0.00603846695123464,562,870,992,664
DESTRUCTOR / PROFESSOR,0.00042735042735042735,0.0,0.3122914720405712,0.0006273814675904481,2176,1310,1916,1975
DEUCE,0.002136752136752137,0.00017536844202684153,0.33385647025253246,0.0012723509768397046,1489,447,1443,1638
DEVIL DINOSAUR,0.0038461538461538464,0.0,0.32116387592643425,0.002336576521196524,1005,1310,1749,1220
"DEVILLE, ARCADIA",0.0029914529914529912,0.0,0.3136729222520107,0.002276355566527788,1243,1310,1885,1237
DEVIL-SLAYER / ERIC SI,0.007264957264957265,5.778305643349375e-05,0.38876889848812096,0.01219821651003056,562,581,250,402
DEVLOR,0.0059829059829059825,0.00039478602799343255,0.3478519399435112,0.006638372386610868,702,340,917,624
DEVOS THE DEVESTATOR,0.0029914529914529912,0.0,0.34110787172011664,0.004731551261625183,1243,1310,1187,780
"DEWITT, KEARSON",0.001282051282051282,0.0,0.3383458646616541,0.0019474278190169379,1804,1310,1277,1355
"DEWOLFF, JEAN",0.00641025641025641,2.2517859405870986e-05,0.3643724696356275,0.00638640820365592,653,683,452,641
DIABLO / ESTEBAN DE AB,0.0029914529914529912,0.0,0.35895075931891396,0.007228708826763157,1243,1310,535,586
DIAMONDBACK II / RACHE,0.022222222222222223,0.0007187419153822704,0.3676355066771406,0.011329727245408237,193,282,411,420
"DIAMOND, BOB",0.00641025641025641,0.00012318717538593806,0.3246392896781354,0.001735389298276236,653,488,1659,1436
DIAMONDHEAD / DYKER,0.003418803418803419,4.796894979582991e-05,0.3439153439153439,0.002179520271794862,1126,602,1116,1265
DIAMOND LIL / LILLIAN,0.01581196581196581,0.00014192571178043802,0.36049915267293176,0.011101766931284476,267,472,519,424
DIGGER,0.002564102564102564,0.0,0.26770392403615145,0.0002693629224252075,1362,1310,2206,2119
"DILLON, BERNIE",0.003418803418803419,0.0,0.3228476821192053,0.0008574194738218544,1126,1310,1698,1894
DINAH-SOAR,0.003418803418803419,7.1257482472414e-07,0.3565442632942252,0.004410290431554449,1126,1075,579,814
DINU,0.005555555555555556,3.045107790725576e-08,0.32338308457711445,0.003668742864102532,754,1304,1684,909
DIONYSUS [GREEK GOD],0.0017094017094017094,0.0,0.3425559947299078,0.002612324139461239,1649,1310,1148,1144
DISCUS,0.00042735042735042735,0.0,0.23923934158061547,6.624214805164765e-06,2176,1310,2333,2334
DIVINITY,0.0017094017094017094,8.981786876370117e-07,0.25562595586628795,5.7512813516079304e-05,1649,1046,2303,2267
D'KEN [SHI'AR],0.005555555555555556,0.0,0.351985559566787,0.008951398665223317,754,1310,711,497
D.O.A.,0.006837606837606838,1.378412380332525e-06,0.2986217457886677,0.0017529973300862227,605,1004,2045,1429
"DOCKERY, RUPERT",0.00042735042735042735,0.0,0.2319127849355798,3.627422749311819e-06,2176,1310,2336,2336
DOC SAMSON / DR. LEONA,0.02264957264957265,0.0011375434549271784,0.4373831775700935,0.03743417875197422,182,218,99,144
DOCTOR DREDD,0.0008547008547008547,0.0,0.2663328021852948,7.736156562170592e-05,1996,1310,2224,2237
"DOLAN, CAPT. THOMAS",0.001282051282051282,0.0,0.2863786562232285,0.00016057698548307175,1804,1310,2128,2176
"DOLAN, STACY",0.003418803418803419,2.7985327941361682e-05,0.30528375733855184,0.00041756386538397794,1126,660,1986,2070
DOLLAR BILL,0.003418803418803419,1.1429591351390523e-06,0.33981992448446124,0.0036385107696243774,1126,1020,1218,917
DOMINA,0.0017094017094017094,2.9923959267077763e-06,0.33732160876459566,0.0031727514973863193,1649,932,1341,998
DOMINO III / BEATRICE / ,0.01452991452991453,0.0002621248505452295,0.35687052005490316,0.01460535585335471,291,377,575,345
DOMO,0.002136752136752137,0.0,0.3123331553657234,0.0010494744546496752,1489,1310,1912,1786
"DONALDSON, LINDA",0.001282051282051282,0.0,0.34285714285714286,0.00347667953764688,1804,1310,1140,956
"DONLEAVY, HANNAH",0.0008547008547008547,0.0,0.3378085751407536,0.001373579306025562,1996,1310,1309,1593
DOORMAN,0.003418803418803419,7.1257482472414e-07,0.3565442632942252,0.004410290431554446,1126,1075,579,817
DOPPELGANGER,0.001282051282051282,0.0,0.34718100890207715,0.0012950122637497292,1804,1310,976,1634
"DORCAS, LEMUEL DR.",0.0017094017094017094,0.0,0.32920652785593696,0.0012387494587789514,1649,1310,1564,1652
DORMA [ATLANTEAN],0.005128205128205128,6.959987205350684e-05,0.3532608695652174,0.004217407840498537,808,552,675,839
DORMA II [ATLANTEAN],0.003418803418803419,0.002469452165826142,0.34200526161940953,0.004796354119000614,1126,141,1157,769
DORMAMMU,0.010256410256410256,0.00034683807023034923,0.3844889911271771,0.01456203455099569,395,348,267,346
"DORNOVA-BLONSKY, NAD",0.0008547008547008547,0.0,0.33438125178622463,0.0011934790545514848,1996,1310,1423,1706
DORREK [SKRULL],0.0017094017094017094,0.0,0.3416058394160584,0.004785599770626577,1649,1310,1167,772
DOUGHBOY,0.00042735042735042735,0.0,0.2600288920991221,1.7812716827729277e-05,2176,1310,2273,2323
"DOVER, DONNA-LEE",0.003418803418803419,0.0,0.3228476821192053,0.0008574194738218544,1126,1310,1698,1894
DRACULA | MUTANT X-V,0.0017094017094017094,0.0,0.31758957654723124,0.0009068490385835092,1649,1310,1841,1859
DRACULA / VLAD TEPES,0.004700854700854701,0.0020207730371422966,0.35955746773202213,0.003679949710409437,861,161,530,905
"DRAGONBLOOD, ULYSSES",0.003418803418803419,8.187447714011023e-08,0.3137991149255733,0.0024190595232497607,1126,1274,1882,1191
DRAGONESS,0.001282051282051282,0.0,0.3083816552451239,0.0007971156934346394,1804,1310,1962,1922
DRAGONFLY / VERONICA D,0.0008547008547008547,0.0,0.2890673255095738,0.0002772199384648367,1996,1310,2122,2118
DRAGON MAN,0.0059829059829059825,3.861434962999861e-06,0.36027713625866054,0.008801430578513963,702,902,524,506
"DRAKE, CARLTON",0.0008547008547008547,0.0,0.35108777194298574,0.0019969716459281557,1996,1310,753,1332
"DRAKE, FRANKLIN",0.0029914529914529912,0.00019073192482989358,0.3294846522106449,0.0010386062052795443,1243,428,1541,1792
"DRAKE, MADELINE BEAT",0.0008547008547008547,0.0,0.32902137232845896,0.0011386974372701202,1996,1310,1576,1733
"DRAKE, WILLIAM ROBER",0.002136752136752137,1.028370436600635e-05,0.34125710952311505,0.004515638666802601,1489,780,1183,798
"DRAN, DAMON",0.00042735042735042735,0.0,0.32754759238521836,0.0009795357365479731,2176,1310,1627,1800
DRAX / ARTHUR DOUGLAS,0.040170940170940174,0.0022506031342163124,0.45419254658385094,0.06724857878229586,92,148,75,67
DR. BONG,0.0008547008547008547,0.0,0.24349635796045785,1.2485218087503233e-05,1996,1310,2331,2326
DR. DECIBEL / ANTON DE,0.004700854700854701,0.0,0.28267697511476203,0.0006880082332044933,861,1310,2147,1952
DR. DOOM CLONE / VICTO,0.002564102564102564,0.0,0.34320915224405985,0.006208374355406461,1362,1310,1134,649
DR. DOOM / VICTOR VON,0.06495726495726496,0.004270122139206847,0.46846846846846846,0.0899736302331813,50,101,45,36
DR. DRUID / ANTHONY LU,0.03461538461538462,0.0024852516481545877,0.45322486926205696,0.06435381002466359,120,139,78,74
"DREYFUSS, RACHEL",0.0059829059829059825,0.0,0.33238636363636365,0.004044946030801519,702,1310,1477,856
DR. FAUSTUS,0.001282051282051282,9.135323372176728e-08,0.3508771929824561,0.0017055786252910495,1804,1258,769,1445
DR. NEMESIS / DR. STOC,0.001282051282051282,0.0,0.29209836474847084,0.0004926223735837172,1804,1310,2098,2034
DR. OCTOPUS II / CAROL,0.0059829059829059825,0.0009042487814263757,0.3488372093023256,0.002643354553176224,702,241,861,1135
DR. OCTOPUS / OTTO OCT,0.029487179487179487,0.0010042106286437425,0.42935779816513764,0.03741575215899985,144,228,129,145
DR. SPECTRUM II / DR.,0.0038461538461538464,2.170372104534588e-05,0.3485254691689008,0.003136134033070383,1005,686,878,1013
DR. SPECTRUM / JOSEPH,0.014957264957264958,0.00115083834919346,0.38398424680013127,0.013431954860328136,284,215,269,373
DR. STRANGE / STEPHEN,0.09188034188034189,0.029114574705527606,0.4899497487437186,0.09809510765244334,32,8,27,30
DR. SUN,0.0038461538461538464,0.00022676746314295384,0.32329372754904667,0.0009762138025698654,1005,395,1687,1805
DR. SYNNE,0.00042735042735042735,0.0,0.3046875,0.00039007408739966223,2176,1310,1995,2088
DRUID / DREDMUND CROMW,0.002136752136752137,0.0,0.36533957845433257,0.0035066865421913077,1489,1310,439,939
DRUIG,0.00042735042735042735,0.0,0.2687492821867463,0.00011499244409226996,2176,1310,2202,2208
"DRUMM, JERICHO",0.001282051282051282,1.725185249650828e-06,0.33018202342316916,0.0010458815300035302,1804,973,1514,1788
D'SPAYRE,0.002136752136752137,0.00011900849213197619,0.3291602194401463,0.0011893524004150764,1489,492,1569,1710
"DUBOIS, NOAH",0.0017094017094017094,0.0,0.26133571588117044,6.880949220343572e-05,1649,1310,2265,2253
"DUGAN, TIMOTHY ALOYI",0.031196581196581197,0.002784179262470332,0.43812020220932407,0.04254818741211608,136,128,97,119
"DUNCAN, FRED",0.0008547008547008547,0.0,0.3384926949226096,0.0023914675513410583,1996,1310,1265,1197
"DUNHAM, LAURA",0.003418803418803419,0.0,0.3276851981515194,0.002311576494839218,1126,1310,1622,1232
DWELLER IN DARKNESS,0.002564102564102564,0.00015310457303156007,0.32920652785593696,0.0014658423588647562,1362,463,1564,1560
"DWORMAN, JIM",0.00042735042735042735,0.0,0.26259679048367185,5.588357797780912e-05,2176,1310,2255,2272
DYNA-MITE / ROGER AUBR,0.012393162393162393,0.002631306246116497,0.3619489559164733,0.00620535701652435,335,133,485,650
EARTHQUAKE,0.003418803418803419,8.648106125660636e-07,0.2959777384265115,0.0008347228627962517,1126,1054,2074,1903
EBONY,0.008547008547008548,5.307176329558058e-07,0.36996047430830037,0.018971121330362415,468,1117,384,281
ECHO / MAYA LOPEZ,0.001282051282051282,0.0,0.33191489361702126,0.0013972058275792565,1804,1310,1487,1586
"EDGERTON, GAYLE",0.001282051282051282,0.0,0.28125,0.00046915764540219186,1804,1310,2152,2048
"EDWARDS, MARTIN / DR.",0.0008547008547008547,0.0,0.2815206929740135,0.0007218305995428553,1996,1310,2151,1939
EEL II / EDWARD LAVELL,0.00042735042735042735,0.0,0.27139874739039666,7.581556955486069e-05,2176,1310,2188,2238
EEL / LEOPOLD STRYKE,0.0029914529914529912,1.3740253257566856e-06,0.35166816952209196,0.002442269626231744,1243,1006,725,1183
EENY,0.0059829059829059825,1.7188941296553783e-07,0.3565442632942252,0.009995283097024231,702,1222,579,451
EGGHEAD / PROF. ELIHAS,0.0038461538461538464,0.0,0.3691433980123048,0.01037505132016811,1005,1310,393,439
EGO,0.005128205128205128,1.5930709517248355e-05,0.35524517989980264,0.008527179033930724,808,710,618,512
EIGHTBALL,0.0017094017094017094,0.0,0.32925284930350357,0.0009489741519142313,1649,1310,1555,1833
EITRI,0.006837606837606838,1.2775292859485427e-05,0.3313039784793997,0.00501200354056724,605,749,1499,743
EL AGUILA,0.0008547008547008547,0.0,0.3200218818380744,0.0009596195274779127,1996,1310,1795,1819
ELECTRO / MAX DILLON,0.010256410256410256,2.721571210962692e-05,0.3965429588205389,0.015245855907362283,395,662,226,333
ELECTRON,0.002136752136752137,0.0,0.29586546971804273,0.0008125330697479132,1489,1310,2077,1911
ELEKTRA / ELEKTRA NATC,0.004700854700854701,0.0025925278845989963,0.3577981651376147,0.0035397986347717957,861,136,562,934
ELEKTRA | MUTANT X-V,0.004700854700854701,3.1321108704605917e-07,0.3178915908164652,0.0009739116765172217,861,1174,1821,1806
ELITE / ,0.002564102564102564,0.0,0.291879755519521,0.00018592786061577053,1362,1310,2102,2149
"ELLIS, KEN",0.006837606837606838,0.0004316296082427733,0.34914950760966873,0.003079332479162496,605,325,850,1025
ELSIE DEE,0.003418803418803419,1.5806901151980986e-06,0.3463587921847247,0.0027278346595337125,1126,982,1047,1116
ELYSIUS,0.003418803418803419,2.856076384464723e-06,0.32450422964914716,0.0025458132999033414,1126,939,1660,1159
EMBER,0.001282051282051282,0.0,0.3443708609271523,0.002451921086606352,1804,1310,1104,1180
EMPATH / MANUEL ALFONS,0.00811965811965812,5.972341690833544e-06,0.3409090909090909,0.006735213304348883,497,848,1192,618
EMPLATE / MARIUS ST. C,0.00641025641025641,5.897899276040321e-06,0.2972560975609756,0.001443056138194442,653,850,2058,1573
EMPRESS S'BYLL [SKRU,0.002136752136752137,5.095522898136553e-07,0.32173793482744395,0.0012342688363257697,1489,1121,1742,1660
ENCHANTRESS / AMORA / HE,0.03974358974358974,0.0020721160429413503,0.43673012318029114,0.05206649047493086,96,157,103,97
ENFORCER / DELAZNY,0.00042735042735042735,0.0,0.30174081237911027,0.00034231608328789715,2176,1310,2031,2103
ENRAKT,0.004273504273504274,8.733619986520528e-07,0.3380037555972844,0.0024129689685446947,937,1051,1297,1193
ENTITY,0.002136752136752137,0.0,0.3484216795711733,0.005752089003083405,1489,1310,884,676
EON,0.002564102564102564,0.0,0.3269526337851055,0.0020632400388332583,1362,1310,1634,1308
EPOCH,0.0038461538461538464,6.888699462688866e-07,0.3559476726498327,0.005392253574025661,1005,1080,600,704
ERG,0.004700854700854701,3.4666111543352753e-07,0.3459491425192194,0.0056401267670690815,861,1160,1064,684
ERIC THE RED [SHI'AR,0.003418803418803419,0.0,0.3517210281076206,0.007933255057563354,1126,1310,724,545
ERISHKIGEL II / HOLLY,0.002136752136752137,0.0,0.334142510352706,0.002362605610003949,1489,1310,1441,1208
"ERWIN, CLYTEMNESTRA",0.0029914529914529912,6.036058787787264e-06,0.3437132784958872,0.003473023503292354,1243,846,1120,958
"ERWIN, MORLEY",0.002564102564102564,1.5225538953627878e-07,0.3384926949226096,0.0019424163929431034,1362,1230,1265,1359
ESON [CELESTIAL],0.001282051282051282,1.8270646744353456e-07,0.22025602409638553,2.0260686929779685e-06,1804,1210,2337,2337
ETERNITY / ADAM QADMON,0.029487179487179487,0.0008850404539190917,0.43681164831062164,0.0552747622728432,144,246,102,88
"EVANS, DORIS",0.0017094017094017094,0.0,0.3416058394160584,0.004785599770626577,1649,1310,1167,772
EXECUTIONER II / SKURG,0.014957264957264958,0.00015439763924604888,0.38767395626242546,0.02262576084802777,284,462,254,240
EXODUS / BENNET DUPARI,0.009829059829059829,6.530973765435095e-05,0.3490974190660898,0.006196866218995257,414,563,851,651
EXPEDITER II / ZOE CUL,0.003418803418803419,0.0024265318168366465,0.34759358288770054,0.0020271209679887893,1126,144,942,1323
EXPEDITER / JOHN WRAIT,0.0017094017094017094,0.0,0.3449292452830189,0.001997628482915061,1649,1310,1092,1331
"FAIRMONT, AMANDA MAN",0.001282051282051282,0.0,0.33707865168539325,0.0012886126064282583,1804,1310,1349,1635
"FAIRMONT, HANNAH",0.008974358974358974,1.4945506234892363e-05,0.3397212543554007,0.004543476506599497,442,720,1219,793
FALCONA [INHUMAN],0.002564102564102564,0.0,0.30809743252139565,0.0012041900119601115,1362,1310,1970,1682
FALCON / SAM WILSON,0.05042735042735043,0.005132181760619846,0.4574780058651026,0.061206029169345616,69,87,63,79
FALLEN | MUTANT X-VE,0.004273504273504274,2.436086232580461e-07,0.31784841075794623,0.0009642988310129613,937,1188,1822,1817
FALZON,0.003418803418803419,0.0,0.33342832715873466,0.004378390093940555,1126,1310,1449,819
FAMINE / AUTUMN ROLFSO,0.007264957264957265,3.3670968226768614e-07,0.3493058665472459,0.008372221234738558,562,1168,841,520
FANCY DAN,0.0017094017094017094,0.00042716772088298395,0.3472840605520926,0.0014415611592708548,1649,327,961,1575
FANDRAL [ASGARDIAN],0.03803418803418803,0.002684842211382871,0.4204096298957959,0.028094059518587677,104,131,158,192
FANTASMA,0.007264957264957265,0.0,0.3580171358629131,0.007342847844742341,562,1310,557,580
"FARGO, FLAGG",0.00042735042735042735,0.0,0.29411764705882354,0.00024823165894486787,2176,1310,2085,2125
"FARREL, MIKE",0.001282051282051282,0.0,0.35166816952209196,0.0024145621053043376,1804,1310,725,1192
FATALE / PAMELA GREENW,0.0029914529914529912,1.2350398956611612e-07,0.32667876588021777,0.0032413482747470027,1243,1243,1641,987
"FENSTER, RICHARD",0.002136752136752137,0.0,0.3470780183921685,0.0043493260181753585,1489,1310,1012,822
FERAL / MARIA CALLASAN,0.020085470085470087,0.00025903125091782336,0.36937647987371747,0.02515202126022605,225,381,389,215
FER DE LANCE / TERESA,0.007264957264957265,5.894756098473809e-07,0.3518796992481203,0.0021235673187601717,562,1106,718,1281
"FERGUSON, ISABEL",0.0017094017094017094,0.0,0.2574540653537243,3.050350856072352e-05,1649,1310,2296,2302
FEROCIA / ,0.0008547008547008547,0.0,0.35082458770614694,0.0014973534493522068,1996,1310,780,1544
FERON,0.0038461538461538464,0.0,0.3281447202355911,0.0028579053402254906,1005,1310,1618,1088
"FERRARI, CONNIE",0.002564102564102564,1.4004492915497203e-06,0.354814253222138,0.002805284140974127,1362,999,632,1097
FERRIS,0.0029914529914529912,0.0,0.3479553903345725,0.006617783317151447,1243,1310,910,626
FERRO2,0.00811965811965812,0.00018927960832715627,0.3288826423049895,0.0034807946450291323,497,430,1583,951
"FIELSTEIN, FIREWORKS",0.004700854700854701,1.000347683369837e-06,0.32418952618453867,0.0023880884025131266,861,1035,1666,1198
FIFOLET,0.001282051282051282,0.0,0.3206797313964643,0.0009119841004357661,1804,1310,1762,1857
FIN FANG FOOM / MIDGAR,0.002136752136752137,0.0,0.3384437373445184,0.001986632287182076,1489,1310,1268,1336
FIREBIRD / BONITA JUAR,0.017094017094017096,2.3508197867309454e-05,0.4049143450423949,0.03407947366688843,249,681,204,158
FIREBRAND / GARY GILBE,0.0008547008547008547,0.0,0.3378085751407536,0.0012348633180397862,1996,1310,1309,1659
FIRE EATER / TOMAS,0.002136752136752137,0.0,0.2719665271966527,0.00010880941437297336,1489,1310,2187,2209
FIREFALL III / ARCHIE,0.001282051282051282,0.0,0.2663631189527604,7.875689030880719e-05,1804,1310,2222,2235
FIREFALL IV / TARN,0.0038461538461538464,0.0,0.2468354430379747,1.8923393629824026e-05,1005,1310,2322,2316
FIREFIST / RUSTY COLLI,0.02094017094017094,0.00029069349278052945,0.3616692426584235,0.017463600134640846,208,363,489,302
FIRELORD / PYREUS KRIL,0.018376068376068377,0.0004867978811672919,0.4254545454545455,0.032143306325263056,234,317,140,168
FIRESTAR / ANGELICA JO,0.0594017094017094,0.01061622117888186,0.4666001994017946,0.07410426697813607,54,48,47,55
FIRESTRIKE / DALTON BE,0.002564102564102564,0.0,0.3257691772240011,0.002326379769069727,1362,1310,1647,1226
FIREWALL / THEARY / MIN,0.00641025641025641,4.479261120987724e-08,0.33248081841432225,0.004456115148745894,653,1293,1470,809
"FISK, VANESSA",0.005555555555555556,1.4025126455260868e-05,0.35368802902055624,0.004446230684618042,754,726,661,810
FITCH / ,0.001282051282051282,0.0,0.3224917309812569,0.0011074288086514313,1804,1310,1722,1763
"FITZROY, TREVOR",0.0038461538461538464,0.00013057226672423617,0.3403141361256545,0.002887536536510274,1005,482,1209,1076
FIXER II / PAUL NORBER,0.022222222222222223,0.0015866319480599734,0.4033787278055508,0.025815041106125293,193,191,210,205
FIXX,0.0017094017094017094,0.0,0.31784841075794623,0.0009370710649914969,1649,1310,1822,1836
FIZ [SKRULL],0.009829059829059829,0.0001379245164912941,0.36066584463625156,0.0177614712659274,414,475,513,297
FLAG-SMASHER,0.00042735042735042735,0.0,0.3507719982011692,0.0014456122137333884,2176,1310,786,1564
FLATMAN,0.003418803418803419,7.1257482472414e-07,0.3565442632942252,0.004410290431554449,1126,1075,579,814
FLEX / ADRIAN CORBO,0.008974358974358974,1.180792423059438e-05,0.3238754325259516,0.005157197350571896,442,764,1673,730
"FLORES, JAMIE",0.0029914529914529912,8.841182650836219e-06,0.3364002300172513,0.0031140882352732368,1243,810,1374,1020
FLY,0.00042735042735042735,0.0,0.3470780183921685,0.001198773680479419,2176,1310,1012,1690
FLYING TIGER,0.0038461538461538464,0.0,0.3076923076923077,0.0015627802551140158,1005,1310,1971,1507
"FONDOZZI, MICKEY",0.002564102564102564,8.221791034959055e-07,0.291879755519521,0.00020623714972775343,1362,1060,2102,2140
FONTANELLE / GLORIA DA,0.003418803418803419,1.3093963500119974e-06,0.32089961601755346,0.0009575101634727349,1126,1013,1756,1822
FOOL,0.005555555555555556,0.0,0.3710163310607262,0.010000001059750784,754,1310,374,450
FOOLKILLER II / GREG S,0.001282051282051282,0.001708670883531935,0.3472840605520926,0.0011990094758468444,1804,180,961,1688
FOOLKILLER III / KURT,0.0008547008547008547,0.0,0.25782282944028206,1.194860463658408e-05,1996,1310,2288,2330
FORCE / CLAYTON WILSON,0.0008547008547008547,0.0,0.33829694954460027,0.001763116738525515,1996,1310,1284,1421
FOREARM,0.010683760683760684,0.00022768749187215695,0.355893536121673,0.01275442621367778,382,394,603,390
FOREIGNER / RAFAEL BAS,0.004273504273504274,0.0,0.34800713860797144,0.0032109117380818165,937,1310,904,993
FORGE,0.04230769230769231,0.0062762066817354314,0.43413729128014844,0.0547241795514991,89,69,109,90
FORGOTTEN ONE / GILGAM,0.017094017094017096,0.0009449408556220525,0.3875455448824114,0.02410969896897261,249,233,255,225
"FORRESTER, CAPT. ALE",0.005128205128205128,0.0,0.3530476765238383,0.011506435789846014,808,1310,681,417
FORTUNATO,0.0029914529914529912,6.221222030995387e-07,0.34811068134483786,0.0021314965516749614,1243,1094,894,1278
"FORTUNATO, GIACOMO J",0.0017094017094017094,2.2629539568467098e-07,0.3478519399435112,0.0016481720981209376,1649,1200,917,1469
FOXBAT,0.005128205128205128,3.2347458739980324e-07,0.34935801731860255,0.008368749172457411,808,1172,839,522
FOXFIRE / OLIVIA UNDER,0.0059829059829059825,3.187112105832119e-07,0.2829846414318539,0.0008820270629778752,702,1173,2140,1871
FRANKENSTEIN MONSTER,0.00042735042735042735,0.0,0.3377598152424942,0.0012226788388201683,2176,1310,1314,1664
"FREEMAN, DEREK",0.00042735042735042735,0.0,0.3507719982011692,0.0014456122137333884,2176,1310,786,1564
"FREEMAN, DUANE JEROM",0.004700854700854701,0.0,0.3671740153773733,0.011348288999718655,861,1310,418,419
FREE SPIRIT / CATHY WE,0.0059829059829059825,1.1037706892629516e-05,0.3608326908249807,0.007903123434155987,702,771,506,547
FRENCHIE / JEAN-PAUL D,0.0059829059829059825,0.00028895606932578637,0.3508771929824561,0.0021171491411678526,702,364,769,1284
FRIDAY,0.0038461538461538464,0.0,0.340165721761884,0.002434436077407497,1005,1310,1213,1185
"FRIEDLANDER, SHARON",0.009401709401709401,4.0580941035531765e-06,0.35438437074057244,0.013524334600275625,427,897,647,371
FRIGGA,0.011111111111111112,7.259585661224368e-06,0.34021517883105556,0.005204680371771185,374,833,1212,724
FROG MAN / FROG LE BLA,0.0017094017094017094,0.0,0.27702142772581984,0.00019821834243326597,1649,1310,2161,2146
FROG-MAN II / EUGENE P,0.0008547008547008547,0.0008547008547008545,0.34718100890207715,0.0011988904032659861,1996,266,976,1689
"FROST, ADRIENNE",0.003418803418803419,0.0,0.2969920040614291,0.0013342880618898163,1126,1310,2063,1612
"FROST, CARMILLA",0.0029914529914529912,0.00021340115397404835,0.3292991837883479,0.0011290017524206268,1243,407,1548,1746
"FROST, CORDELIA",0.002564102564102564,0.0,0.296878964729764,0.0012360930514373134,1362,1310,2068,1655
"FUJIKAWA, RUMIKO",0.0029914529914529912,7.777548287608313e-07,0.3415061295971979,0.002971683755936727,1243,1069,1173,1054
FU MANCHU,0.0029914529914529912,3.963387819551029e-06,0.27689030883919064,8.024514898260074e-05,1243,898,2167,2228
"FUNARO, DONNA",0.002564102564102564,0.0,0.3257691772240011,0.002326379769069727,1362,1310,1647,1226
FURGAR,0.001282051282051282,0.0,0.26669705949395944,0.00015412929079694374,1804,1310,2210,2180
"FURY, COL. NICHOLAS",0.07051282051282051,0.020897344046861367,0.47551310709205447,0.0759612995566079,45,16,38,51
"FURY, NICK | MUTANT",0.001282051282051282,0.0,0.3175464784909757,0.000896434373360133,1804,1310,1844,1866
GABRIEL III,0.0008547008547008547,0.0,0.3299027209925278,0.0009964448225387554,1996,1310,1524,1795
GAEA,0.0008547008547008547,0.0,0.345642540620384,0.0021591486410056527,1996,1310,1075,1272
GAFF / SIDNEY E. LEVIN,0.0038461538461538464,4.453754804558248e-06,0.3414562965124763,0.0031579865593789713,1005,888,1175,1004
GAIA,0.004700854700854701,0.0,0.2984313225353909,0.0016749597619056835,861,1310,2049,1458
GALACTUS / GALAN,0.052564102564102565,0.0036844509141254226,0.45846394984326017,0.07729877688365581,64,113,60,50
GAMBIT | MUTANT X-VE,0.0038461538461538464,1.8270646744353453e-07,0.317805242428358,0.0009548634149541095,1005,1217,1830,1828
GAMBIT / REMY LEBEAU,0.07008547008547009,0.015626878895198395,0.4717741935483871,0.08568597495306915,46,32,39,42
"GAMBONNO, ERNESTO",0.004700854700854701,0.0006349950896670749,0.3660253402158611,0.003477893203460118,861,294,428,955
"GAMBONNO, LUIGI",0.004700854700854701,0.0006349950896670749,0.3660253402158611,0.003477893203460119,861,294,428,954
GAMMENON [CELESTIAL],0.005555555555555556,0.0013735121550188124,0.3616133518776078,0.008353825127579583,754,201,492,523
GAMORA,0.02564102564102564,2.55797218732814e-05,0.43575418994413406,0.0532623174867354,163,670,106,94
"GANGER, DR. ALEXEI",0.0017094017094017094,0.0,0.32191498142798186,0.001668654368560406,1649,1310,1734,1460
GARDENER / ORD ZYONYZ,0.0029914529914529912,0.0,0.32427937915742794,0.0027154640994236715,1243,1310,1662,1121
GARGOYLE II / ISAAC CH,0.023076923076923078,0.0009358889510536817,0.4354298474134723,0.03358859242704475,180,234,107,162
GAROKK,0.001282051282051282,0.0,0.29786150712830956,0.0006044036950750998,1804,1310,2050,1984
"GARVIN, GEARS",0.0017094017094017094,0.0,0.30256012412723043,0.00040933865964941466,1649,1310,2021,2077
GATECRASHER,0.004273504273504274,0.0,0.24775013234515617,0.00031150444757148854,937,1310,2319,2106
GATEWAY,0.012393162393162393,0.0001748089825588456,0.36,0.013114146331539534,335,449,527,384
"GATOR, LORD",0.009401709401709401,3.6184881199008386e-05,0.35529911934406316,0.007815764969888034,427,629,614,553
GAUNTLET,0.011111111111111112,0.0017439646522048006,0.3608326908249807,0.014153143295541166,374,177,506,354
GAUNT / MENDEL STROMM,0.0038461538461538464,4.827589243013439e-07,0.3485254691689008,0.0027426837516625847,1005,1125,878,1110
GAZA,0.004273504273504274,4.4984221469329e-07,0.34120734908136485,0.00432863314365583,937,1137,1186,826
GEATAR,0.002564102564102564,0.0,0.324144618368195,0.002766819816492489,1362,1310,1667,1104
GEE / ALEX POWER,0.01752136752136752,0.0009042960919067465,0.376872282171042,0.01439311904604407,240,240,323,350
GEMINI / JOSHUA LINK,0.0059829059829059825,0.0002220152043611824,0.3466153162494445,0.0028846878666057376,702,400,1040,1078
GENERAL OBSIDIAN,0.004273504273504274,5.994620549651888e-07,0.3292991837883479,0.0030381359209038965,937,1101,1548,1032
GENESIS / TYLER DAYSPR,0.002564102564102564,0.0,0.26533620591903845,0.0003020331062145415,1362,1310,2231,2107
GENTRY,0.0059829059829059825,3.431269987099913e-07,0.31867084297970855,0.004067372144746928,702,1162,1801,855
"GERASI, DON MARIO",0.00042735042735042735,0.0,0.2916978309648467,0.0001767378298098777,2176,1310,2117,2165
GHAUR [DEVIANT],0.013247863247863248,0.0008436815379258539,0.3951367781155015,0.019098307600735307,315,269,230,278
GHOST,0.0008547008547008547,0.0,0.33829694954460027,0.001763116738525515,1996,1310,1284,1421
GHOST GIRL II / LILLI,0.005555555555555556,6.430646640419171e-07,0.32351721277478224,0.0035724136306099783,754,1089,1680,931
GHOST RIDER III / DAN,0.02094017094017094,0.01225827385223083,0.4010970174837161,0.015438906269403212,208,42,212,328
GHOST RIDER II / JOHNN,0.020512820512820513,0.009600738559462746,0.41659248709275415,0.02515759307247396,221,52,172,214
GIBBON / MARTIN BLANK,0.0017094017094017094,0.0,0.3472325270811693,0.0017765924971210154,1649,1310,968,1417
GIDEON,0.008547008547008548,0.0008886871630607079,0.3435114503816794,0.008003502441914957,468,245,1127,542
"GILBERT, ROXANNE",0.002136752136752137,0.0,0.3380037555972844,0.0015817234749196253,1489,1310,1297,1500
GLADIATOR II,0.01581196581196581,0.001723533061145208,0.3794389492459867,0.020769901808136888,267,178,302,260
GLADIATOR / MELVIN POT,0.0038461538461538464,3.0434672144616932e-05,0.3561101810987673,0.0038002243262528134,1005,648,589,884
"GLENN, HEATHER",0.005128205128205128,1.0915111158912412e-05,0.33785734911926074,0.0026384073011020454,808,773,1304,1136
GLORIAN / THOMAS GIDEO,0.0029914529914529912,3.181623078781166e-05,0.3484216795711733,0.00485690906074699,1243,638,884,757
GLUB,0.002564102564102564,0.0,0.26057906458797325,0.00017225381533030482,1362,1310,2268,2174
"GNUCCI, MA",0.002564102564102564,0.0,0.291879755519521,0.00018592786061577012,1362,1310,2102,2150
GOBLYN,0.007264957264957265,9.904294116915398e-06,0.3463587921847247,0.0065032644345201195,562,790,1047,632
GOG,0.001282051282051282,0.0,0.34811068134483786,0.0017367921395676645,1804,1310,894,1435
GOLDBUG,0.0008547008547008547,0.0,0.33438125178622463,0.001149118400898705,1996,1310,1423,1727
GOLDDIGGER,0.002136752136752137,0.00014651965460006687,0.3512458721104773,0.0016106883633067114,1489,468,749,1490
GOLDEN ARCHER II / WYA,0.010256410256410256,0.0004162529816158508,0.37772397094430993,0.010094318416762376,395,333,316,447
GOLDEN-BLADE,0.0008547008547008547,0.0,0.3123331553657234,0.000633633572568404,1996,1310,1912,1974
GOLDEN GIRL / GWENNY L,0.0017094017094017094,0.0,0.3519326214468341,0.0018547412334889509,1649,1310,714,1389
GOLDFIRE / AMEIKO SABU,0.0029914529914529912,2.979529721438008e-07,0.2666059017887661,0.0001297467697239617,1243,1176,2212,2204
GOMURR,0.0008547008547008547,0.0,0.3342857142857143,0.0020458757055896353,1996,1310,1437,1314
"GOONER, MELVIN",0.0008547008547008547,0.0,0.3625096824167312,0.002506487607086825,1996,1310,470,1168
GORGON [INHUMAN],0.029914529914529916,0.0021778275393115826,0.4391891891891892,0.042108271218879736,142,150,94,122
GORR,0.0017094017094017094,0.0,0.3416058394160584,0.004785599770626577,1649,1310,1167,772
GOSAMYR,0.004273504273504274,2.792569199958715e-07,0.33032185206098247,0.004479610366240479,937,1180,1509,803
GRACE,0.002564102564102564,0.0,0.26057906458797325,0.00017225381533030507,1362,1310,2268,2172
GRANDMASTER / EN DWI G,0.00811965811965812,0.00011652310573895653,0.3812937917549291,0.015227153124718265,497,494,287,334
"GRANT, GLORIA GLORY",0.020085470085470087,7.944418615861463e-05,0.3550834597875569,0.006893410865642976,225,538,623,606
"GRANT, SILAS",0.005128205128205128,0.0,0.33932714617169374,0.0032352781673476716,808,1310,1229,989
GRAVITON / FRANK HALL,0.00641025641025641,5.30775460166674e-06,0.3625096824167312,0.009764437914775522,653,873,470,458
GREEN GOBLIN III / BAR,0.002564102564102564,0.0,0.34774855104770397,0.0027785968444388864,1362,1310,924,1102
GREEN GOBLIN IV / PHIL,0.002564102564102564,0.0,0.34862932061978547,0.0026517984180765837,1362,1310,871,1134
GREEN GOBLIN / NORMAN,0.01752136752136752,0.00044788966190448053,0.3869047619047619,0.013814884165690692,240,322,259,363
GREEN GOBLIN V / ,0.0029914529914529912,0.0,0.34805890227576974,0.0028310183749666886,1243,1310,900,1092
"GREER, GABRIELLE",0.00042735042735042735,0.0,0.2635431918008785,7.080025674753073e-05,2176,1310,2244,2245
GREGOR,0.002136752136752137,0.0,0.30057803468208094,0.0006849961037461761,1489,1310,2038,1954
GREMLIN / ,0.0017094017094017094,2.0236885253491825e-06,0.3382480485689506,0.0018782056245031712,1649,959,1289,1379
"GREY, DR. JOHN",0.011111111111111112,1.3857571765574921e-06,0.36312849162011174,0.02025795850827764,374,1001,462,265
"GREY, ELAINE",0.011111111111111112,1.3857571765574921e-06,0.36312849162011174,0.020257958508277645,374,1001,462,264
GREY GARGOYLE / PAUL P,0.002136752136752137,0.0,0.3673469387755102,0.00521296792067527,1489,1310,415,723
"GREY, JEAN | MUTANT",0.003418803418803419,8.769910437289658e-07,0.3177620858229223,0.0009436391548781403,1126,1050,1834,1834
GREYSTONE / BRIAN YOUN,0.0017094017094017094,0.0,0.31784841075794623,0.0009370710649914966,1649,1310,1822,1837
GRIFFIN II / JOHNNY HO,0.002564102564102564,7.031969639935574e-06,0.3474903474903475,0.0029227822947561328,1362,835,950,1067
"GRIFFITH, D.W.",0.001282051282051282,0.0,0.31208322219258466,0.0005099170427633514,1804,1310,1924,2027
GRIM HUNTER / KRAVINOF,0.001282051282051282,0.0,0.34780023781212843,0.001304052585360153,1804,1310,922,1633
"GRIMM, BEN | MUTANT",0.002564102564102564,0.0,0.31767580776540866,0.0009258786411254824,1362,1310,1838,1847
GRIM REAPER / ERIC WIL,0.006837606837606838,1.0984798106045206e-06,0.37656903765690375,0.015260097104764794,605,1024,327,332
GRIS-GRIS,0.002136752136752137,3.3496185697981334e-07,0.3207676490747087,0.0009303434005094583,1489,1170,1757,1845
GRIZZLY II / THEODORE,0.0017094017094017094,0.0,0.3107982467791207,0.0007926626191130625,1649,1310,1940,1923
GRIZZLY / MAXWELL MARK,0.0017094017094017094,0.0,0.3472325270811693,0.0017765924971210139,1649,1310,968,1418
GROK,0.002564102564102564,0.0,0.32925284930350357,0.0011285663743394122,1362,1310,1555,1749
GRONK,0.001282051282051282,0.0,0.2574540653537243,4.6077349339860085e-05,1804,1310,2296,2286
GROVEL,0.00042735042735042735,0.0,0.3205918618988903,0.0008454692644735215,2176,1310,1766,1901
GROWING MAN,0.00042735042735042735,0.0,0.3128760529482551,0.0007034434533102144,2176,1310,1902,1940
"GRUNCH, ALESTAIRE FI",0.0008547008547008547,0.0,0.2505889912186764,4.811810495782498e-05,1996,1310,2314,2283
GUARDIAN / JAMES MACDO,0.02094017094017094,0.0007237334278424176,0.40575689266516385,0.03144939985120886,208,280,201,170
GUARDIAN V / JAMES MAC,0.008974358974358974,1.180792423059438e-05,0.3238754325259516,0.00515719735057189,442,764,1673,731
GUARDSMAN / KEVIN O'BR,0.0017094017094017094,7.889621067808353e-07,0.34538745387453873,0.0022465377243290592,1649,1066,1082,1246
GUDRUN [ASGARDIAN],0.002136752136752137,0.0,0.30548302872062666,0.0013310252939548717,1489,1310,1985,1615
GUILOTINE,0.0008547008547008547,0.0,0.32235845157735227,0.0007826713028477883,1996,1310,1729,1927
GUNTHAR II,0.004700854700854701,8.102517558333076e-06,0.3735632183908046,0.009463427685104496,861,819,353,474
GYPSY MOTH,0.005555555555555556,0.00024403466983858097,0.35955746773202213,0.005528361635754378,754,385,530,696
"GYRICH, HENRY PETER",0.029487179487179487,0.004431860216780591,0.4229170431953732,0.04432373327602616,144,95,152,116
"HADDOCK, DR. MYRA",0.0029914529914529912,0.0,0.31071570840525825,0.0015642863208046593,1243,1310,1942,1506
HAG / ,0.002136752136752137,8.60107858281815e-07,0.30632281712266,0.0004891633221180558,1489,1055,1981,2041
"HALE, JONAS",0.0008547008547008547,0.0,0.36066584463625156,0.002421452519299588,1996,1310,513,1190
"HALLER, GABRIELLE",0.005555555555555556,9.156577617660153e-07,0.3515096890491212,0.009387200924585072,754,1044,730,481
HAMES,0.003418803418803419,0.0,0.3182374541003672,0.0023411976520802966,1126,1310,1810,1217
"HAMILTON, MICKY",0.002136752136752137,3.654129348870691e-07,0.3122081387591728,0.0005120602568733038,1489,1150,1921,2025
HAMIR,0.00042735042735042735,0.0,0.3288826423049895,0.0009679110094830209,2176,1310,1583,1811
HAMMERHAND II / BRON,0.0038461538461538464,0.0,0.2468354430379747,1.892339362982479e-05,1005,1310,2322,2314
HAMMERHEAD,0.013247863247863248,0.0005647224936191575,0.35840098024199724,0.005763419195953607,315,312,544,675
HAMMER IV / ,0.001282051282051282,0.0,0.25742574257425743,2.983805428390916e-05,1804,1310,2299,2303
"HAMMER, JUSTIN",0.008974358974358974,0.0006265553193254748,0.36591086786551996,0.004347344338952759,442,300,431,823
HANGMAN,0.00042735042735042735,0.0,0.2687801516195727,5.295866114076433e-05,2176,1310,2199,2276
"HANSEN, BILLY",0.001282051282051282,0.0,0.26265574138511616,5.701414568019426e-05,1804,1310,2252,2269
HARDCORE / ,0.002564102564102564,6.394726360523709e-07,0.3122497998398719,0.0005170150214592661,1362,1090,1919,2021
"HARDERMAN, QUENTIN",0.001282051282051282,0.0,0.35135135135135137,0.002069960651172404,1804,1310,742,1303
HARDRIVE,0.00811965811965812,0.0006724201932227989,0.35785288270377735,0.010388409166195397,497,289,560,438
HARGEN,0.0008547008547008547,0.0,0.22023529411764706,2.006464214639429e-06,1996,1310,2338,2338
"HARKER, QUINCY",0.002136752136752137,0.0,0.26642377319822386,6.722954041821725e-05,1489,1310,2217,2257
"HARKNESS, AGATHA",0.037606837606837605,0.005465866303099523,0.4526987811955891,0.06706576380347079,106,80,79,68
HAROKIN [ASGARDIAN],0.005128205128205128,0.0,0.3392287619599884,0.0032315798212873225,808,1310,1234,990
HARPOON,0.00811965811965812,0.00018019959841211543,0.35368802902055624,0.011685149396273083,497,444,661,412
"HARRIS, EDDIE",0.002564102564102564,0.0004274417805841491,0.30263838592860837,0.00041341827885455255,1362,326,2017,2073
"HARROW, DR. JONAS",0.0008547008547008547,0.0,0.34754195752264966,0.0017546179845605264,1996,1310,946,1427
HATE,0.0038461538461538464,2.9067545380242903e-06,0.3253615127919911,0.0029102253949396116,1005,935,1649,1068
HATE-MONGER / ADOLF HI,0.00042735042735042735,0.0,0.3507719982011692,0.0014456122137333884,2176,1310,786,1564
HAUPTMANN DEUTSCHLAN,0.002136752136752137,1.3331548833242522e-06,0.29191616766467066,0.00044430215995337757,1489,1008,2100,2056
HAUPTMANN ENGLAND,0.0017094017094017094,0.0,0.3277769995797731,0.0019358952927372441,1649,1310,1621,1363
HAVOK / ALEX SUMMERS,0.08461538461538462,0.027958481466377572,0.46502384737678853,0.08872263535973283,34,10,50,38
HAWK,0.12179487179487179,0.026551693926767733,0.4901550062840385,0.10873251180161211,14,12,25,24
"HAWKINS, DR. EDWIN E",0.001282051282051282,0.0,0.29209836474847084,0.0004926223735837175,1804,1310,2098,2033
HAWKSHAW,0.001282051282051282,0.0,0.26171569175707415,0.00015263514934803245,1804,1310,2260,2184
HAYWIRE / ,0.0029914529914529912,0.0,0.2825404491668679,0.0006974300309395608,1243,1310,2149,1942
HEADCASE,0.002564102564102564,0.0,0.26057906458797325,0.0001722538153303053,1362,1310,2268,2171
HEADHUNTER / ,0.0008547008547008547,0.0,0.32832889013610217,0.0009768319091304203,1996,1310,1609,1804
HEALER,0.00042735042735042735,0.0,0.3347160635102274,0.0012002605299415584,2176,1310,1406,1684
HECTOR II,0.00641025641025641,7.693771599880175e-06,0.3371757925072046,0.0024290978899477,653,829,1346,1188
HEIMDALL [ASGARDIAN],0.021794871794871794,0.00029400650170689595,0.37066370980516394,0.011952793358683036,200,361,378,406
HELA [ASGARDIAN],0.021794871794871794,0.0007554497902271332,0.39334341906202724,0.019276820750687713,200,277,237,274
HELIO,0.001282051282051282,0.0,0.2574540653537243,4.607734933985973e-05,1804,1310,2296,2287
HELIX / RAFAEL CARAGO,0.0038461538461538464,4.262559633978611e-06,0.3305551631586382,0.0023823767515867462,1005,890,1506,1201
HELLCAT / PATSY WALKER,0.037606837606837605,0.0028439774993839445,0.44930875576036866,0.05073205924516576,106,126,84,99
"HELLER, ERIC",0.0008547008547008547,0.0,0.28284781820379545,0.0001319523701596735,1996,1310,2145,2198
HELLSTORM / DAIMON HEL,0.01581196581196581,0.0029941791716487764,0.41570438799076215,0.02404272694677098,267,120,176,228
HEMINGWAY,0.0008547008547008547,0.0,0.28118240807498196,0.0004663403655106031,1996,1310,2153,2052
HERA / AUGUSTINE JONES,0.0029914529914529912,5.032361829181415e-06,0.3476968796433878,0.004492853196908434,1243,877,931,801
HERCULES [GREEK GOD],0.10256410256410256,0.01209800105207638,0.49056603773584906,0.1094597971272339,24,43,22,22
HERMES [GREEK GOD],0.002136752136752137,0.0,0.34610264753734654,0.0037149589459485846,1489,1310,1055,899
HERMOD [ASGARDIAN],0.007264957264957265,3.888700251239174e-06,0.339179591245108,0.0043367676077765895,562,901,1235,824
HESCAMAR / MARNOT [ASG,0.003418803418803419,8.265292574826562e-08,0.3378085751407536,0.002351600222012316,1126,1273,1309,1214
"HEYWERTH, GENERAL",0.0008547008547008547,0.0,0.3136729222520107,0.0009028796306257325,1996,1310,1885,1863
"HIBBERT, HOPE",0.0017094017094017094,0.0,0.3472325270811693,0.0016742179821953036,1649,1310,968,1459
HIGH EVOLUTIONARY / HE,0.03034188034188034,0.00270816965844447,0.40688575899843504,0.029274607700388856,139,130,199,179
HIGH OVERLORD,0.0017094017094017094,0.0,0.2478288498199534,4.455974419296216e-05,1649,1310,2318,2288
HILDEGARDE [ASGARDIA,0.008547008547008548,5.704840094780568e-06,0.34718100890207715,0.006123347138896728,468,860,976,656
HILDY [ASGARDIAN],0.011965811965811965,0.00010369333539918679,0.3521974714027694,0.00832419271297442,349,512,700,525
HINDSIGHT LAD / CARLTO,0.007692307692307693,3.0185846835533066e-05,0.33505154639175255,0.005322667250566868,530,651,1396,710
HIPPOLYTA [GREEK GOD,0.00042735042735042735,0.0,0.3291602194401463,0.0010800471631124083,2176,1310,1569,1771
"HITLER, ADOLF",0.0038461538461538464,0.0,0.3565442632942252,0.0029437412663303668,1005,1310,579,1061
"HOBBS, HARRIS",0.004700854700854701,5.65520018277607e-08,0.3388848660391021,0.0038792833947246174,861,1283,1247,873
HOBGOBLIN II / RODERIC,0.007264957264957265,2.640034511754283e-06,0.3500897666068223,0.004086328118970511,562,944,813,850
HOBGOBLIN V / JASON PH,0.01623931623931624,0.00025447820143713557,0.3651685393258427,0.008050878810104654,261,383,441,541
"HOCHBERG, ROGER",0.00042735042735042735,0.0,0.3470780183921685,0.001198773680479419,2176,1310,1012,1690
HODER [ASGARDIAN],0.002564102564102564,0.0,0.33829694954460027,0.0026167619866619743,1362,1310,1284,1142
"HODGE, CAMERON",0.014957264957264958,4.3599138788970104e-05,0.36454276367035365,0.018234916793700783,284,610,449,288
"HOGAN, HAROLD J. HAP",0.01282051282051282,0.0003597476004470644,0.3804259470004877,0.015293345597157153,326,344,295,331
"HOGAN, VIRGINIA PEPP",0.01452991452991453,0.00041705234687551817,0.3804259470004877,0.016376979160720884,291,332,295,312
"HOGARTH, JERYN",0.0029914529914529912,1.3326824943497726e-05,0.3365453760966489,0.0022354364986898996,1243,735,1372,1249
HOGUN [ASGARDIAN],0.03974358974358974,0.0029831201492857436,0.42033411172983653,0.02807125479331966,96,121,159,193
"HOLDEN, DR. SAMUEL",0.004700854700854701,1.0759380860563702e-07,0.3125834891798023,0.0012024214194279082,861,1255,1908,1683
HOLOCAUST,0.001282051282051282,1.5885582675259368e-07,0.33281183330962877,0.0016816809666123332,1804,1226,1460,1457
HOLY / FATHER HECTOR R,0.002564102564102564,0.0,0.291879755519521,0.0001859278606157685,1362,1310,2102,2153
HOPE,0.001282051282051282,0.0,0.2875752734423006,0.0002930682186741884,1804,1310,2124,2114
"HOPKINS, STEVE",0.0029914529914529912,1.131040036555214e-07,0.3473871733966746,0.0016112437793561495,1243,1254,955,1489
"HORTON, PROFESSOR PH",0.001282051282051282,0.0,0.33908129256629477,0.003488080890675813,1804,1310,1241,945
HORUS [EGYPTIAN GOD],0.0017094017094017094,0.0,0.3380037555972844,0.001930659680817048,1649,1310,1297,1364
HOTSHOT / LOUIS,0.004273504273504274,2.2557496061632923e-06,0.3369330453563715,0.0025032874659798583,937,953,1360,1171
"HOWARD, PROFESSOR MA",0.0008547008547008547,0.0,0.3471295060080107,0.001530779939581883,1996,1310,992,1526
HOWARD THE DUCK,0.0038461538461538464,0.0010133922927847616,0.3217821782178218,0.0011649659918172703,1005,227,1741,1715
HRIMHARI,0.005128205128205128,4.6959590393974e-08,0.324729392173189,0.004019195312317699,808,1287,1656,857
"HSU, CHEN",0.002136752136752137,0.0,0.3384437373445184,0.0019866322871820758,1489,1310,1268,1337
"HUDSON, HEATHER",0.053418803418803416,0.004617108120228515,0.4330927262631871,0.06932970303443815,61,91,113,63
HULK DOPPELGANGER II,0.007264957264957265,0.0,0.3958721028590763,0.017737602288195778,562,1310,227,298
HULK / DR. ROBERT BRUC,0.12777777777777777,0.04569532872491644,0.5021459227467812,0.11451220766703028,12,6,14,18
HULK III / BRUCE BANNE,0.005128205128205128,0.0,0.38266557645134913,0.01409446110666344,808,1310,275,356
HUMAN TORCH ANDROID / ,0.029487179487179487,0.0016155736479459334,0.3978238694321659,0.0312622916766186,144,187,222,174
HUMAN TORCH / JOHNNY S,0.12393162393162394,0.020681460599004997,0.5040930633347694,0.120507517217679,13,18,11,12
HUNCH,0.002136752136752137,0.0,0.33352337514253133,0.0016175137955300879,1489,1310,1446,1486
HUNTARA / MARY ELIZABE,0.0059829059829059825,0.0002096127558982735,0.3535811423390752,0.007593414453841945,702,413,666,568
HUNTER IN DARKNESS,0.0017094017094017094,0.0,0.34452296819787986,0.0017390814113913485,1649,1310,1100,1433
"HUNTER, STEVIE",0.016666666666666666,1.2629605977446453e-05,0.3678666876277315,0.026545944658703267,256,751,408,200
"HUNT, JERRY",0.001282051282051282,0.0,0.3018186508448343,0.0003629949893271228,1804,1310,2027,2099
HURRICANE II,0.00042735042735042735,0.0,0.3046875,0.00039007408739966223,2176,1310,1995,2088
HURRICANE III,0.003418803418803419,0.00018129907692208887,0.34513274336283184,0.0027855029986912114,1126,443,1089,1100
HUSK / PAIGE GUTHRIE,0.01452991452991453,0.0004448295645068272,0.3551912568306011,0.007842541591368223,291,323,620,550
HUSSAR,0.0029914529914529912,5.907509114007617e-07,0.2959403060579234,0.0008265376620869342,1243,1105,2075,1906
"HUXLEY, DR. ALDA",0.007692307692307693,1.3809882110349315e-05,0.35374149659863946,0.010352490885907391,530,729,660,440
"HUXLEY, DR. HORATIO",0.0059829059829059825,3.431269987099913e-07,0.31867084297970855,0.004067372144746934,702,1162,1801,854
HYBRID / JAMES JIMMY M,0.00042735042735042735,0.0,0.2660300136425648,5.9931919149665016e-05,2176,1310,2227,2261
HYDROMAN / MORRIE BENC,0.010256410256410256,5.605667929431019e-05,0.3644292166329232,0.010658876017190379,395,585,451,434
HYDRON,0.002564102564102564,0.0,0.31187524990004,0.0006960839256371233,1362,1310,1934,1946
HYPERION,0.017094017094017096,0.0017098739763897592,0.39327731092436974,0.017199947984281004,249,179,238,305
HYPERION II,0.003418803418803419,2.000004876814105e-05,0.36505460218408736,0.006437394841037853,1126,695,443,639
HYPERSTORM,0.0038461538461538464,0.0,0.34946236559139787,0.0061064519307460615,1005,1310,834,657
ICE-MAN | MUTANT X-V,0.008547008547008548,8.021683951568519e-06,0.3182807399347116,0.0010554975573600863,468,820,1809,1785
ICEMAN / ROBERT BOBBY,0.10598290598290598,0.011596903434721455,0.4901550062840385,0.11088820176707694,21,44,25,21
ICE PRINCESS / ,0.0038461538461538464,0.0,0.35203851361516475,0.0017998906968322917,1005,1310,707,1404
IGOR,0.004273504273504274,0.0,0.36133415688696724,0.008063285121975601,937,1310,496,539
IKARIS / IKE HARRIS [E,0.016666666666666666,0.001974198418432976,0.36746231155778897,0.011654166624753767,256,163,413,413
IKTHON,0.001282051282051282,0.0,0.3283749649172046,0.0011274110102723596,1804,1310,1606,1751
IMPALA / ,0.002136752136752137,0.0001428514345381291,0.35108777194298574,0.0015365531717784985,1489,470,753,1523
IMPOSSIBLE MAN,0.004700854700854701,0.0008557738775915196,0.3436627992363049,0.00746667551700761,861,253,1123,573
IMPOSSIBLE WOMAN,0.00042735042735042735,0.0,0.25579361609094886,7.367418834744577e-05,2176,1310,2301,2241
IMPULSE II / DWIGHT HU,0.0029914529914529912,0.0,0.3251354731137974,0.0021948851374623693,1243,1310,1651,1260
IN-BETWEENER,0.0017094017094017094,0.0,0.33903216458997393,0.002302714225814165,1649,1310,1242,1234
"INDIGO, ODYSSEUS",0.002136752136752137,0.0,0.313588850174216,0.0019097711631080115,1489,1310,1887,1371
INFECTIA / JOSEPHINE,0.001282051282051282,0.0,0.3436627992363049,0.003594773078895982,1804,1310,1123,929
INFERNO III / SAMANTHA,0.002136752136752137,0.0,0.3471295060080107,0.002505910991873441,1489,1310,992,1169
INFINITY II,0.0008547008547008547,0.0,0.3146853146853147,0.001308112006669556,1996,1310,1876,1630
INFINITY,0.0029914529914529912,0.0,0.3383458646616541,0.002745371911290983,1243,1310,1277,1109
INTERLOPER,0.0017094017094017094,0.0,0.3299957692850092,0.0016358987092760673,1649,1310,1522,1475
INVISIBLE WOMAN / SUE,0.11752136752136752,0.017187002951117032,0.5040930633347694,0.11941825727692078,17,28,11,13
"IONELLO, JASON",0.004273504273504274,1.4355508156277713e-07,0.34800713860797144,0.002961038936166031,937,1237,904,1057
IRIDIA [INHUMAN],0.0029914529914529912,0.0,0.33200908059023837,0.0035067567006449646,1243,1310,1483,938
IRONCLAD,0.004700854700854701,8.175126230480057e-06,0.34406704896338774,0.0037563744725536037,861,816,1110,893
IRON CROSS / HELMUT GR,0.0029914529914529912,2.979529721438008e-07,0.2666059017887661,0.00012974676972396233,1243,1176,2212,2202
IRON FIST / DANIEL RAN,0.044444444444444446,0.014760216510628468,0.45729919874926717,0.04740223216471113,79,34,65,105
IRON FIST H'YLTHRI I,0.00042735042735042735,0.0,0.312,0.0004918985219731966,2176,1310,1929,2035
IRON MAIDEN / ,0.0038461538461538464,0.0,0.35203851361516475,0.0017998906968322904,1005,1310,707,1406
IRON MAN DOPPELGANGE,0.019658119658119658,2.494229172149841e-07,0.41371994342291374,0.04352613679520637,227,1186,181,118
IRON MAN III / EDDIE M,0.002136752136752137,0.0,0.3380037555972844,0.0015817234749196257,1489,1310,1297,1499
IRON MAN IV / JAMES R.,0.047435897435897434,0.009697004604171593,0.44251134644478063,0.05477188856377636,75,51,93,89
IRON MAN / TONY STARK,0.17222222222222222,0.06690020053932426,0.509915014164306,0.12391512354270066,3,3,6,7
IRON MAN V / TEEN TONY,0.008974358974358974,8.788329435548549e-07,0.38902743142144636,0.02190131639056574,442,1049,249,244
ISAAC,0.007264957264957265,7.824800727344578e-05,0.3738616392394951,0.013386151731366544,562,542,350,377
"ISHIMA, DAVID",0.0017094017094017094,1.4127943896251835e-06,0.30385664199454615,0.0005460531638581558,1649,997,2009,2008
"IVANOVA, ELENA",0.002136752136752137,3.121992835299487e-05,0.26527604579979597,6.744195311589732e-05,1489,643,2233,2256
IVORY / ,0.0017094017094017094,0.0,0.3224472922695329,0.0007766056758199633,1649,1310,1726,1930
IZZIFIZZ,0.0008547008547008547,0.0,0.3202408649240454,0.0008542785218835469,1996,1310,1782,1898
JACKAL / MILES WARREN,0.00811965811965812,5.389365106556556e-06,0.3502469690166143,0.003929525970024152,497,869,808,870
JACK,0.0008547008547008547,0.0,0.2636025684352822,0.00010527890488073214,1996,1310,2241,2211
JACK FLAG / ,0.005128205128205128,3.499946273455895e-06,0.36072144288577157,0.0077743855297020764,808,914,510,555
JACK FROST / ,0.0038461538461538464,0.0,0.3561101810987673,0.003006735690468244,1005,1310,589,1042
JACK OF HEARTS / JACK,0.023504273504273504,0.0043985557634713375,0.42951541850220265,0.03302475423864767,177,96,128,163
JACK O'LANTERN II / MA,0.00641025641025641,0.00021567518517609914,0.3515625,0.0033359871779264764,653,403,728,977
"JACKSON, ANDREW JOCK",0.0059829059829059825,1.5296577945601289e-06,0.3260415215271005,0.0030618907491183588,702,990,1645,1027
"JACKSON, CURTISS",0.0038461538461538464,9.561985151388553e-05,0.35873064540855437,0.0036515926746051998,1005,526,538,913
"JACKSON, STEVE",0.005128205128205128,2.0562771995812563e-05,0.2768247959304389,0.0001414123034558906,808,694,2168,2187
"JACOBS, BEN",0.00042735042735042735,0.0,0.26259679048367185,5.588357797780912e-05,2176,1310,2255,2272
JADE DRAGON / DEI GUAN,0.0029914529914529912,0.0,0.3181076672104405,0.001884435960531336,1243,1310,1812,1377
JAGRFELM [ASGARDIAN],0.001282051282051282,0.0,0.3374675511970003,0.0017928843486091164,1804,1310,1334,1411
JAILBAIT / JESS,0.0038461538461538464,2.3490831528454445e-07,0.3368845378635186,0.00248642791243957,1005,1198,1365,1175
"JAMESON, COL. JOHN",0.028205128205128206,0.0019248627413243177,0.40150995195607414,0.02231313180438005,154,167,211,242
"JAMESON, J. JONAH",0.07777777777777778,0.016672489787005768,0.4639175257731959,0.05633328509813794,36,31,53,86
"JAMESON, MARLA MADIS",0.01282051282051282,0.0006312837206580334,0.35719737444664934,0.006583071129418406,326,297,569,627
JAM / JASMINE ARCHER,0.0017094017094017094,0.0,0.2929027412692452,0.00029479977419538303,1649,1310,2091,2111
"JANES, FATHER MICHAE",0.0017094017094017094,0.0,0.3204162672874161,0.0013431721816532939,1649,1310,1769,1609
JANUS,0.0017094017094017094,0.0,0.3416058394160584,0.004785599770626577,1649,1310,1167,772
JARELLA,0.002136752136752137,0.0,0.33452466047176554,0.002181600399432824,1489,1310,1411,1264
"JARVIS, EDWIN",0.0811965811965812,0.006336782080585876,0.4717741935483871,0.08634135556274025,35,68,39,40
"JARZINHO, COL. EDSON",0.004700854700854701,0.0,0.32329372754904667,0.003600425572306636,861,1310,1687,925
JASON,0.002136752136752137,0.0,0.33452466047176554,0.0015400239992710242,1489,1310,1411,1518
JAVELIN II / DARIN JR.,0.0038461538461538464,0.0,0.2468354430379747,1.8923393629825263e-05,1005,1310,2322,2313
JAWBREAKER / ,0.003418803418803419,0.0,0.3472840605520926,0.006484997677557674,1126,1310,961,636
"JAYE-FIRESTONE, GING",0.003418803418803419,0.0,0.3228476821192053,0.0008574194738218553,1126,1310,1698,1889
"JEFFRIES, DR.",0.001282051282051282,0.0,0.30688524590163935,0.0005513713682569496,1804,1310,1975,2004
"JENNINGS, JOSEPH",0.001282051282051282,0.0,0.3331435079726651,0.001870781500790232,1804,1310,1454,1380
"JEROME, JASON",0.001282051282051282,0.0,0.34718100890207715,0.00156748199707915,1804,1310,976,1504
JESTER / JONATHAN POWE,0.0017094017094017094,0.0,0.32985621652100366,0.0012422130131107363,1649,1310,1529,1650
JETSTREAM / HAROUD IBN,0.00641025641025641,2.7375288189553103e-07,0.32378580323785805,0.0042655727974475225,653,1183,1677,834
JIGSAW,0.0008547008547008547,0.0,0.2917341977309562,0.00017849909233137195,1996,1310,2114,2163
JINKU,0.0008547008547008547,0.0,0.356761701478884,0.0026368498452560194,1996,1310,577,1137
JINX,0.0029914529914529912,3.479062998491481e-07,0.2974072191154042,0.0005831564966053455,1243,1156,2053,1992
JOCASTA,0.013247863247863248,4.807575554216508e-05,0.3916317991631799,0.025126293847948445,315,601,243,216
"JOHNSON, ANNA",0.0008547008547008547,0.0,0.30377774892898873,0.000414146262892253,1996,1310,2011,2072
JOHNSON,0.001282051282051282,0.0,0.334429041017579,0.0011656783629682274,1804,1310,1419,1714
JOLT / HALLIE TAKAHAMA,0.012393162393162393,0.0001065568300150033,0.364656381486676,0.007738423705824182,335,509,446,558
"JONES, BART",0.00042735042735042735,0.0,0.31819418003807454,0.0007311917747410777,2176,1310,1811,1937
"JONES, CHARLOTTE",0.00641025641025641,7.962122436955505e-06,0.358840668609109,0.012718239241050677,653,821,536,392
"JONES, DANIEL DANNY",0.0038461538461538464,4.567661686088364e-08,0.27672658467360456,0.00013907694320821655,1005,1288,2170,2190
"JONES, GABE",0.018376068376068377,0.0007188366213103276,0.4051246537396122,0.02561005846111145,234,281,203,210
"JONES, HUGH",0.0059829059829059825,0.0,0.37711522965350525,0.009716500535252416,702,1310,322,462
"JONES, JANIS",0.002564102564102564,5.370041759071213e-07,0.33883579496090355,0.0026074941139868986,1362,1116,1250,1147
"JONES, LORRAINE LORR",0.0038461538461538464,4.567661686088364e-08,0.27672658467360456,0.0001390769432082148,1005,1288,2170,2192
"JONES, MAGGIE",0.002136752136752137,0.0004269850144155403,0.302599249967671,0.00040941877025252023,1489,329,2018,2076
"JONES, MARLO CHANDLE",0.012393162393162393,0.0003060195649613379,0.36318485177712245,0.009681871379286833,335,358,461,463
"JONES, NELL",0.003418803418803419,0.0,0.2766938630720113,0.00013772343681577815,1126,1310,2174,2194
"JONES, RICHARD MILHO",0.05641025641025641,0.014010213577617623,0.45507584597432904,0.06339161012440285,57,35,72,76
"JONES, SANDY",0.0008547008547008547,0.0,0.3471295060080107,0.001530779939581883,1996,1310,992,1526
"JONES, TAMMY ANNE",0.0038461538461538464,4.567661686088364e-08,0.27672658467360456,0.00013907694320821655,1005,1288,2170,2190
JONIN,0.0038461538461538464,7.567990009244516e-05,0.33538770245091015,0.0014855738644914797,1005,545,1384,1550
JOSEPH,0.011965811965811965,1.7495126016620334e-05,0.37530072173215717,0.021200266864604144,349,704,338,255
"JOSEPH, SHEVA",0.0017094017094017094,3.654129348870691e-07,0.30692549842602307,0.0005567054735974666,1649,1150,1974,2002
"JOSHUA, DR. SEGISMUN",0.0029914529914529912,0.0,0.3137991149255733,0.002676666315355742,1243,1310,1882,1126
JOYBOY,0.007692307692307693,0.00018910403517805995,0.3288364249578415,0.0034465242456966478,530,437,1593,961
"JOYCE, SAMANTHA",0.004700854700854701,2.3709706991295314e-05,0.35840098024199724,0.004955583286076007,861,679,544,750
JUBILEE / JUBILATION L,0.04358974358974359,0.006254896073611155,0.3910427807486631,0.038262233921072246,82,70,246,141
JUGGERNAUT / CAIN MARK,0.015384615384615385,0.000798222912640145,0.40428472702142365,0.024756960525048714,275,271,206,218
JUSTICE II / VANCE AST,0.03675213675213675,0.003825661343290346,0.4322926288564567,0.04208202366236843,111,110,119,124
JUTTA,0.0008547008547008547,0.0,0.345489443378119,0.0022258851640423196,1996,1310,1079,1252
JUVAN,0.002564102564102564,0.0,0.2969920040614291,0.0006660948599463643,1362,1310,2063,1960
"KAFKA, DR. ASHLEY",0.00811965811965812,4.876717596795979e-06,0.3504567919724427,0.004117099522983102,497,881,801,849
KAINE,0.008547008547008548,0.0006064489281068611,0.3490974190660898,0.003494315765809504,468,303,851,941
KALA,0.00042735042735042735,0.0,0.3027166882276843,0.0003875806991012951,2176,1310,2015,2092
"KALE, JENNIFER",0.0017094017094017094,1.6313189934020481e-06,0.27584580926559,0.0001021380654609023,1649,979,2175,2213
KAMIKAZE,0.003418803418803419,4.636127712058676e-06,0.3203723986856517,0.0021498449274311884,1126,885,1770,1274
KAMO THARNN,0.001282051282051282,0.0,0.3202846975088968,0.0008626185951585422,1804,1310,1775,1884
"KANE, MARCY / KAINA",0.0038461538461538464,5.8251327662290225e-06,0.3490453460620525,0.0022511560677455824,1005,856,855,1245
"KANNOR, ORLANDO",0.0038461538461538464,4.5821621993775333e-07,0.2638998533889703,0.00018544820320976865,1005,1128,2236,2156
KARKAS [DEVIANT],0.010683760683760684,0.00011420967940829668,0.34260614934114203,0.004314187244679048,382,496,1147,829
KARMA / XI'AN COY MANH,0.02094017094017094,0.00040130992761865455,0.36488382972087946,0.01954667025300319,208,338,444,272
KARNAK [INHUMAN],0.029487179487179487,0.0018311775452773404,0.43910677425408146,0.04209650548848074,144,170,95,123
KARNILLA [ASGARDIAN],0.012393162393162393,9.000872949722598e-06,0.3454384410983171,0.006540930505734278,335,804,1080,629
KATH,0.0059829059829059825,0.0,0.3509298140371926,0.00995156820729632,702,1310,761,455
"KATZENBERG, NICK",0.01282051282051282,1.1028829439783866e-05,0.3514041147319417,0.0047904736728163755,326,772,739,770
KA-ZAR / KEVIN PLUNDER,0.022222222222222223,0.0032132897254970047,0.42398985323428157,0.03183158516733095,193,117,146,169
"KELLY, SEN. ROBERT E",0.010256410256410256,3.7912340786677287e-06,0.362453531598513,0.01806518793295721,395,904,472,292
"KEMEL, MEHMET",0.0008547008547008547,0.0,0.35082458770614694,0.0015879064853256786,1996,1310,780,1496
"KENT, CLARK",0.002136752136752137,0.0008547008547008547,0.37614531425815784,0.0049387391629940195,1489,258,332,752
"KETCH, BARBARA",0.0008547008547008547,0.0,0.28634361233480177,0.0001564568548043893,1996,1310,2130,2179
"KETCH, DORIS AUDRA",0.003418803418803419,2.7985327941361672e-05,0.30528375733855184,0.00041756386538397994,1126,661,1986,2069
KHORYPHOS [ETERNAL],0.00641025641025641,5.4345403665123e-07,0.31279240743216147,0.0016393575579715758,653,1115,1905,1472
"KILLBREW, DR.",0.0008547008547008547,0.0,0.27346032488021504,0.0003568958840564662,1996,1310,2185,2100
"KILLBURN, MACK",0.001282051282051282,0.0,0.2663631189527604,7.875689030880719e-05,1804,1310,2222,2235
KILLER SHRIKE / SIMON,0.00042735042735042735,0.0,0.3470780183921685,0.001198773680479419,2176,1310,1012,1690
"KILLMONGER, ERIC / N'J",0.004700854700854701,3.263138516598601e-06,0.31862745098039214,0.0009869176739686412,861,924,1803,1799
KILLRAVEN / JONATHAN R,0.0029914529914529912,0.00021340115397404835,0.3292991837883479,0.0011290017524206268,1243,407,1548,1746
"KINCAID, DR. JANE FO",0.023504273504273504,0.0006786616445785018,0.38148027388327355,0.018105679454823886,177,286,284,291
"KINCAID, DR. KEITH",0.0059829059829059825,5.672949555330226e-06,0.3602216748768473,0.007606522410176139,702,861,525,566
"KINCAID, JIMMY",0.004273504273504274,9.019319265863372e-08,0.3388848660391021,0.002052908526374024,937,1269,1247,1311
"KING, HANNIBAL / HENRY",0.0029914529914529912,0.00011146563494949847,0.32934553131597466,0.0013226112660700055,1243,501,1546,1618
KING (OF THE SEWER P,0.001282051282051282,0.0,0.3314447592067989,0.0011570052362224082,1804,1310,1495,1721
KINGO SUNEN [ETERNAL,0.006837606837606838,8.161493713388691e-07,0.31283422459893045,0.0016511060080553984,605,1061,1904,1467
KINGPIN / WILSON FISK,0.04358974358974359,0.006541848465590935,0.4226878612716763,0.023289643148222235,82,66,153,233
"KINGSLEY, DANIEL",0.0017094017094017094,0.0,0.3472325270811693,0.0017811202330801198,1649,1310,968,1415
"KIRBY, JACK",0.00042735042735042735,0.0,0.26654516459733457,6.809099041075758e-05,2176,1310,2215,2254
KISMET / J'RIDIA STARD,0.008974358974358974,0.00011058935821630793,0.37225580655424756,0.013246136135696321,442,503,359,381
KLAW / ULYSSES KLAW,0.02863247863247863,0.001076047872323148,0.42607428987618357,0.04115390319827609,151,221,138,128
"KLEIN, CAMERON",0.0008547008547008547,0.0,0.3514568939621508,0.0018654380339531626,1996,1310,733,1384
"KLEINFELDT, LORNA",0.0008547008547008547,0.0,0.2635728767740482,5.1034862276099406e-05,1996,1310,2243,2277
"KLEINSTOCK, HARLAN",0.0038461538461538464,7.958739491396762e-07,0.3350995274237434,0.002704405355046784,1005,1064,1393,1124
"KLEINSTOCK, SVEN",0.0038461538461538464,7.958739491396762e-07,0.3350995274237434,0.002704405355046781,1005,1064,1393,1125
KLIGGER / SEN. EUGENE,0.001282051282051282,1.8270646744353456e-07,0.3508771929824561,0.0014906764058017327,1804,1210,769,1546
"KLINE, MR.",0.002136752136752137,3.134485425594042e-06,0.348681269557443,0.002627126485387837,1489,927,868,1140
"KNIGHT, MISTY",0.02094017094017094,0.002151249409770372,0.41711229946524064,0.023640618356671955,208,153,170,232
KNOCKABOUT / ,0.0017094017094017094,0.0,0.3224472922695329,0.0007766056758199625,1649,1310,1726,1932
"KOENIG, ERIC",0.0029914529914529912,2.469305590297467e-07,0.3553530751708428,0.003696950421317937,1243,1187,612,902
KOFI [KYMELLIAN],0.0038461538461538464,0.0,0.344016465745369,0.0032303052352844076,1005,1310,1112,991
KORATH THE PURSUER,0.001282051282051282,0.0,0.3508771929824561,0.0014747144261281243,1804,1310,769,1554
KORREK,0.001282051282051282,0.0,0.2758132956152758,0.00010126099056841451,1804,1310,2176,2214
"KORVAC, MICHAEL",0.008974358974358974,2.429265759433581e-06,0.37809015996122153,0.01813443947017783,442,948,313,290
"KRAMER, KENNY",0.002136752136752137,0.0,0.30862569242943816,0.0010455581748217405,1489,1310,1957,1789
"KRAMER, STACEY",0.002564102564102564,7.308258697741383e-08,0.30866640284922836,0.0011217392009154838,1362,1277,1956,1753
KRANG [ATLANTEAN],0.0017094017094017094,5.746021321963535e-06,0.3456936031910179,0.0023500898490925286,1649,858,1074,1215
"KRAUS, DR. FREIDERIC",0.0008547008547008547,0.0,0.32832889013610217,0.000992210074803052,1996,1310,1609,1797
KRAVEN THE HUNTER II,0.002136752136752137,0.0,0.3476968796433878,0.002451219432876885,1489,1310,931,1182
KRAVEN THE HUNTER / SE,0.0059829059829059825,5.172246090947566e-06,0.3502994011976048,0.004218250884621424,702,875,804,838
"KREA, BRUNO",0.003418803418803419,0.0,0.3226251206397353,0.001070705723537454,1126,1310,1710,1776
KRISTA,0.003418803418803419,1.5046775904716753e-07,0.34346103038309117,0.0036022300596242436,1126,1231,1129,924
KRISTOFF / KRISTOFF VE,0.010683760683760684,2.5159377712497097e-05,0.36591086786551996,0.01481814917667834,382,671,431,341
KRO [DEVIANT],0.010256410256410256,4.170537799845243e-05,0.31342084114653096,0.0017957957179347479,395,615,1891,1409
KRONOS,0.0038461538461538464,5.517140825165223e-07,0.35108777194298574,0.006267566550461265,1005,1112,753,646
KRUEGER,0.002136752136752137,0.0,0.34498009730207874,0.004852605374651546,1489,1310,1091,759
KRUEL / VICTOR KRUELLE,0.0008547008547008547,0.0,0.33139781900580656,0.0011455889879204333,1996,1310,1497,1730
KUROKO / ,0.003418803418803419,0.0,0.3472840605520926,0.006484997677557676,1126,1310,961,635
KURSE / ALGRIM [ASGARD,0.006837606837606838,1.3186667201875837e-06,0.34011627906976744,0.004388918419427941,605,1010,1215,818
"KWAN, TERRY",0.00042735042735042735,0.0,0.3470780183921685,0.001198773680479419,2176,1310,1012,1690
KYLUN / COLIN MCKAY,0.009829059829059829,6.163536797357117e-06,0.3290676416819013,0.0036844116045396612,414,844,1575,904
"LACOSTE, RAE",0.0029914529914529912,0.0,0.3385416666666667,0.001960643543094863,1243,1310,1262,1349
"LADONNA, HOLLY",0.001282051282051282,0.0,0.339179591245108,0.002494328489148213,1804,1310,1235,1172
LADY DEATHSTRIKE / YUR,0.006837606837606838,2.4081602060050308e-05,0.35019455252918286,0.00673324098657495,605,675,810,620
LADY LARK / LINDA LEWI,0.012393162393162393,0.00040481602736442177,0.3807354376830459,0.012426842706421004,335,336,292,397
LADY LOTUS,0.0017094017094017094,0.0,0.3515096890491212,0.0018704777517363279,1649,1310,730,1381
LANCER / SAMANTHA DUNB,0.001282051282051282,0.0001215868105201553,0.3194103194103194,0.00093566927755049,1804,489,1796,1839
"LANDERS, GENA",0.0029914529914529912,1.4616517395482766e-07,0.3157894736842105,0.0006685400442090719,1243,1232,1860,1959
"LANDERS, RAY",0.002564102564102564,0.0,0.3157468627715558,0.0006621343895329627,1362,1310,1862,1961
"LANDERS, RICKY",0.002564102564102564,0.0,0.3157468627715558,0.0006621343895329602,1362,1310,1862,1962
"LANE, LOIS",0.00042735042735042735,0.0,0.2733644859813084,4.873087071542411e-05,2176,1310,2186,2278
"LANE, SILAS",0.002136752136752137,0.0,0.26642377319822386,8.150389097733374e-05,1489,1310,2217,2223
"LANG, CASSANDRA CASS",0.0059829059829059825,1.2063302036719926e-05,0.3611111111111111,0.009567251609913225,702,760,502,470
"LANG, DR. STEVEN",0.004700854700854701,8.526301814031613e-08,0.3518796992481203,0.009453242358353323,861,1270,718,475
"LANGSTROM, LIEUTENAN",0.0008547008547008547,0.0,0.32832889013610217,0.0009962994486234797,1996,1310,1609,1796
"LANGTREE, GINA",0.00042735042735042735,0.0,0.29411764705882354,0.00024823165894486787,2176,1310,2085,2125
LANN,0.001282051282051282,0.0,0.334429041017579,0.0011605698211998381,1804,1310,1419,1719
"LANSING, CHERYL",0.00042735042735042735,0.0,0.25936599423631124,3.10877586132482e-05,2176,1310,2280,2299
"LAPIN, EMIL",0.002136752136752137,0.0,0.3207676490747087,0.0009309674694584364,1489,1310,1757,1844
"LARGO, CHIEF",0.0017094017094017094,0.0,0.3344768439108062,0.0015165856018934801,1649,1310,1417,1541
"LAVEAU, MARIE",0.002136752136752137,2.1924776093224145e-07,0.32925284930350357,0.0013190814515807619,1489,1201,1555,1621
LAYLA,0.0008547008547008547,0.0,0.2705202312138728,6.752982699447553e-05,1996,1310,2195,2255
LEADER / SAM STERNS,0.014102564102564103,0.0006342368386106412,0.4095204760238012,0.018881465914311866,296,296,190,282
LEAP-FROG / VINCENT PA,0.00042735042735042735,0.0,0.25773763630355767,1.1829532055728222e-05,2176,1310,2292,2331
"LEBEAU, JEAN-LUC",0.0017094017094017094,0.0,0.3207236842105263,0.000921781550968475,1649,1310,1760,1849
"LEBEAU, MERCY",0.002136752136752137,0.0,0.3207676490747087,0.0009309674694584367,1489,1310,1757,1843
LEECH,0.023076923076923078,0.0009074518267672562,0.3652825476116141,0.016521044074591266,180,239,440,310
"LEEDS, BETTY BRANT",0.038461538461538464,0.0020866873983311886,0.41284403669724773,0.02128496924189966,100,155,183,254
"LEEDS, NED",0.01752136752136752,6.07335778089926e-05,0.3627344597736785,0.00837468716184557,240,574,468,518
"LEE, STAN",0.0029914529914529912,0.0008547008547008547,0.36335403726708076,0.006900833825696749,1243,258,458,604
"LE FEY, MORGAN",0.013247863247863248,0.0016319744578142984,0.3841103086014445,0.018062771063132702,315,186,268,293
LEFT HAND / DIEGO CASS,0.00641025641025641,4.479261120987724e-08,0.33248081841432225,0.0044561151487458985,653,1293,1470,805
LEFT-WINGER / HECTOR L,0.0008547008547008547,0.0,0.3169443315725315,0.0007349492693598231,1996,1310,1851,1935
LEGION II / DAVID HALL,0.014102564102564103,1.92525968179671e-05,0.364656381486676,0.02265777280912045,296,697,446,239
"LEI KUNG, THE THUNDE",0.002564102564102564,0.0,0.3222252822913798,0.0013356336514202087,1362,1310,1732,1610
LEIR,0.004700854700854701,7.355965883527382e-05,0.33859065258283894,0.0031284469982220953,861,549,1257,1016
"LELAND, HARRY",0.005555555555555556,6.185297756912123e-07,0.35082458770614694,0.00965766241075379,754,1095,780,464
LEO / DANIEL RADFORD,0.005128205128205128,6.690657889277821e-05,0.3383458646616541,0.0016231544155253842,808,557,1277,1478
LEONUS / LIONUS [INHUM,0.00641025641025641,0.00011556430293253768,0.34320915224405985,0.006143521957010699,653,495,1134,653
"LEQUARRE, GERRY",0.001282051282051282,0.0,0.2581356867071153,2.1396004085504108e-05,1804,1310,2287,2308
LEVAN,0.0029914529914529912,0.0,0.35390199637023595,0.005975518271849089,1243,1310,658,666
LEVIATHAN IV,0.002136752136752137,0.0,0.3224917309812569,0.0008531365173296834,1489,1310,1722,1899
"LEVIN, MAJOR DEBRA",0.00042735042735042735,0.0,0.2550408719346049,2.8213999677563296e-05,2176,1310,2304,2305
"LEWIS, DEVON",0.0038461538461538464,9.032400148480876e-08,0.3485254691689008,0.0025828518650941427,1005,1267,878,1151
"LEWIS, SHIRLEY WASHI",0.0059829059829059825,2.4069635395467915e-06,0.3490974190660898,0.002994393328629508,702,949,851,1048
LIBERATOR / PRINCE TRI,0.0038461538461538464,0.0,0.2468354430379747,1.892339362982549e-05,1005,1310,2322,2312
LIBRA / GUSTAV BRANDT,0.011538461538461539,0.0003626776698590718,0.37475976937860345,0.01393981348199869,361,343,342,359
LIFEFORCE,0.0029914529914529912,6.256517003293925e-05,0.33519553072625696,0.001490566299387339,1243,568,1388,1548
LIGHTMASTER / EDWARD L,0.0008547008547008547,0.0,0.3471295060080107,0.0014270564806383888,1996,1310,992,1576
LIGHTSPEED / JULIE POW,0.00811965811965812,0.00012380111523714447,0.35363457760314343,0.006793346566565743,497,486,663,612
LILANDRA NERAMANI [S,0.03803418803418803,0.007587080873750343,0.41980624327233584,0.050328818632740795,104,61,160,100
LILITH / ANGEL O'HARA / ,0.00042735042735042735,0.0,0.2644964394710071,3.631031072078649e-05,2176,1310,2235,2292
LILITH II,0.0017094017094017094,0.0,0.30512452731777284,0.00040863238948390474,1649,1310,1989,2080
"LINCOLN, WILLIAM WIL",0.00042735042735042735,0.0,0.3291139240506329,0.0009157885162193993,2176,1310,1571,1853
LINK,0.0029914529914529912,3.479062998491481e-07,0.2974072191154042,0.000583156496605347,1243,1156,2053,1990
"LIPSCOMB, DR. ANGELA",0.002136752136752137,2.436086232580461e-07,0.33452466047176554,0.0018130375354662943,1489,1188,1411,1396
"LITTLE, ABNER",0.001282051282051282,8.677111215242358e-07,0.3180644284355036,0.0007875722298690803,1804,1052,1814,1925
"LITTLETREE, LINDA",0.0008547008547008547,0.0,0.2941546197360151,0.00025487986577945725,1996,1310,2084,2122
LIVEWIRE / RANCE PREST,0.003418803418803419,5.515120691262857e-06,0.2805755395683453,0.00020439321923799482,1126,865,2154,2141
LIVING LASER / ARTHUR,0.005555555555555556,6.592470189563524e-07,0.3774193548387097,0.01367223914201535,754,1086,318,368
LIVING LIGHTNING / MIG,0.038461538461538464,0.00032029914047699014,0.4564072557050907,0.07250265593294568,100,355,66,57
LIVING MONOLITH / AHME,0.004273504273504274,0.0,0.36879432624113473,0.011003261193102225,937,1310,396,428
LIVING TRIBUNAL,0.004700854700854701,0.0,0.37481979817395483,0.009644218984109257,861,1310,341,467
LIZARD / DR. CURTIS CO,0.025213675213675214,0.0012046194548549652,0.4205607476635514,0.03246850118012976,167,213,157,167
LLYRA / LLYRA MORRIS,0.004700854700854701,7.887015207875718e-05,0.3629595160539786,0.0044132930485214755,861,539,464,813
LLYRON,0.002136752136752137,7.770220167310339e-07,0.33008887008040627,0.0016514641823101722,1489,1070,1521,1466
LOBO,0.001282051282051282,0.0,0.3426563186410895,0.0023184258926747547,1804,1310,1145,1229
"LOBO, CARLOS",0.0017094017094017094,0.0,0.3472325270811693,0.0016186509619765795,1649,1310,968,1485
"LOBO, EDUARDO",0.0059829059829059825,2.1095135389046906e-06,0.3498280759455823,0.003314598962986716,702,957,818,979
LOCKHEED,0.03205128205128205,0.002104627168460693,0.4230699692641475,0.037865853277903025,127,154,150,142
LOCKJAW [INHUMAN],0.026923076923076925,0.0009640962281678641,0.4151880766501065,0.04234278028930951,158,232,177,121
"LOCKLIN, GENERAL MER",0.002564102564102564,0.0,0.3249097472924188,0.0016969067310161024,1362,1310,1653,1451
LOCUS,0.002136752136752137,0.0,0.30425172279287477,0.0018635402435457614,1489,1310,1999,1385
LOGA II,0.006837606837606838,3.2827524246386844e-06,0.34036363636363637,0.0029550380205761147,605,921,1208,1058
"LOHAN, PETER",0.003418803418803419,0.0,0.3226251206397353,0.0010707057235374538,1126,1310,1710,1777
LOKI [ASGARDIAN],0.044444444444444446,0.004120989862642921,0.4368932038834951,0.046161300079704363,79,104,101,107
LONGSHOT,0.021367521367521368,0.0007793864553451192,0.3766296475132786,0.02871570938396301,206,273,325,185
LOOTER / NORTON G. FES,0.0008547008547008547,0.0,0.34774855104770397,0.0012695739372269507,1996,1310,924,1640
LORD CHAOS,0.010683760683760684,0.00013730200716947523,0.37919299951385516,0.015545010813719862,382,476,307,325
LORD GASPAR,0.0038461538461538464,0.0,0.2468354430379747,1.8923393629827357e-05,1005,1310,2322,2309
LORD TEMPLAR / ,0.0017094017094017094,0.0,0.3549757281553398,0.004969827573864541,1649,1310,626,747
LORELEI II / MELODI [A,0.009829059829059829,2.9724136689364694e-05,0.3511931562359298,0.0059955738106268084,414,653,751,665
LOVE,0.0038461538461538464,2.9067545380242903e-06,0.3253615127919911,0.00291022539493961,1005,935,1649,1069
"LUBENSKI, NATE",0.01581196581196581,3.583691015816457e-05,0.3514041147319417,0.005449456984941563,267,632,739,699
"LUCIFER, REV.",0.0008547008547008547,0.0,0.2917341977309562,0.0001784990923313735,1996,1310,2114,2162
LUMINOR,0.004700854700854701,1.7763128779232528e-07,0.33878673809179094,0.001867517337750843,861,1219,1252,1383
"LUMPKIN, WILHEMINA B",0.0017094017094017094,0.0,0.3416058394160584,0.004785599770626577,1649,1310,1167,772
"LUMPKIN, WILLIAM WIL",0.00641025641025641,1.7252551256035791e-06,0.3605546995377504,0.010199688966329789,653,972,518,444
LUMP,0.0029914529914529912,0.0,0.3225806451612903,0.001060035716643937,1243,1310,1714,1783
LUNA / LUNA MAXIMOFF [,0.01752136752136752,0.00024120067703617764,0.385502471169687,0.026692102012164425,240,388,262,198
LUNATIK / ARISEN TYRK,0.002564102564102564,0.0,0.33678756476683935,0.0026152307100464943,1362,1310,1368,1143
LUPE,0.0017094017094017094,0.0,0.2992710065225732,0.0002094282708694886,1649,1310,2040,2136
LUPO,0.005128205128205128,5.846166187255245e-06,0.35071942446043164,0.006812103036132503,808,854,794,611
LYJA LAZERFIST [SKRU,0.020512820512820513,0.0004218113360793403,0.41614796372043394,0.026758001527367365,221,330,174,197
"LYNNE, MONICA",0.009401709401709401,0.0006042336892086932,0.36459956372701774,0.007658429389183335,427,304,448,564
MAA-GOR,0.0008547008547008547,0.0,0.29782359679266895,0.0005380184590882447,1996,1310,2051,2015
MACHETE / FERDINAND LO,0.002564102564102564,0.0,0.3535811423390752,0.0020189684956218234,1362,1310,666,1326
MACHINE MAN / X-51,0.020512820512820513,0.005143446182680312,0.4334135951102056,0.04024524647073125,221,85,112,133
"MACINTOSH, ANN",0.0008547008547008547,0.0,0.3471295060080107,0.0015233688758074747,1996,1310,992,1537
"MACKENZIE, AL",0.00641025641025641,5.362657157830514e-06,0.3239202657807309,0.0019498420102878307,653,871,1671,1353
"MACLAIN, DR. MYRON",0.001282051282051282,0.0,0.34026465028355385,0.0027665686766767026,1804,1310,1211,1105
"MACON, ANGELO",0.0059829059829059825,0.0001731674921717247,0.3473871733966746,0.0052956559522392265,702,450,955,711
"MACTAGGERT, MOIRA KI",0.046153846153846156,0.0013402137819809564,0.4049143450423949,0.04588131706982173,76,202,204,108
MADAME HYDRA VI,0.003418803418803419,0.0,0.32360669340340203,0.0018584490386073383,1126,1310,1679,1387
MADAME MASQUE / GIULIE,0.011538461538461539,9.129107205150744e-05,0.3713106950174548,0.014961574071697133,361,527,371,339
MADAME MASQUE III,0.006837606837606838,4.558920273762751e-06,0.3701360329009807,0.014403087405847916,605,887,383,349
MADAME MENACE / SUNSET,0.0017094017094017094,0.0,0.3383947939262473,0.0019438899837217255,1649,1310,1274,1357
MADAME QWA,0.001282051282051282,0.0,0.34718100890207715,0.0012549255870859058,1804,1310,976,1644
MADAME WEB / CASSANDRA,0.003418803418803419,3.2317718214238704e-06,0.34977578475336324,0.00255120185084177,1126,925,819,1158
"MADDEN, CHET",0.002136752136752137,0.0,0.3516153268219384,0.002063092159257984,1489,1310,727,1309
"MADDICKS, ARTHUR ART",0.02264957264957265,0.0006764515254571605,0.3573610262675626,0.015672947516415826,182,287,567,320
MAD DOG / COLONEL BUZZ,0.013675213675213675,0.0002969811128639713,0.3883817427385892,0.016987268104168934,305,360,252,306
"MADISON, TAYLOR",0.0017094017094017094,0.0,0.3369815668202765,0.0029755475769246546,1649,1310,1355,1052
MADMAN / PHIL STERNS,0.00042735042735042735,0.0,0.33433347621088727,0.0011298996369302004,2176,1310,1430,1736
MAELSTROM / MALCOLM ST,0.0059829059829059825,0.002158044550932024,0.346563981042654,0.004498678797583916,702,152,1041,799
MAGDALENE / MARISSA DA,0.010683760683760684,1.478880765941014e-05,0.38266557645134913,0.020880917516354066,382,722,275,257
MAGGOTT / JAPHETH,0.007692307692307693,2.122651228833789e-06,0.35873064540855437,0.013200304040772267,530,956,538,383
MAGIK / ILLYANA RASPUT,0.02863247863247863,0.0013878308087902954,0.4042148903092071,0.03132202851537818,151,199,207,172
MAGMA / AMARA AQUILLA / ,0.017094017094017096,0.00032308242143564965,0.3956043956043956,0.01986462307602515,249,353,229,270
MAGNETO / MAGNUS / ERIC,0.06666666666666667,0.005247394637845723,0.4637336504161712,0.07899820255454622,48,83,55,47
MAGNETO | MUTANT X-V,0.0059829059829059825,1.5660554352302966e-06,0.31802120141342755,0.001001516278368784,702,984,1817,1794
MAGNIR,0.0038461538461538464,6.828777051964824e-07,0.33785734911926074,0.0021605292477250002,1005,1082,1304,1270
MAGNUS,0.002136752136752137,3.8193416022875795e-05,0.3368845378635186,0.0017327550271295693,1489,622,1365,1437
MAGUIRE,0.002136752136752137,0.0,0.3479553903345725,0.0022258374138038497,1489,1310,910,1253
MAGUS,0.031196581196581197,2.9881301227856034e-05,0.4243743199129489,0.061930629326054656,136,652,144,78
MAGUS II,0.0029914529914529912,0.0,0.3216494845360825,0.0031669835761332795,1243,1310,1743,1001
MAHA YOGI,0.001282051282051282,0.0,0.31316916488222696,0.0007783987265075145,1804,1310,1896,1929
MAINSPRING,0.001282051282051282,0.0,0.2875752734423006,0.00029306821867418857,1804,1310,2124,2113
"MAJCOMB, RENEE",0.0008547008547008547,0.0,0.3369330453563715,0.0020457297944150806,1996,1310,1360,1315
MAJESTON ZELIA,0.0029914529914529912,1.4616517395482766e-07,0.3374675511970003,0.0017416917613777784,1243,1232,1334,1432
MAJOR DOMO,0.005128205128205128,3.309130772974738e-07,0.3551373501290029,0.0091986635804651,808,1171,622,487
"MAJOWSKI, SAM MOTHER",0.003418803418803419,0.0,0.3215610828638175,0.0015942349151931259,1126,1310,1744,1494
MAKKARI / MIKE KHARY / I,0.02564102564102564,0.0022889786345024737,0.37913156189241737,0.01764359426177336,163,147,308,300
MALAN Sometimes spel,0.00042735042735042735,0.0,0.3082191780821918,0.0005336577204166217,2176,1310,1968,2017
MALEKITH / MALCOLM KEI,0.0059829059829059825,2.1282965257183386e-07,0.33932714617169374,0.003597825323883156,702,1202,1229,927
MALICE III,0.0008547008547008547,0.0,0.3384437373445184,0.0023673637161891604,1996,1310,1268,1207
MALICE IV,0.006837606837606838,2.212045054580676e-06,0.34951456310679613,0.009283746468691604,605,954,831,485
MALICE V / NAKIA,0.004700854700854701,1.0898999928289572e-06,0.3183673469387755,0.0010463819909048743,861,1026,1806,1787
"MALPHER, KATHY",0.0017094017094017094,0.0,0.33200908059023837,0.0015430280573530755,1649,1310,1483,1515
MALTESE,0.0008547008547008547,0.0,0.33139781900580656,0.0011455889879204333,1996,1310,1497,1730
"MALUS, DR. KARL",0.001282051282051282,0.0,0.35103510351035105,0.0017305965043495552,1804,1310,760,1439
MAM'SELLE HEPZIBAH,0.014957264957264958,2.8748727730449482e-05,0.37572254335260113,0.020766648026057846,284,657,336,261
MAN-APE / M'BAKU,0.002136752136752137,3.419975134086984e-07,0.3442695306752979,0.0046048047564251965,1489,1164,1109,789
MAN-BEAST,0.008547008547008548,2.5924887486797988e-05,0.34998504337421477,0.006364750966702196,468,667,814,642
MANBOT / BERNIE LACHEN,0.007264957264957265,1.5466979939511767e-06,0.32369622354405864,0.005088873002687747,562,987,1678,735
MAN-BULL / BULL TAURUS,0.00042735042735042735,0.0,0.3291139240506329,0.0009157885162193993,2176,1310,1571,1853
MANDARIN,0.015384615384615385,0.0004392451395787839,0.3872889771598808,0.018679418980884457,275,324,257,284
MANDRILL / HENSLEY FAR,0.002564102564102564,8.185015492476145e-06,0.34406704896338774,0.003463809229770688,1362,815,1110,959
"MANELLI, DINO",0.002564102564102564,7.308258697741383e-08,0.354814253222138,0.0029327083119505314,1362,1277,632,1064
MANGOG,0.006837606837606838,4.132073821086651e-06,0.3427065026362039,0.004781442765968289,605,895,1144,777
"MANH, COY LEONG XUI",0.0017094017094017094,0.0,0.3135468310330966,0.0010870346830993058,1649,1310,1888,1767
"MANH, COY NGA",0.0017094017094017094,0.0,0.3135468310330966,0.0010870346830993067,1649,1310,1888,1766
MANIKIN / DR. WHITMAN,0.007692307692307693,1.1146263134305745e-05,0.3464100666173205,0.006765706283596595,530,769,1045,615
MAN-KILLER / KATRINA L,0.006837606837606838,6.700389154649557e-06,0.33290653008962867,0.0036066079085825043,605,839,1458,921
MAN-MOUNTAIN MARKO,0.001282051282051282,0.0,0.34718100890207715,0.0015354219414280453,1804,1310,976,1524
"MANOLIS, LT. NICK",0.001282051282051282,0.0,0.33191489361702126,0.0013972058275792565,1804,1310,1487,1586
MANSLAUGHTER,0.003418803418803419,9.924667629135009e-06,0.3463587921847247,0.0054172060776133965,1126,788,1047,703
MAN-THING / THEODORE T,0.007264957264957265,0.005190201846019632,0.3783958602846054,0.008995417676106366,562,84,310,495
MANTIS / ? BRANDT,0.013247863247863248,4.359227202993553e-05,0.392419922857622,0.023892572562665415,315,611,241,230
MANTIS (SPACE PHANTO,0.005555555555555556,5.220184784100987e-08,0.36183701871037577,0.011687996140996065,754,1285,486,411
MARILLA [INHUMAN],0.005555555555555556,1.346302593016157e-07,0.35240963855421686,0.009541420226128585,754,1238,695,471
MARIONETTE / MARI,0.002136752136752137,0.0,0.3200656544932294,0.0013735184894339298,1489,1310,1792,1594
MARITA,0.0017094017094017094,0.0,0.2929027412692452,0.0002947997741953837,1649,1310,2091,2109
"MARRERO, ED",0.003418803418803419,0.0,0.3215610828638175,0.0016561519644341153,1126,1310,1744,1465
MARRINA / MARRINA SMAL,0.009401709401709401,4.263446448786962e-05,0.36728927954795165,0.012271127392992862,427,613,417,399
MARROW / SARAH,0.02094017094017094,0.00021424320280834445,0.3846786125267138,0.025644061969250224,208,406,266,209
"MARRS, DESMOND",0.004273504273504274,7.702350628794349e-06,0.33766233766233766,0.002214716164909918,937,828,1330,1256
"MARRS(-PAYNE), PHOEB",0.007264957264957265,8.327154148639261e-05,0.3608326908249807,0.004177097309426453,562,535,506,843
"MARTELL, SHIELD AGEN",0.0008547008547008547,0.0,0.3068450039339103,0.0005459309499688083,1996,1310,1977,2009
MARTHA,0.0029914529914529912,0.0,0.3473871733966746,0.0016365343280394509,1243,1310,955,1473
"MARTIN, ASHLEY",0.004273504273504274,0.0,0.3484735666418466,0.008834933085818711,937,1310,883,503
"MARTINELLI, VINCENT",0.002564102564102564,7.308258697741383e-08,0.3384926949226096,0.0019271265258833028,1362,1277,1265,1365
"MARTINEZ, ISADORA",0.0017094017094017094,0.0,0.2658788774002954,9.207580151540762e-05,1649,1310,2229,2217
"MARTIN, TERI",0.005128205128205128,1.9603217298702603e-06,0.34857738715924325,0.008992913925849557,808,963,873,496
MARVEL BOY VI,0.001282051282051282,0.0,0.3231597845601436,0.0011084679184084234,1804,1310,1690,1760
MARVEL GIRL II / VALER,0.003418803418803419,1.0013317008435087e-05,0.3537949803447233,0.006821473885068282,1126,787,659,609
MARVEL GIRL / JEAN GRE,0.10427350427350428,0.01269734375585084,0.4904632152588556,0.1066666581056828,22,38,23,28
MARVEL WOMAN | MUTAN,0.004273504273504274,2.436086232580461e-07,0.31784841075794623,0.0009642988310129606,937,1188,1822,1818
MARX,0.002136752136752137,0.0,0.33352337514253133,0.001617513795530087,1489,1310,1446,1488
MASKED MARAUDER / FRAN,0.001282051282051282,0.0,0.3298097251585624,0.0013132275856520394,1804,1310,1533,1627
"MASON, LOUISE",0.004700854700854701,1.0622156022571062e-05,0.3306953080836631,0.001375484197367327,861,776,1501,1591
"MASON, WANDA",0.0008547008547008547,0.0,0.3299027209925278,0.0011162068013590841,1996,1310,1524,1756
MASQUE,0.011538461538461539,5.975546367389768e-05,0.3577981651376147,0.01104245702487586,361,576,562,426
MASTER / ESHU,0.010256410256410256,7.389074510430642e-05,0.36397573495100327,0.011147959730682168,395,548,453,423
MASTER KHAN / TYRONE K,0.0038461538461538464,1.6962972697561183e-05,0.3421552858605059,0.003033802253394968,1005,706,1154,1033
MASTER MAN / WILHELM L,0.005555555555555556,4.085243521761316e-05,0.3603326147212812,0.003773250784698696,754,617,522,887
MASTER MENACE / DR. EM,0.005128205128205128,3.321935771700628e-08,0.28291621327529926,0.0008600442995922638,808,1302,2142,1887
MASTERMIND III,0.00042735042735042735,0.0,0.3046875,0.00039007408739966223,2176,1310,1995,2088
MASTERMIND / JASON WYN,0.011965811965811965,1.788573151811006e-05,0.37042900110812094,0.021407537875916198,349,703,379,251
MASTER MOLD II,0.011111111111111112,3.4744086208404223e-06,0.362565850635265,0.019545523766915433,374,917,469,273
MASTER ORDER,0.009401709401709401,0.00010901678248524075,0.3772976459206708,0.013416639046648506,427,508,319,375
MASTER PANDEMONIUM / M,0.002136752136752137,0.0,0.35320754716981134,0.005218490890485609,1489,1310,676,722
MASTER PROGRAMMER,0.0038461538461538464,4.5821621993775333e-07,0.2638998533889703,0.00018544820320977082,1005,1128,2236,2154
"MASTERS, ALICIA REIS",0.03632478632478633,0.002852622505500602,0.4493950451315537,0.05422064454181901,114,124,82,91
"MASTERS, DR. AUGUST",0.002136752136752137,7.875763199099147e-06,0.3405617814000873,0.0023962740453217124,1489,823,1200,1196
"MASTERSON, KEVIN",0.011965811965811965,9.941167719356063e-05,0.362453531598513,0.009300757138912678,349,521,472,484
MATHEMANIC / THOMAS SO,0.004273504273504274,3.582772037231848e-06,0.32920652785593696,0.0034160785651541486,937,909,1564,968
MAVERICK / CHRISTOPHER,0.005128205128205128,0.0037568307604036143,0.346512661039538,0.002962414303440092,808,111,1043,1056
MAX II,0.0008547008547008547,0.0,0.33438125178622463,0.0014761826326054922,1996,1310,1423,1552
"MAXIMOFF, DJANGO",0.004273504273504274,0.0,0.37332482450542437,0.010750932425647574,937,1310,354,431
MAXIMUS [INHUMAN],0.015384615384615385,0.0008812532153973329,0.3762057877813505,0.017908795562304927,275,248,331,295
MAXOV,0.0008547008547008547,0.0,0.3225806451612903,0.0008061523245284564,1996,1310,1714,1914
"MAXWELL, DR. WILFRED",0.00042735042735042735,0.0,0.33433347621088727,0.0011298996369302004,2176,1310,1430,1736
"MAXWELL, MORRIS",0.001282051282051282,0.0,0.34743875278396436,0.001255034318943028,1804,1310,952,1643
"MAYE, APRIL",0.0008547008547008547,0.0,0.3471295060080107,0.0012227550195052887,1996,1310,992,1663
MAYHEM / DET. BRIGID O,0.0029914529914529912,0.0,0.303975058456742,0.00043568108041388366,1243,1310,2004,2064
"MCCABE, LINDSAY",0.00641025641025641,0.00020958963091746147,0.3476968796433878,0.0022158513944838263,653,414,931,1255
"MCCABE, NINA",0.00042735042735042735,0.0,0.2635431918008785,3.4927430653196846e-05,2176,1310,2244,2293
"MCCOURT, ALLISON",0.002136752136752137,0.0,0.27880376504229715,0.0004378471963819886,1489,1310,2158,2059
"MCCOY, EDNA ANDREWS",0.002136752136752137,0.0,0.3449292452830189,0.004799645636789329,1489,1310,1092,765
"MCCOY, NORTON",0.002136752136752137,0.0,0.3449292452830189,0.004799645636789327,1489,1310,1092,766
"MCDOWELL, SCOTTY",0.0017094017094017094,0.0008548835611682982,0.30189652948006707,0.0003676292774939177,1649,255,2026,2097
"MCGRILL, MARY",0.002136752136752137,0.0,0.24838127587304956,5.719566189899236e-05,1489,1310,2317,2268
"MCHELE, JEREMY",0.001282051282051282,1.8270646744353456e-07,0.2828820116054159,0.00013325435305016953,1804,1210,2143,2196
"MCKEEVER, TINY",0.0038461538461538464,4.567661686088364e-08,0.3479553903345725,0.0028508097171701897,1005,1288,910,1089
"MCKENZIE, SCARLETT",0.00042735042735042735,0.0,0.31746031746031744,0.0008754321964689134,2176,1310,1846,1873
"MCLAREN, MEGAN",0.005128205128205128,0.0,0.3865213082259663,0.012812801118538455,808,1310,261,389
"MCPHERSON, LING",0.0017094017094017094,0.0,0.3383947939262473,0.0019424037877904645,1649,1310,1274,1360
"MEACHUM, JOY",0.0029914529914529912,1.8702318727291635e-06,0.33673909915095696,0.002312963671010539,1243,968,1371,1231
"MEACHUM, WARD",0.0038461538461538464,6.436388713904653e-06,0.3369330453563715,0.0024575368797385925,1005,842,1360,1178
MEANY,0.0059829059829059825,1.7188941296553783e-07,0.3565442632942252,0.009995283097024226,702,1222,579,452
MEDEA,0.003418803418803419,5.438107843684545e-07,0.3492537313432836,0.0018971513877505833,1126,1113,844,1374
"MEDINA, ANALISA MARI",0.002136752136752137,9.135323372176728e-08,0.3122081387591728,0.0005121096377328943,1489,1258,1921,2024
MEDUSA / MEDUSALITH AM,0.03205128205128205,0.001976725939439191,0.4450361354127044,0.044519898574074894,127,162,91,113
MEGGAN,0.022222222222222223,0.0012236554764569476,0.3847418612298586,0.021636830139642526,193,209,265,248
"MELLACE, LUCY SANTIN",0.00042735042735042735,0.0,0.2916978309648467,0.0001767378298098777,2176,1310,2117,2165
MELLENCAMP,0.0059829059829059825,0.0,0.3509298140371926,0.00995156820729632,702,1310,761,455
MELTER / BRUNO HORGAN,0.007264957264957265,5.3535589275256834e-05,0.371900826446281,0.012261783996887064,562,590,363,401
"MELTON, LORRIE",0.002136752136752137,0.0,0.3419053185271771,0.005494936408332052,1489,1310,1160,697
"MENKEN, DONALD L.",0.00042735042735042735,0.0,0.3470780183921685,0.001198773680479419,2176,1310,1012,1690
"MENNINGER, CLARA",0.0008547008547008547,0.0,0.30504497457958546,0.00040056838307057463,1996,1310,1993,2086
MENTALLO,0.0008547008547008547,0.0,0.3240548400498546,0.0010042339826098383,1996,1310,1670,1793
MENTOR / ALARS [ETERNA,0.00811965811965812,0.00010499642894292227,0.37999350438454044,0.013861682626820368,497,511,298,361
MENTOR II,0.002136752136752137,0.0,0.29586546971804273,0.0008125330697479145,1489,1310,2077,1910
MEPHISTA,0.001282051282051282,0.0,0.32925284930350357,0.0010839852868256442,1804,1310,1555,1769
MEPHISTO,0.03205128205128205,0.0016697594769703918,0.4366486284754618,0.04067863942661804,127,184,104,130
"MERCADO, JOY",0.014102564102564103,8.739637967523182e-06,0.3514041147319417,0.005056694400708431,296,812,739,737
MERLIN,0.0008547008547008547,0.0,0.3067645516518091,0.00045325462178697943,1996,1310,1979,2054
"MERRYWEATHER, IRENE",0.00641025641025641,5.7707238282476915e-05,0.33707865168539325,0.0031709793952774926,653,582,1349,999
MESMERO,0.003418803418803419,0.0,0.3502994011976048,0.007940066696224601,1126,1310,804,544
METEORITE,0.006837606837606838,7.843660795091411e-06,0.3620609624013616,0.009447137405109404,605,824,481,477
METEORITE III / VALERI,0.004700854700854701,0.0,0.3546529251288269,0.004002950529028169,861,1310,640,862
M,0.006837606837606838,8.855198448727758e-06,0.3133369041242635,0.002332144344822937,605,808,1892,1222
"MICHEL, RAFE",0.002136752136752137,0.0,0.3514568939621508,0.0024100080009536143,1489,1310,733,1195
MICROCHIP / LINUS LIEB,0.004273504273504274,0.00025457959554587114,0.35240963855421686,0.0022564796659703926,937,382,695,1244
MICROMAX / SCOTT WRIGH,0.002564102564102564,0.0,0.3276851981515194,0.0019733435696048115,1362,1310,1622,1344
MIDAS,0.0017094017094017094,0.0,0.33903216458997393,0.0018792867449789923,1649,1310,1242,1378
MIDNIGHT III / JEFFREY,0.0038461538461538464,1.0069970890924099e-05,0.35492188684968906,0.003474164516943534,1005,785,627,957
MIDNIGHT'S FIRE / ,0.00641025641025641,4.479261120987724e-08,0.33248081841432225,0.004456115148745898,653,1293,1470,806
MIKHLO,0.004273504273504274,0.0,0.36133415688696724,0.008063285121975593,937,1310,496,540
MIMIC / CALVIN RANKIN,0.0059829059829059825,9.405986111574417e-06,0.36324122943185344,0.013083213002281557,702,799,460,385
MIND'S EYE / MEACHAM,0.002136752136752137,0.0,0.32019704433497537,0.0006389720705167153,1489,1310,1785,1972
MINERVA [KREE],0.002136752136752137,3.5638747027526504e-06,0.35583941605839414,0.00332516970826973,1489,910,604,978
MIRACLE MAN,0.00042735042735042735,0.0,0.3383458646616541,0.00124688393518676,2176,1310,1277,1647
MIRAGE II / DANIELLE M,0.042735042735042736,0.002852554002977684,0.40916244098618637,0.03498933561280509,88,125,192,152
MISS AMERICA / MADELIN,0.005128205128205128,4.821207443911523e-06,0.35627283800243603,0.0031536190485457792,808,882,587,1009
MISS ITCH / BLISS,0.001282051282051282,0.0,0.25942350332594233,3.236418626499192e-05,1804,1310,2277,2297
MISS LOCKE,0.005128205128205128,6.1148288510617e-05,0.37107516650808753,0.008945983139945999,808,573,372,498
MISTER HYDE / CALVIN Z,0.013675213675213675,0.0002741824685349393,0.39006501083513917,0.01566913437401816,305,373,247,321
MOCKINGBIRD / DR. BARB,0.03547008547008547,0.0025200747966207474,0.44844768110387123,0.053153165081796024,118,138,85,96
MODAM,0.00042735042735042735,0.0,0.3507719982011692,0.0014456122137333884,2176,1310,786,1564
MODOK / GEORGE TARLETO,0.004273504273504274,5.324184213096375e-06,0.37037037037037035,0.00852457486277596,937,872,380,514
MODRED THE MYSTIC,0.001282051282051282,0.0,0.3542234332425068,0.0027668507747143664,1804,1310,651,1103
MOJO,0.005128205128205128,0.00018859886551864417,0.354814253222138,0.008774856994415796,808,441,632,508
MOLECULE MAN / OWEN RE,0.01752136752136752,9.018236279316956e-06,0.4230699692641475,0.033833659737788624,240,803,150,159
MOLE MAN / HARVEY RUPE,0.01752136752136752,0.0010353176824420913,0.4340567612687813,0.039280233440735154,240,226,110,137
MOLTEN MAN / MARK RAXT,0.002564102564102564,0.0,0.3473871733966746,0.0021938134007355482,1362,1310,955,1261
MONDO II,0.004273504273504274,0.0,0.29706741145106,0.0013715382183753409,937,1310,2061,1597
MONGOOSE,0.002136752136752137,2.9661534659071445e-07,0.34125710952311505,0.002237218913438919,1489,1179,1183,1248
"MONGRAIN, ALISON",0.0017094017094017094,0.0,0.3472325270811693,0.001991687523964865,1649,1310,968,1335
MONTANA,0.0017094017094017094,0.00042716772088298395,0.3472840605520926,0.0014415611592708561,1649,327,961,1574
"MONTESI, VICTORIA",0.00042735042735042735,0.0,0.3288826423049895,0.0009679110094830209,2176,1310,1583,1811
MONTGOMERY,0.003418803418803419,1.4994824698098207e-05,0.26145251396648045,7.045442455544507e-05,1126,719,2262,2247
"MOODY, RUNYAN",0.0008547008547008547,0.0,0.25782282944028206,1.1948604636585157e-05,1996,1310,2288,2329
"MOOMJI, INDRIES",0.002136752136752137,0.0,0.3384437373445184,0.001908147836992891,1489,1310,1268,1372
MOONBOY,0.0038461538461538464,0.0,0.32116387592643425,0.0023365765211965234,1005,1310,1749,1221
MOONDRAGON / HEATHER D,0.055982905982905985,0.004163370489604276,0.46846846846846846,0.08147336643276212,59,102,45,43
MOONHUNTER / ZACK MOON,0.0059829059829059825,1.552571974722184e-05,0.36850393700787404,0.006753354754127696,702,713,401,617
MOON KNIGHT / MARC SPE,0.03974358974358974,0.010760001761807888,0.4609021075438251,0.06107467940656355,96,46,56,80
MOONRAKER / SLADE TRUM,0.004273504273504274,1.2828801032051885e-05,0.35214446952595935,0.006127485912790122,937,748,703,655
MOONSTONE II / KARLA S,0.02564102564102564,0.001078441077604707,0.4092339979013641,0.030501919602220116,163,220,191,177
MOONSTONE / LLOYD BLOC,0.001282051282051282,0.0,0.35135135135135137,0.002069960651172404,1804,1310,742,1303
"MORAN, KEVIN",0.0008547008547008547,0.0,0.33361847733105215,0.0011202477336087274,1996,1310,1445,1754
MORBIUS / DR. MICHAEL,0.006837606837606838,0.0018789745761189566,0.36477007014809043,0.007356435657587862,605,168,445,579
MORDRED THE EVIL,0.002136752136752137,1.0170453416757676e-05,0.3554070473876063,0.003673716375138131,1489,784,610,907
"MOREAU, DAVID",0.008547008547008548,0.0,0.3628469530159715,0.015357427881719066,468,1310,465,329
"MOREAU, PHILLIP",0.004273504273504274,5.960362027270114e-07,0.34285714285714286,0.004834254558236065,937,1103,1140,762
MORGAN,0.002136752136752137,0.0,0.3514568939621508,0.0026044569035015143,1489,1310,733,1148
"MORGAN, JERROLD JERR",0.003418803418803419,1.97641996131379e-07,0.33947482953721164,0.00301905380663162,1126,1206,1224,1038
MORG,0.0038461538461538464,1.5114244930526813e-06,0.32450422964914716,0.0028598369561848,1005,992,1660,1086
"MORLAK, MARIS",0.001282051282051282,0.00016355462337544084,0.3353396388650043,0.0012369894214192456,1804,458,1386,1654
MORPHEUS / ROBERT MARK,0.0008547008547008547,0.0,0.3155765340525961,0.0006215179534911444,1996,1310,1868,1978
"MORRELL, SABRINA",0.001282051282051282,0.0,0.3018186508448343,0.00036956798089151895,1804,1310,2027,2096
MOTHER NIGHT / SUSAN S,0.006837606837606838,0.00018644327280813486,0.35438437074057244,0.0036591437554824246,605,442,647,910
MOTHER SUPERIOR,0.005128205128205128,1.325610743219307e-06,0.35363457760314343,0.004079419902769693,808,1009,663,851
MOUSE,0.0008547008547008547,0.0,0.271304347826087,0.0001303538804182808,1996,1310,2189,2200
"MOWAT, FARLEY",0.00042735042735042735,0.0,0.31690140845070425,0.0007276974756032442,2176,1310,1853,1938
"MOY, ALYSSA",0.0029914529914529912,0.0,0.34200526161940953,0.005606228109163557,1243,1310,1157,689
MR. FANTASTIC DOPPEL,0.02094017094017094,9.426227621137208e-07,0.4140860024774376,0.04533206575521594,208,1040,179,110
MR. FANTASTIC / REED R,0.12136752136752137,0.020234652058408114,0.5050723073602418,0.1187133022675123,15,21,10,14
MR. FEAR III / PROF. L,0.0017094017094017094,0.0,0.33548387096774196,0.0022927633222000125,1649,1310,1381,1235
MR. IMMORTAL,0.003418803418803419,7.1257482472414e-07,0.3565442632942252,0.004410290431554449,1126,1075,579,814
MR. JIP,0.003418803418803419,6.090215581451151e-07,0.3040145511238145,0.0004397699597024466,1126,1098,2003,2057
MR. NACHT,0.0038461538461538464,1.1405148446062685e-06,0.3493058665472459,0.0019174946913987055,1005,1021,841,1369
MROTH,0.006837606837606838,0.0,0.31651562288651425,0.003157169153355919,605,1310,1855,1007
MR. PAYBACK / ,0.002564102564102564,0.0,0.291879755519521,0.00018592786061577012,1362,1310,2102,2150
MR. SCRATCH II / BLISS,0.001282051282051282,0.0,0.25942350332594233,3.236418626499274e-05,1804,1310,2277,2296
MR. SINISTER / NATHAN,0.014102564102564103,9.334282780073043e-06,0.3696682464454976,0.02406338095828283,296,800,386,227
MR. TERMINEUS / AMODEU,0.0008547008547008547,0.0,0.27458343111945555,8.9642902343899e-05,1996,1310,2180,2219
M'SHULLA,0.0029914529914529912,0.00021340115397404835,0.3292991837883479,0.0011290017524206277,1243,407,1548,1744
MS. MARVEL II / SHARON,0.013247863247863248,6.896396366207773e-05,0.4174843889384478,0.02460699020770532,315,554,169,219
"MUGGINS, MAMIE",0.007692307692307693,1.988470110890562e-06,0.35014215172826574,0.004130621078440053,530,961,811,848
"MULDOON, SGT. BRIAN",0.002564102564102564,0.0,0.35529911934406316,0.0031595232407551493,1362,1310,614,1003
MULTIPLE MAN / JAMES A,0.035897435897435895,0.0016741497615235619,0.42747533796127146,0.05900450820995228,117,182,135,84
"MURDOCK, SISTER MAGG",0.001282051282051282,0.0,0.3298097251585624,0.0013132275856520394,1804,1310,1533,1627
MURMUR II / ARLETTE TR,0.008974358974358974,1.1266977543952298e-05,0.3238754325259516,0.005242793888707063,442,768,1673,718
"MUTO, JUNZO",0.00042735042735042735,0.0,0.3138412017167382,0.0004677210055047157,2176,1310,1879,2049
MYSTERIA / ,0.0038461538461538464,0.0,0.35203851361516475,0.0017998906968322904,1005,1310,707,1406
MYSTERIO II / DANIEL B,0.001282051282051282,0.0,0.34759358288770054,0.002086624243662988,1804,1310,942,1295
MYSTERIO / QUENTIN BEC,0.009401709401709401,0.00011002227511304104,0.3682140047206924,0.008174293890376876,427,505,403,534
MYSTIQUE / RAVEN DARKH,0.03162393162393162,0.0009756692553117333,0.39117352056168503,0.03702315549370583,134,230,245,148
"NAGAN, DR. ARTHUR",0.003418803418803419,1.97641996131379e-07,0.33947482953721164,0.00301905380663162,1126,1206,1224,1038
NAHREES [INHUMAN],0.005555555555555556,3.045107790725576e-08,0.32338308457711445,0.003668742864102534,754,1304,1684,908
NAKOTA,0.0017094017094017094,0.0,0.30512452731777284,0.00040863238948390533,1649,1310,1989,2079
"NALES, DET. REBECCA",0.0029914529914529912,0.0,0.303975058456742,0.00043568108041388464,1243,1310,2004,2060
NAMORA / AQUARIA NAUTI,0.00042735042735042735,0.0,0.3282828282828283,0.0009549791561216616,2176,1310,1613,1823
NAMORITA / NITA PRENTI,0.06068376068376068,0.00919130188131432,0.4704463208685163,0.07469668134071918,53,53,43,54
NANNY II,0.0008547008547008547,0.0,0.33476394849785407,0.0012122216018280332,1996,1310,1402,1678
NANNY,0.00042735042735042735,0.0,0.3381991617285735,0.001266678332348146,2176,1310,1293,1642
"NAPIER, RAMONA DR.",0.00042735042735042735,0.0,0.3377598152424942,0.0012226788388201683,2176,1310,1314,1664
N'ASTIRH,0.011538461538461539,0.00010177009715318941,0.36133415688696724,0.01659743181279903,361,514,496,308
NAZE,0.002564102564102564,0.0,0.32809871003925967,0.003515656632119723,1362,1310,1619,936
NEBULA,0.012393162393162393,0.00014044406719790565,0.40089086859688194,0.021836665967315514,335,474,213,246
NEBULO,0.0017094017094017094,0.0,0.27349228611500703,0.0003699596700804824,1649,1310,2184,2094
NEBULON,0.0029914529914529912,0.0,0.3394255874673629,0.003279804234738219,1243,1310,1228,982
NECROM,0.002136752136752137,0.0,0.3269526337851055,0.0016586623177136815,1489,1310,1634,1464
NEDDA,0.001282051282051282,0.0,0.31561909900188834,0.0006424080061297974,1804,1310,1865,1966
NEEDLE,0.0038461538461538464,8.886457450056112e-05,0.3404626800523789,0.003577654763264179,1005,531,1203,930
NEIFI [INHUMAN],0.005128205128205128,0.0,0.32333839988945695,0.003255025981983181,808,1310,1686,985
"NEKOBAH, ROMAN",0.00042735042735042735,0.0,0.30267753201396974,0.0004316383586176516,2176,1310,2016,2065
NEKRA / ADRIENNE HATRO,0.0029914529914529912,1.3472506226986115e-05,0.3497235091914512,0.005571590489421937,1243,734,823,694
"NELSON, CANDACE",0.002564102564102564,2.8529570409644377e-06,0.33606204222317965,0.002438619141131001,1362,940,1376,1184
"NELSON, DEBBIE HARRI",0.004700854700854701,9.869631981529229e-06,0.33771106941838647,0.002652252486147188,861,792,1328,1133
"NELSON, FRANKLIN FOG",0.03418803418803419,0.0044616255299503,0.4237595074248461,0.025500671788704146,121,93,148,212
NEMESIS,0.006837606837606838,1.7223522073789538e-07,0.31936672580865294,0.0052027701557131115,605,1221,1797,726
NEOPHYTE / ,0.0059829059829059825,0.0,0.3509298140371926,0.009951568207296315,702,1310,761,457
NEPTUNE [OLYMPIAN],0.00042735042735042735,0.0,0.3282828282828283,0.0009549791561216616,2176,1310,1613,1823
NEREEL,0.001282051282051282,0.0,0.342305441778818,0.003602643125713563,1804,1310,1151,923
NETWORK NINA,0.007264957264957265,9.754377171552948e-05,0.3487852138917871,0.003168493122855454,562,523,865,1000
"NEVILLE, KATE",0.006837606837606838,6.4840965121050155e-06,0.324144618368195,0.00202311974507544,605,841,1667,1324
"NEWELL, DIANE ARLISS",0.002564102564102564,1.736163096045536e-07,0.32985621652100366,0.0016227335524551807,1362,1220,1529,1481
"NEWMARK, LOTUS",0.004273504273504274,3.6400143734678196e-05,0.3414562965124763,0.004707129103618552,937,628,1175,784
NEW SUN,0.001282051282051282,0.0,0.3206797313964643,0.0008644464757659972,1804,1310,1762,1880
NEZARR,0.0029914529914529912,0.002606060212075239,0.2823699770725232,0.000201323538045104,1243,134,2150,2143
N'GAMI,0.003418803418803419,0.0,0.3226251206397353,0.001070705723537455,1126,1310,1710,1775
NIELS,0.001282051282051282,0.0,0.32116387592643425,0.001796774568676194,1804,1310,1749,1408
NIGHT,0.001282051282051282,0.0,0.3038171903401714,0.0004184855025936263,1804,1310,2010,2067
NIGHTCRAWLER / KURT WA,0.09914529914529914,0.017615625399875857,0.4845723752329675,0.09305411912574676,27,26,33,34
NIGHTCRAWLER | MUTAN,0.0029914529914529912,0.0,0.31771894093686354,0.000935378601786576,1243,1310,1835,1841
NIGHTHAWK II / KYLE RI,0.025213675213675214,0.0015889924247165805,0.42398985323428157,0.02849300374955631,167,190,146,189
NIGHTHAWK / KYLE RICHM,0.010256410256410256,0.0004014615744364308,0.36769327467001883,0.00890292867334807,395,337,410,499
NIGHTMARE / EDVARD HAB,0.00641025641025641,0.0006700282317695677,0.35071942446043164,0.004493305611674675,653,290,794,800
NIGHT RIDER III / HAMI,0.001282051282051282,0.0,0.3155765340525961,0.0011519174984319005,1804,1310,1868,1726
NIGHTSHADE / TILDA,0.004273504273504274,3.214584569678962e-05,0.3693181818181818,0.005243831331983104,937,637,390,717
NIGHTSIDE,0.002136752136752137,0.0,0.29586546971804273,0.0008127520179248798,1489,1310,2077,1909
NIGHT THRASHER / DUANE,0.023504273504273504,0.0017632778829578017,0.41711229946524064,0.022966327022439417,177,176,170,236
NINA,0.004700854700854701,0.001427868975303872,0.34687222057515565,0.005713761503064108,861,197,1031,677
NINJA / ,0.0008547008547008547,0.0,0.31489705288655634,0.0005673580445472525,1996,1310,1874,1997
NITRO / ROBERT L. HUNT,0.00042735042735042735,0.0,0.312,0.0004918985219731966,2176,1310,1929,2035
NOBILUS,0.003418803418803419,1.362008098864147e-05,0.3389830508474576,0.0020446480552965716,1126,732,1244,1316
NOMAD III / JACK MONRO,0.021794871794871794,0.0017833486287897767,0.37937743190661477,0.015553783874519786,200,173,305,324
NOM,0.0029914529914529912,3.479062998491481e-07,0.2974072191154042,0.0005831564966053456,1243,1156,2053,1991
"NORRISS, JACK",0.0059829059829059825,1.6608626166484383e-05,0.3455914931324767,0.005108180365930522,702,708,1076,734
"NORRISS, SISTER BARB",0.041025641025641026,0.0035548600186698746,0.45560747663551404,0.0512578376413313,91,115,67,98
"NORTH, DAKOTA",0.002564102564102564,0.0008547922079345766,0.3122497998398719,0.000512159013831788,1362,256,1919,2023
"NORTH, RICKY",0.00042735042735042735,0.0,0.23797416861588527,5.053507355843032e-06,2176,1310,2334,2335
NORTHSTAR / JEAN-PAUL,0.04358974358974359,0.002926250081770134,0.4549873614621816,0.065711638400792,82,123,73,71
NOVA II / FRANKIE RAYE,0.03247863247863248,0.0008783967940745977,0.44571428571428573,0.060572185852503756,125,249,89,81
NOVA-PRIME,0.00042735042735042735,0.0,0.25722765746949544,5.5101071526019916e-05,2176,1310,2300,2275
NOVA / RICHARD RIDER,0.07393162393162393,0.025190991453287077,0.4759967453213995,0.08089515934990359,43,14,37,44
NOX,0.001282051282051282,0.0,0.2597402597402597,7.053473283148076e-05,1804,1310,2274,2246
NUKE,0.004273504273504274,0.0,0.282642831259814,0.0009042953093842452,937,1310,2148,1861
NUKLO / ROBERT FRANK J,0.003418803418803419,3.057715209376753e-05,0.28581898131183586,0.00028411847129709156,1126,646,2135,2117
NUMBER NINE,0.002136752136752137,0.0,0.332669889110037,0.002169427449223233,1489,1310,1462,1267
NUMBERS,0.007692307692307693,0.00018910403517805995,0.3288364249578415,0.0034465242456966443,530,437,1593,962
NURO,0.0017094017094017094,0.0,0.3322919625106504,0.0013595982555630471,1649,1310,1479,1603
"NYLES, JENNIFER",0.001282051282051282,0.0,0.3392779469334493,0.0013610098657879455,1804,1310,1231,1601
"O'BREEN, GLORIANNA",0.0029914529914529912,3.499312081479086e-07,0.33323839362005125,0.0017799413898625684,1243,1155,1452,1416
"O'BRIEN, MICHAEL",0.017094017094017096,0.00012041512796634274,0.4213938411669368,0.028251483466119335,249,490,156,191
OCCULT,0.0038461538461538464,0.0,0.33986928104575165,0.0037581563372706753,1005,1310,1217,889
"O'CONNELL, TARYN",0.003418803418803419,0.00017191479080256106,0.3302286198137172,0.001173515599258262,1126,451,1512,1713
"O'CONNOR, A.C. ACE",0.00042735042735042735,0.0,0.2660300136425648,5.9931919149665016e-05,2176,1310,2227,2261
ODDBALL / ELTON HEALEY,0.0008547008547008547,0.0,0.32953105196451205,0.0011012194553438326,1996,1310,1539,1764
ODIN [ASGARDIAN],0.051709401709401706,0.005534236301669558,0.4310186037944373,0.040612764895351525,66,76,123,131
O'DONNELL,0.002564102564102564,0.0,0.3452855245683931,0.0017262632955208834,1362,1310,1084,1440
OGRESS / ,0.0029914529914529912,0.0,0.33678756476683935,0.002368680993228398,1243,1310,1368,1206
OGRE,0.004273504273504274,0.0,0.3315386795126098,0.002974790499512643,937,1310,1494,1053
OGUN,0.0008547008547008547,0.0,0.3451836554064021,0.002086165692776065,1996,1310,1088,1296
"O'HARA, ROBERT IRONG",0.002564102564102564,1.6602436840786562e-06,0.33548387096774196,0.0021701824653333067,1362,977,1381,1266
OKOYE,0.004273504273504274,1.5660554352302959e-07,0.3181076672104405,0.000967200518272015,937,1228,1812,1814
OLD SKULL,0.0029914529914529912,0.00021340115397404835,0.3292991837883479,0.0011290017524206275,1243,407,1548,1745
"OLSON, MRS.",0.001282051282051282,0.0,0.3374675511970003,0.0017928843486091164,1804,1310,1334,1411
OMEGA II,0.0008547008547008547,3.6828972812255265e-06,0.33452466047176554,0.0011519181514707628,1996,908,1411,1724
OMEGA RED / ARKADY ROS,0.005555555555555556,3.5028315049292987e-05,0.35719737444664934,0.0090872678577744,754,633,569,491
OMNIBUS / LT. DALLAS,0.003418803418803419,4.203724058952571e-06,0.3368360443356845,0.0023692006107204487,1126,891,1367,1204
ONE ABOVE ALL [CELES,0.005128205128205128,2.848759946574727e-05,0.34523458247270583,0.0047885520210067724,808,658,1087,771
ONEG,0.0008547008547008547,0.0,0.22023529411764706,2.006464214639429e-06,1996,1310,2338,2338
"O'NEIL, BRIDGET",0.0017094017094017094,0.0,0.3406609404571262,0.0038782706479341704,1649,1310,1198,875
"O'NEILL, DET. BRADY",0.005555555555555556,2.9557352087550386e-06,0.33859065258283894,0.0029547508585834477,754,933,1257,1059
ONSLAUGHT II,0.012393162393162393,2.2912807602006662e-05,0.39407207814078815,0.026464830953863826,335,682,236,202
ORACLE / LADY SIBYL,0.010683760683760684,0.0005552102736177436,0.352622061482821,0.009519383935628949,382,313,689,472
ORB,0.00042735042735042735,0.0,0.29411764705882354,0.00024823165894486787,2176,1310,2085,2125
ORIKAL,0.002136752136752137,3.045107790725576e-08,0.33761361996825856,0.0019226508009357426,1489,1304,1332,1366
ORINI,0.001282051282051282,0.0,0.32902137232845896,0.0012735416886246302,1804,1310,1576,1636
ORKA,0.007692307692307693,5.285827245895921e-06,0.3616692426584235,0.008288496224843634,530,874,489,526
ORPHAN-MAKER / PETER,0.0008547008547008547,0.0,0.33476394849785407,0.0012122216018280335,1996,1310,1402,1677
"OSBORN, HARRY",0.024786324786324785,0.00031768099405219725,0.3795004865390853,0.009752731859268194,173,356,300,461
"OSBORN, LIZ ALLAN",0.025213675213675214,0.0010034293842024796,0.4099509460406447,0.019703498228535694,167,229,189,271
"OSBORN, NORMIE",0.011538461538461539,1.004440217149883e-05,0.35129860381324124,0.0048435534611006624,361,786,746,760
OUTLAW / NIGEL HIGGINS,0.0017094017094017094,0.0,0.29180695847362514,0.00020833262407680267,1649,1310,2111,2139
OVERBOSS DIXON,0.002136752136752137,9.135323372176728e-08,0.2613649056182285,6.949787838543492e-05,1489,1258,2264,2251
OVERMIND / GROM,0.007692307692307693,3.1468478262432097e-05,0.36960985626283366,0.009966241422593062,530,641,388,453
OVERRIDE / DR. GREGORY,0.0017094017094017094,0.0008547008547008544,0.3472840605520926,0.0016672546509043328,1649,267,961,1462
OWL / LELAND OWLSLEY,0.002136752136752137,0.0,0.3556231003039514,0.0034915370026794325,1489,1310,607,942
OX,0.001282051282051282,0.0,0.34759358288770054,0.001964638204312324,1804,1310,942,1347
OX III,0.0008547008547008547,0.0,0.25782282944028206,2.844796137733992e-05,1996,1310,2288,2304
OZYMANDIAS,0.004700854700854701,8.96369064310938e-05,0.3691433980123048,0.007796917625350857,861,528,393,554
"PAGE, KAREN",0.019230769230769232,0.0017770990608217145,0.39467026480013495,0.014778680258448909,229,174,232,342
"PAIBOK, CAPT. [SKRUL",0.0029914529914529912,0.0,0.34110787172011664,0.004731551261625184,1243,1310,1187,779
PALADIN / PAUL DENNIS,0.008974358974358974,0.0002608771463514595,0.37584323803405073,0.007678525452526401,442,378,334,562
"PALERMO, HARRIET ROS",0.005555555555555556,8.370178947307543e-07,0.34811068134483786,0.0030506000661900587,754,1057,894,1029
"PALERMO, VICTOR",0.005555555555555556,8.370178947307543e-07,0.34811068134483786,0.0030506000661900574,754,1057,894,1030
PARALYZER,0.006837606837606838,7.843660795091411e-06,0.3620609624013616,0.009447137405109409,605,824,481,476
"PARETSKY, DR. GARY",0.005128205128205128,2.3630560958582053e-06,0.332433584315954,0.0028641905099076317,808,950,1475,1084
PARIS,0.004700854700854701,3.6541293488706915e-08,0.3369815668202765,0.002361487092097092,861,1298,1355,1211
"PARKER, BEN",0.0008547008547008547,0.0,0.3471295060080107,0.001469920226254147,1996,1310,992,1558
"PARKER, MARY (ROBOT)",0.002564102564102564,1.0440369568201974e-07,0.34764522359233396,0.0019788144526920962,1362,1256,937,1340
"PARKER, MAY",0.049145299145299144,0.004878996102977569,0.42864993588569333,0.02747995356677084,70,89,131,195
"PARKER, RICHARD (ROB",0.002564102564102564,1.0440369568201974e-07,0.34764522359233396,0.001978814452692093,1362,1256,937,1341
PATCH II,0.00042735042735042735,0.0,0.2505353319057816,4.74229264231767e-05,2176,1310,2315,2284
PATHWAY / LAURA DEAN,0.00811965811965812,1.3320043132957853e-05,0.34646135623334323,0.006861380302079265,497,736,1044,608
PATRIOT / JEFF MACE,0.0038461538461538464,0.0,0.3561101810987673,0.0030067356904682433,1005,1310,589,1043
PEACEKEEPER / JOSHUA,0.001282051282051282,0.0,0.3314447592067989,0.001157005236222408,1804,1310,1495,1722
"PEARSON, MARCY",0.0029914529914529912,0.0,0.3385416666666667,0.001960643543094865,1243,1310,1262,1348
PEATOR,0.004700854700854701,1.9465500161243996e-06,0.3655107778819119,0.008805477103691743,861,964,435,504
PEMBROKE,0.00042735042735042735,0.0,0.29714285714285715,0.0002298004717010347,2176,1310,2060,2133
PENANCE III,0.002564102564102564,0.0,0.296878964729764,0.0012360930514373134,1362,1310,2068,1655
PENANCE / MONET ST. CR,0.010256410256410256,1.0301015289359595e-05,0.29900332225913623,0.00197416299116666,395,779,2044,1343
"PENNYWORTH, J.C.",0.0017094017094017094,0.0,0.3392779469334493,0.002884717549775507,1649,1310,1231,1077
PERRIKUS,0.003418803418803419,4.141346595386783e-07,0.33751622674167026,0.0019185961876228674,1126,1146,1333,1368
PERSUASION / KARA KILL,0.010256410256410256,2.5096393488484538e-05,0.34687222057515565,0.007405646147649373,395,672,1031,577
PERUN,0.007264957264957265,0.0,0.3580171358629131,0.007342847844742341,562,1310,557,580
PESTILENCE / CAPT. F.R,0.002564102564102564,0.0,0.3170731707317073,0.003251327589221369,1362,1310,1849,986
"PETROVITCH, IVAN",0.0059829059829059825,5.932451406370341e-05,0.35851080128696183,0.007015718408449499,702,577,543,596
PHANTAZIA / ,0.0017094017094017094,0.0,0.30608240680183124,0.0013068646787014835,1649,1310,1983,1632
PHANTOM RIDER II / HAM,0.002136752136752137,0.0,0.3395240858966918,0.0038790654115783084,1489,1310,1223,874
PHARAOH RAMA-TUT,0.04230769230769231,0.0021922907141972525,0.45525291828793774,0.07129205123591713,89,149,70,60
PHASTOS [ETERNAL],0.004700854700854701,8.120287441934868e-08,0.3125834891798023,0.0014058433403979747,861,1275,1908,1585
PHOBIUS,0.0029914529914529912,1.6808995004805177e-06,0.25756741882223444,0.00012505595310288646,1243,975,2293,2206
PHOENIX II,0.011965811965811965,1.5359909413069172e-05,0.3623973981725259,0.016220891680812612,349,714,475,315
PHOENIX III / RACHEL S,0.03675213675213675,0.0039380354165038595,0.430939226519337,0.04197376067526118,111,106,124,125
"PIERCE, ALEXANDER GO",0.008547008547008548,0.0001307176253709245,0.34977578475336324,0.0033602754199381375,468,481,819,972
"PIERCE, DONALD",0.010256410256410256,6.352938994893962e-05,0.35524517989980264,0.011980647379631166,395,566,618,405
PILEDRIVER II / BRIAN,0.02264957264957265,0.00018904520640527367,0.42491374614127475,0.037362400554722085,182,439,141,146
PILGRIM,0.0017094017094017094,0.0,0.30512452731777284,0.00040863238948390474,1649,1310,1989,2080
PIPELINE / CORMICK GRI,0.00641025641025641,0.000872919686533536,0.35214446952595935,0.007360050132299764,653,250,703,578
PIP / PRINCE GOFERN,0.026495726495726495,6.431015288681741e-05,0.4373014389833676,0.05376829765558181,160,564,100,93
PIRANHA,0.00042735042735042735,0.0,0.3282828282828283,0.0009549791561216616,2176,1310,1613,1823
PISCES / NOAH PERRICON,0.005128205128205128,6.690657889277821e-05,0.3383458646616541,0.0016231544155253822,808,557,1277,1480
PLAGUE,0.00641025641025641,0.0,0.3471295060080107,0.00769632903209659,653,1310,992,560
PLANTMAN / SAM SMITHER,0.0059829059829059825,6.813899583951876e-05,0.37815126050420167,0.008158349979287952,702,556,312,535
"PLUNDER, ADAM KYLE M",0.002564102564102564,8.930035368691018e-06,0.31042716901034756,0.0009710283231781596,1362,807,1946,1810
PLUNDERER / LORD EDGAR,0.002564102564102564,9.640188518209288e-07,0.33438125178622463,0.0027793333514938485,1362,1039,1423,1101
PLUTO [OLYMPIAN],0.007264957264957265,1.8605851360454624e-05,0.3660826032540676,0.007857257221982208,562,700,426,548
POISON / CECILIA CARDI,0.00042735042735042735,0.0,0.25077697995927556,1.3018237471634526e-05,2176,1310,2311,2325
POLARIS / LORNA DANE,0.06581196581196581,0.0038618615077829857,0.4583741429970617,0.08083894303945348,49,109,61,45
POLARIS | MUTANT X-V,0.0038461538461538464,2.436086232580461e-07,0.317805242428358,0.0009544975580573007,1005,1188,1830,1830
"PONG, WU",0.002136752136752137,0.0,0.3384437373445184,0.0019866322871820753,1489,1310,1268,1338
POPPA WHEELER,0.002564102564102564,0.00017030042025010045,0.3301354401805869,0.0011490569993051988,1362,455,1518,1729
PORCUPINE / ALEX GENTR,0.0038461538461538464,2.463471509511375e-05,0.36072144288577157,0.004179274976367377,1005,674,510,842
PORTAL / CHARLES LITTL,0.00042735042735042735,0.0,0.310098065200106,0.0005841184931339037,2176,1310,1952,1988
POSITRON / RONNIE,0.002564102564102564,4.367547463559385e-07,0.3484216795711733,0.003938512896425168,1362,1140,884,869
"POTTER, BETSY BEATTY",0.001282051282051282,0.0,0.3297632468996618,0.0012049024243040783,1804,1310,1536,1681
POUNDCAKES / MARIAN PO,0.0017094017094017094,1.612293115297658e-05,0.35955746773202213,0.002947738622122155,1649,709,530,1060
POWELL,0.0029914529914529912,4.7411764408167465e-05,0.30139103554868624,0.0005429266493894999,1243,604,2032,2010
"POWELL, GRACE",0.004273504273504274,9.733668978131793e-06,0.31312725812926534,0.0006965877864916439,937,794,1897,1945
"POWELL, JASON",0.004273504273504274,9.733668978131793e-06,0.31312725812926534,0.000696587786491645,937,794,1897,1943
"POWELL, JONATHAN",0.004273504273504274,9.733668978131793e-06,0.31312725812926534,0.0006965877864916446,937,794,1897,1944
"POWELL, OFFICER MIKE",0.0029914529914529912,3.3281544675002444e-06,0.3130016051364366,0.0006786250063567642,1243,920,1901,1955
"POWER, DR. JIM",0.006837606837606838,9.576569688789613e-05,0.34951456310679613,0.006068221110839194,605,525,831,662
POWERHOUSE / RIEG DAVA,0.002564102564102564,3.6541293488706906e-07,0.32275862068965516,0.0009352809622699959,1362,1154,1706,1842
POWER MAN / ERIK JOSTE,0.02863247863247863,0.002058324795446999,0.40873362445414846,0.03290161144543022,151,160,196,164
POWER MAN III / STEELE,0.001282051282051282,0.0,0.31208322219258466,0.0005020524767964491,1804,1310,1924,2029
"POWER, MARGARET",0.00641025641025641,7.439402104867897e-06,0.34946236559139787,0.006063943055036188,653,831,834,663
POWER PRINCESS / ZARDA,0.011111111111111112,0.0002288804860861212,0.3443708609271523,0.005578392956944124,374,392,1104,693
POWERSURGE / ILLARION,0.00042735042735042735,0.0,0.3377598152424942,0.0012226788388201683,2176,1310,1314,1664
PRADDA FOL,0.002136752136752137,6.699237139596266e-07,0.3203723986856517,0.0008799937973559737,1489,1085,1770,1872
"PRENTISS, BETTY DEAN",0.0008547008547008547,0.0,0.3358208955223881,0.0016920163231299232,1996,1310,1378,1454
PRETTY BOY,0.0038461538461538464,4.195865735508558e-05,0.3350035790980673,0.0017322651588287624,1005,614,1397,1438
PRETTY PERSUASIONS / H,0.003418803418803419,2.89639362246883e-06,0.32865168539325845,0.0029852841824972083,1126,937,1598,1049
PREYY,0.0017094017094017094,0.0,0.31784841075794623,0.0008097543813846862,1649,1310,1822,1912
PRIMUS,0.00042735042735042735,0.0,0.3507719982011692,0.0014456122137333884,2176,1310,786,1564
PRINCE REY,0.001282051282051282,0.0,0.334429041017579,0.0011605698211998386,1804,1310,1419,1718
PRINCESS FEN [ATLANT,0.00042735042735042735,0.0,0.3282828282828283,0.0009549791561216616,2176,1310,1613,1823
PRINCESS PEARLA,0.00042735042735042735,0.0,0.33519553072625696,0.0011890557585575057,2176,1310,1388,1711
PRINCESS PYTHON / ZELD,0.007264957264957265,0.0003592885737628365,0.3531009506564056,0.002932853073237696,562,345,679,1063
PRINCESS SANDELLA,0.0029914529914529912,1.4616517395482765e-06,0.3084629580806749,0.0006474096689436052,1243,995,1958,1965
PRINCESS ZANDA,0.001282051282051282,8.677111215242358e-07,0.3180644284355036,0.0007875722298690805,1804,1052,1814,1924
PROCTOR,0.002564102564102564,0.0,0.3413566739606127,0.0052704741788407805,1362,1310,1178,712
"PROCTOR, COORDINATOR",0.002564102564102564,0.0,0.3106744556558683,0.0015436621680707293,1362,1310,1943,1513
PRODIGAL / ,0.001282051282051282,0.0,0.33606204222317965,0.0025225525831651216,1804,1310,1376,1164
PROFESSOR POWER / ANTH,0.002564102564102564,0.0,0.3436627992363049,0.005128285478861015,1362,1310,1123,733
PROFESSOR X / CHARLES,0.11581196581196582,0.014927057125849866,0.4972375690607735,0.11731086051103395,18,33,18,17
PROFESSOR X | MUTANT,0.002136752136752137,0.0,0.31763268630378716,0.0009166390825222407,1489,1310,1840,1852
PROJECTOR / ,0.0008547008547008547,0.0,0.3302286198137172,0.001239073280921585,1996,1310,1512,1651
PROMETHEUS II,0.0017094017094017094,0.0,0.3344768439108062,0.0015243701589997228,1649,1310,1417,1536
PROSH,0.002136752136752137,0.0,0.3340948029697316,0.003126730680555759,1489,1310,1442,1018
PROTEUS II,0.002564102564102564,0.0,0.3504043126684636,0.005160810697510649,1362,1310,802,729
PROTOCIDE / PRIVATE CL,0.002564102564102564,1.4004492915497203e-06,0.354814253222138,0.00280528414097413,1362,999,632,1096
"PROUST, PAUL",0.00042735042735042735,0.0,0.27923627684964203,0.00013242384471378875,2176,1310,2157,2197
PROWLER / HOBIE BROWN,0.004700854700854701,1.4586679710986364e-05,0.3533675626698882,0.003952890675067504,861,723,671,868
PSI-BORG / ,0.002136752136752137,1.4108999430361836e-06,0.3226696083838941,0.001192329520964228,1489,998,1708,1707
PSI-LORD / FRANKLIN BE,0.008547008547008548,0.0005849591527500883,0.35470668485675305,0.00939253264679972,468,307,637,480
PSYCHO-MAN,0.002564102564102564,0.0,0.34800713860797144,0.0067338301411505215,1362,1310,904,619
PSYLOCKE / ELISABETH B,0.07521367521367521,0.005141319780055449,0.4780388151174668,0.09318863138403762,41,86,35,33
PSYNAPSE,0.004700854700854701,0.0,0.3473871733966746,0.00718021597928461,861,1310,955,588
PUCK / EUGENE MILTON J,0.050854700854700854,0.005124714783538251,0.4468206988734008,0.06629333691871955,68,88,87,69
"PUENTES, DONNA MARIA",0.0017094017094017094,8.851113311709009e-07,0.3514568939621508,0.002209643198950951,1649,1047,733,1258
PUFF ADDER,0.007692307692307693,6.231630877773136e-06,0.35331420806281144,0.002341581328642206,530,843,673,1216
PUMA / THOMAS FIREHEAR,0.00811965811965812,1.1939892078239834e-05,0.35071942446043164,0.003719652164286843,497,761,794,898
PUNCHOUT,0.001282051282051282,0.0,0.26171569175707415,0.00015263514934803316,1804,1310,2260,2183
PUNISHER II / FRANK CA,0.03076923076923077,0.019540070629063423,0.41175435509414043,0.017911890939973106,138,23,185,294
PUPPET MASTER / PHILLI,0.014102564102564103,0.0003549551359633265,0.41306266548984993,0.027525437819578297,296,346,182,194
PUPPY,0.0029914529914529912,0.0,0.34200526161940953,0.00560622810916356,1243,1310,1157,688
PURPLE MAN / ZEBEDIAH,0.00042735042735042735,0.0,0.3291139240506329,0.0009157885162193993,2176,1310,1571,1853
"PUSHKIN, IVAN",0.002136752136752137,2.436086232580461e-07,0.2574823943661972,3.0795046024784955e-05,1489,1188,2294,2300
PYLLAR,0.006837606837606838,0.0,0.31651562288651425,0.0031571691533559213,605,1310,1855,1006
PYRO / ALLERDYCE JOHNN,0.021794871794871794,0.0003220959168949792,0.3958721028590763,0.03128645153453339,200,354,227,173
QNAX,0.00042735042735042735,0.0,0.33433347621088727,0.0011298996369302004,2176,1310,1430,1736
QUAGMIRE,0.005128205128205128,2.0872091751563008e-05,0.32423444644589167,0.0015618668877249095,808,688,1665,1508
"QUARTERMAIN, CLAY",0.008974358974358974,6.19441163385062e-05,0.3445737004859373,0.005043448979868275,442,572,1099,738
QUASAR II,0.0017094017094017094,1.8270646744353456e-07,0.29582806573957016,0.0008006610879857149,1649,1210,2081,1917
QUASAR III / WENDELL V,0.07307692307692308,0.010333521795758173,0.47716150081566067,0.08943701988355218,44,49,36,37
QUASIMODO,0.00042735042735042735,0.0,0.3377598152424942,0.0012226788388201683,2176,1310,1314,1664
QUEEN DIVINE JUSTICE,0.005555555555555556,3.747270485423465e-06,0.31893144336922447,0.001080350336225503,754,907,1800,1770
QUEEN KNORDA / NORA QU,0.003418803418803419,0.0,0.37107516650808753,0.009114416446432714,1126,1310,372,490
QUENTINO,0.002564102564102564,0.0,0.3013522215067611,0.0005424280051352478,1362,1310,2033,2011
QUESTA,0.0008547008547008547,0.0,0.3206357906275692,0.0009028043396759995,1996,1310,1764,1864
QUICKSAND,0.0029914529914529912,0.00013182663690414431,0.35818153987448337,0.0037436064003127743,1243,478,548,894
QUICKSILVER / PIETRO M,0.09444444444444444,0.012392174251670328,0.4921135646687697,0.1079265939951962,30,41,20,26
"QUINN, PAMELA",0.002136752136752137,9.135323372176728e-08,0.302599249967671,0.00041333895098486087,1489,1258,2018,2074
RADIOACTIVE MAN / DR.,0.004700854700854701,3.438792947513268e-08,0.36804026423403585,0.010948551008555815,861,1301,406,430
RADIUS / JARED CORBO,0.009401709401709401,1.2565696896589944e-05,0.3239202657807309,0.005265668933435483,427,753,1671,715
RAGE / ELVIN DARYL HAL,0.025213675213675214,0.0005262307163806601,0.4295942720763723,0.040112918520537895,167,316,127,134
"RAHN, TAMARA",0.002564102564102564,3.3980660375568234e-06,0.33883579496090355,0.0028404081530606115,1362,919,1250,1090
RALF,0.0017094017094017094,0.0,0.32925284930350357,0.0009489741519142327,1649,1310,1555,1832
"RALSTON, SENATOR ROB",0.002136752136752137,0.0,0.3547604608853851,0.002896586668751689,1489,1310,636,1073
"RAMBEAU, FRANK",0.002136752136752137,1.1676166606093222e-06,0.3353396388650043,0.0036739877193284246,1489,1018,1386,906
"RAMBEAU, MARIA",0.0017094017094017094,1.672369802514277e-06,0.33732160876459566,0.0029769070298595224,1649,976,1341,1051
RAMBO,0.0017094017094017094,1.2180431162902304e-07,0.2592510525149568,1.8706117738331407e-05,1649,1244,2282,2320
"RAMIREZ, ALMA",0.0017094017094017094,0.0,0.3509298140371926,0.001619873282064053,1649,1310,761,1483
"RAMIREZ, JAVIER",0.0017094017094017094,0.0,0.3509298140371926,0.0016198732820640533,1649,1310,761,1482
"RAMIREZ, LUIS",0.0017094017094017094,0.0,0.3509298140371926,0.001619873282064052,1649,1310,761,1484
RAMONDA,0.0038461538461538464,0.0,0.3180644284355036,0.0009575576818736245,1005,1310,1814,1821
RAMPAGE / STUART CLARK,0.0017094017094017094,0.0,0.34702654604775324,0.004280101453877716,1649,1310,1029,831
"RAM, SIR",0.009401709401709401,3.6184881199008386e-05,0.35529911934406316,0.007815764969888039,427,629,614,551
"RAND, HEATHER DUNCAN",0.00042735042735042735,0.0,0.3138412017167382,0.0004677210055047157,2176,1310,1879,2049
RANDI,0.005555555555555556,1.1315835167183648e-07,0.3482142857142857,0.0036491794247467103,754,1252,890,915
RANDOM II / MARSHALL E,0.002564102564102564,0.0,0.3261778645107332,0.0030821048528183294,1362,1310,1644,1024
RANGER I / ,0.0008547008547008547,0.0,0.3471295060080107,0.0012241915915541187,1996,1310,992,1662
"RANN, COMMANDER ARCT",0.002136752136752137,0.0,0.3200656544932294,0.001373518489433929,1489,1310,1792,1596
"RANSOME, DR. SUSAN",0.001282051282051282,0.0,0.34718100890207715,0.0015757008965635259,1804,1310,976,1501
"RANSOME, JENNIFER AM",0.00641025641025641,0.000850408213057092,0.34676941315945464,0.007956465559852832,653,268,1034,543
RAPIDO,0.0017094017094017094,0.0,0.29239035361739346,0.00021686387748411169,1649,1310,2097,2135
"RASPUTINA, ILLYANA I",0.002136752136752137,0.0,0.3214727297705729,0.002661921450207198,1489,1310,1746,1131
"RASPUTIN, MIKHAIL",0.007264957264957265,3.3837365741283974e-07,0.3551912568306011,0.01472942127562092,562,1167,620,344
"RASSITANO, MAD DOG",0.008974358974358974,1.661696438549644e-05,0.34396589739820665,0.005930322211599674,442,707,1113,669
RATTLER,0.00811965811965812,1.255800560054332e-06,0.351985559566787,0.002258762211617046,497,1015,711,1243
"RAVEN, LT. JACOB",0.004700854700854701,6.464891324350284e-07,0.34862932061978547,0.002658257255779668,861,1088,871,1132
RAVONNA LEXUS RENSLA,0.00811965811965812,0.0,0.38235294117647056,0.020164680636345432,497,1310,280,267
RAX,0.0008547008547008547,0.0,0.33423796600485645,0.001199734928684639,1996,1310,1439,1687
"RAYMOND, ANN",0.004700854700854701,0.0,0.35807192042846214,0.010335153324279688,861,1310,555,441
RAZA LONGKNIFE,0.014957264957264958,3.705336053635789e-05,0.37572254335260113,0.02017811895824583,284,625,336,266
RAZORBACK / ,0.001282051282051282,0.0,0.3299957692850092,0.0011277859585209946,1804,1310,1522,1750
RAZORBLADE II / ,0.0017094017094017094,0.0,0.2992710065225732,0.00020942827086948694,1649,1310,2040,2138
RAZORFIST III,0.0008547008547008547,0.0,0.34346103038309117,0.0013274531456667557,1996,1310,1129,1616
REAPER II,0.00641025641025641,9.997861543677355e-05,0.34630753292881455,0.0053541329690575045,653,520,1051,707
RECOIL / ,0.00042735042735042735,0.0,0.2916978309648467,0.0001767378298098777,2176,1310,2117,2165
RECORDER II,0.004700854700854701,1.0176222261771502e-05,0.35416981988799756,0.0070449569773573355,861,783,652,591
REDEEMER / CRAIG SAUND,0.003418803418803419,0.0,0.3369330453563715,0.003022957895171001,1126,1310,1360,1037
RED GHOST / IVAN KRAGO,0.004700854700854701,1.9465500161243996e-06,0.3655107778819119,0.008805477103691742,861,964,435,505
RED GUARDIAN III / DR.,0.00641025641025641,2.2516644417811528e-05,0.3533675626698882,0.006634780369477297,653,684,671,625
RED GUARDIAN V,0.007692307692307693,1.3815754229433504e-06,0.35818153987448337,0.007593518656247168,530,1003,548,567
RED RAVEN,0.0038461538461538464,0.0,0.3561101810987673,0.003006735690468243,1005,1310,589,1044
RED SKULL / JOHANN SCH,0.02564102564102564,0.002939230170148492,0.4090194022024122,0.025735712279601763,163,122,193,206
REDWING,0.015384615384615385,0.00045974916816954043,0.39959016393442626,0.017833800151768456,275,319,215,296
RED WOLF III / WILL TA,0.001282051282051282,0.0,0.3426563186410895,0.0023184258926747543,1804,1310,1145,1230
"REESE, MURRAY",0.00641025641025641,0.0001970549707382123,0.34800713860797144,0.00608550572685477,653,423,904,659
REIGNFIRE / ,0.002136752136752137,0.0,0.30425172279287477,0.0018635402435457614,1489,1310,1999,1385
REJECT / RAN-SAK [DEVI,0.008547008547008548,5.207607899558605e-05,0.3414562965124763,0.0032846582132123603,468,592,1175,981
REPTILLA,0.002564102564102564,0.0,0.31187524990004,0.0006960839256371222,1362,1310,1934,1947
REPTYL,0.0008547008547008547,0.0,0.3202408649240454,0.0008566437668185635,1996,1310,1782,1896
"RESTON, CLIVE",0.0038461538461538464,1.3259508346077912e-05,0.27695585276364065,8.139316336465168e-05,1005,738,2163,2226
RETREAD,0.0029914529914529912,0.00017094035630952885,0.33018202342316916,0.0011624963868383546,1243,452,1514,1717
"REYES, DR. CECELIA",0.00811965811965812,2.8934502115587587e-06,0.3586206896551724,0.01410158178753642,497,938,542,355
"REYNOLDS, KATHERINE",0.00042735042735042735,0.0,0.2936746987951807,0.0002372312000739626,2176,1310,2088,2130
RHINO,0.012393162393162393,0.00020193019543416065,0.41175435509414043,0.015584231141789055,335,419,185,323
"RICHARDS, FRANKLIN 2",0.00042735042735042735,0.0,0.3011970652593641,0.0004141579130626391,2176,1310,2036,2071
"RICHARDS, FRANKLIN B",0.051709401709401706,0.004369081931176291,0.46632124352331605,0.07188930919868959,66,99,48,58
"RICHARDS, NATHANIEL",0.011965811965811965,0.0014953063449058724,0.3635233804567345,0.012262467228169847,349,195,457,400
"RICHARDS, REED | EAR",0.001282051282051282,0.0,0.340512223515716,0.0035965440120690707,1804,1310,1201,928
"RICHARDS, REED | MUT",0.004273504273504274,1.566055435230296e-07,0.31784841075794623,0.0009645784567012548,937,1227,1822,1816
RICOCHET RITA,0.0008547008547008547,0.0,0.2736522044205356,0.0003699219341086376,1996,1310,2183,2095
RICTOR / JULIO ESTEBAN,0.029914529914529916,0.0006095826787250086,0.3743401055831067,0.030753419885892853,142,302,348,175
"RIDER, CHARLES",0.003418803418803419,0.0,0.3228476821192053,0.0008574194738218548,1126,1310,1698,1891
"RIDER, GLORIA",0.003418803418803419,0.0,0.3228476821192053,0.0008574194738218552,1126,1310,1698,1890
"RIDER, ROBERT ROBBIE",0.003418803418803419,0.0,0.3228476821192053,0.0008574194738218554,1126,1310,1698,1888
"RIFKIN, BIFF",0.0008547008547008547,0.0,0.3471295060080107,0.001225637868511265,1996,1310,992,1661
RIGER,0.007264957264957265,3.755507149367121e-06,0.3404131510037824,0.0033518515116116396,562,905,1206,975
RIGHT,0.003418803418803419,0.0,0.32865168539325845,0.0028201765522407993,1126,1310,1598,1094
RIGHT-WINGER / JEROME,0.0008547008547008547,0.0,0.3169443315725315,0.0007349492693598231,1996,1310,1851,1935
RINGMASTER / MAYNARD T,0.005555555555555556,0.0007971340368410528,0.38684080013225325,0.006646555293602835,754,272,260,623
RINGTOSS,0.00811965811965812,0.00018927960832715627,0.3288826423049895,0.003480794645029134,497,430,1583,948
RINTRAH,0.010683760683760684,0.0002427888873035977,0.3603326147212812,0.010138021519964931,382,386,522,445
RIPTIDE,0.002136752136752137,0.0,0.27497062279670975,0.0004859815768285813,1489,1310,2179,2045
RISQUE / GLORIA,0.0017094017094017094,0.0,0.30405405405405406,0.001518298121236036,1649,1310,2002,1539
"RITTER, DEBORAH",0.003418803418803419,1.1923697923254473e-05,0.324729392173189,0.0015379186976604096,1126,762,1656,1520
"RITTER, DONALD",0.003418803418803419,1.1923697923254473e-05,0.324729392173189,0.0015379186976604098,1126,762,1656,1519
"ROBERTSON, AMANDA",0.00811965811965812,5.870557643242364e-07,0.3492016116997463,0.003971794474938854,497,1108,847,866
"ROBERTSON, JOE",0.05555555555555555,0.0060789162742443045,0.43534883720930234,0.0328968265855125,60,71,108,165
"ROBERTSON, MARTHA",0.010256410256410256,1.8708820162299183e-06,0.34946236559139787,0.00446003229872148,395,967,834,804
"ROBERTSON, RANDY",0.01452991452991453,1.492246338623028e-05,0.3514568939621508,0.005444568364136034,291,721,733,700
"ROBERTS, TED",0.002564102564102564,0.0,0.3459491425192194,0.006931151510870977,1362,1310,1064,601
"ROBINSON, LUCY",0.0029914529914529912,0.0,0.3460002957267485,0.007019885196010532,1243,1310,1058,594
ROCKET RACER / ROBERT,0.0029914529914529912,4.567661686088364e-08,0.3482142857142857,0.0028804894154293706,1243,1288,890,1079
ROCK PYTHON,0.006837606837606838,4.442473921358535e-07,0.35182679296346414,0.0021034025290613627,605,1138,720,1291
ROCK / SAMUEL JOHN ROC,0.005128205128205128,1.072731977143186e-06,0.3371272150986889,0.0031894525465903695,808,1029,1348,996
"RODGERS, MARIANNE",0.0059829059829059825,2.3983402431809784e-05,0.3606102635228849,0.009244901243927735,702,677,516,486
"ROGERS, GAYLE",0.005555555555555556,1.5908695227619864e-07,0.3318207600680658,0.003187137818494881,754,1225,1491,997
ROGUE  / ,0.1,0.007841527986862915,0.4878048780487805,0.10887867764033131,26,60,30,23
ROGUE | MUTANT X-VER,0.0029914529914529912,0.0,0.31771894093686354,0.0009353786017865764,1243,1310,1835,1840
ROMA,0.00641025641025641,7.832376536159843e-05,0.3406113537117904,0.006403172669327424,653,541,1199,640
"ROMAN, DR. NILES",0.0017094017094017094,0.0,0.3134628265237776,0.0014202498575210407,1649,1310,1890,1580
"ROMMEL, EDWIN ROMULU",0.002136752136752137,0.0,0.3226696083838941,0.0009138318507834338,1489,1310,1708,1856
"ROM, SPACEKNIGHT",0.012393162393162393,0.011303991621538318,0.3623973981725259,0.006073934486956629,335,45,475,661
RONAN THE ACCUSER [K,0.008547008547008548,1.561728119763576e-06,0.3804878048780488,0.018793689704744872,468,986,294,283
"RORY, RICHARD",0.0029914529914529912,2.932740530462584e-05,0.3351475221999427,0.002231515638361307,1243,654,1392,1250
"ROSE, HENRIETTA",0.00042735042735042735,0.0,0.32019704433497537,0.000845595564036602,2176,1310,1785,1900
ROSE II / SGT. BLUME,0.0017094017094017094,0.0,0.3472325270811693,0.001374431489587806,1649,1310,968,1592
ROSE IV / JACOB JAKE C,0.005555555555555556,5.885859074843771e-06,0.348993288590604,0.0028908876367710625,754,852,857,1074
"ROSE, JUSTICE",0.0008547008547008547,0.0,0.3218264337780223,0.0013805943019882907,1996,1310,1740,1590
"ROSENTHAL, BERNIE",0.016666666666666666,0.00026061391105906465,0.36775106082036774,0.011859039920149307,256,380,409,407
"ROSEN, WALTER",0.0038461538461538464,1.5660554352302959e-07,0.32869785082174463,0.003977696784469952,1005,1228,1597,865
"ROSETTI, GABRIEL",0.00042735042735042735,0.0,0.2936746987951807,0.0002372312000739626,2176,1310,2088,2130
"ROSS, COURTNEY",0.002564102564102564,0.0008547008547008547,0.3282367793519428,0.0027146113507881676,1362,258,1617,1123
"ROSS, EVERETT KENNET",0.008547008547008548,0.00039229553653892686,0.3617251507188128,0.004556133940041186,468,341,488,791
"ROSS, GEN. THADDEUS",0.02094017094017094,0.0012866096958904772,0.41755888650963596,0.02882124468865567,208,204,168,184
"ROSSI, COL. MICHAEL",0.00042735042735042735,0.0,0.3122914720405712,0.0006273814675904481,2176,1310,1916,1975
"ROTH, ARNIE",0.007264957264957265,1.1105358426401153e-05,0.35411622276029053,0.005014300424514963,562,770,653,742
ROUGHHOUSE,0.0038461538461538464,4.6943925635106776e-06,0.3458468814661543,0.001953618898770534,1005,884,1068,1351
ROULETTE II / JENNY ST,0.006837606837606838,9.236448242725895e-06,0.33371363377067886,0.004989620346438422,605,802,1444,744
ROUST,0.0017094017094017094,0.0,0.2929027412692452,0.0002947997741953826,1649,1310,2091,2112
"ROYCE, JENNIE",0.003418803418803419,2.679694855838507e-07,0.3224917309812569,0.0013682361317230106,1126,1184,1722,1599
R'TEE,0.0017094017094017094,0.0,0.3322919625106504,0.0013595982555630454,1649,1310,1479,1605
"RUBINO, STEVE HEADSE",0.002136752136752137,0.0,0.31026252983293556,0.0006108242605865633,1489,1310,1948,1982
RUBY,0.002564102564102564,0.0,0.339179591245108,0.002468320645792507,1362,1310,1235,1177
"RUDOLFO, PRINCE",0.001282051282051282,0.0,0.33438125178622463,0.0019718226728831782,1804,1310,1423,1345
"RUIZ, RIGGER",0.010256410256410256,8.948613416648477e-05,0.3623973981725259,0.007630983246028619,395,529,475,565
"RUNCITER, GAIL",0.0017094017094017094,0.0,0.35470668485675305,0.0027319672163998317,1649,1310,637,1115
RUNNER,0.0029914529914529912,0.0,0.32427937915742794,0.0027154640994236723,1243,1310,1662,1120
"RUSSELL, LISSA",0.0017094017094017094,0.0,0.27070800555298474,7.038947522537089e-05,1649,1310,2191,2248
RUSSIAN,0.0008547008547008547,0.0,0.2917341977309562,0.00017858960990923184,1996,1310,2114,2161
"RYKER, GENERAL",0.002136752136752137,2.436086232580461e-07,0.33452466047176554,0.001813037535466294,1489,1188,1411,1397
"RYKER, HARLAN",0.001282051282051282,0.0008547008547008547,0.2626852267624607,5.6457079884648137e-05,1804,258,2251,2271
"RYKER, MAJOR SIMON",0.0008547008547008547,0.0,0.252972972972973,1.2428136696575451e-05,1996,1310,2309,2328
SABRA / RUTH BAT-SERAP,0.007692307692307693,3.0603199899502094e-05,0.3809213739215367,0.015585907281413508,530,645,291,322
SABRETOOTH / VICTOR CR,0.02393162393162393,0.00046726039009105825,0.3744,0.028696286664051947,176,318,346,186
SAGITTARIUS / HARLAN V,0.005128205128205128,6.690657889277821e-05,0.3383458646616541,0.0016231544155253825,808,557,1277,1479
"SAINT, AMANDA",0.00042735042735042735,0.0,0.2673063742289239,7.258644425734864e-05,2176,1310,2208,2242
SALOME,0.0008547008547008547,0.0,0.32892887264548776,0.000977556626309812,1996,1310,1581,1803
SAMUELS,0.002136752136752137,0.0,0.31570426335671886,0.0006556010650815848,1489,1310,1864,1963
"SANDHURST, VINCENT",0.00042735042735042735,0.0,0.3377598152424942,0.0012226788388201683,2176,1310,1314,1664
SANDMAN / WILLIAM BAKE,0.03205128205128205,0.004453199420788115,0.4299099761161124,0.044393882739429534,127,94,126,114
"SANDOR, PROFESSOR IS",0.001282051282051282,0.0,0.2623318385650224,0.0002384627208586185,1804,1310,2259,2129
SAPPER,0.0008547008547008547,0.0,0.3123331553657234,0.0006336335725684043,1996,1310,1912,1973
SAPPHIRAS,0.001282051282051282,0.0,0.26669705949395944,0.00015412929079694246,1804,1310,2210,2181
"SAPRISTI, JERRY",0.009829059829059829,1.3648824026281512e-05,0.34285714285714286,0.005371722698516261,414,731,1140,705
SARACEN,0.00042735042735042735,0.0,0.2916978309648467,0.0001767378298098777,2176,1310,2117,2165
"SAROYAN, NEAL",0.001282051282051282,0.0,0.32754759238521836,0.0011576563610324947,1804,1310,1627,1720
SASQUATCH DOPPELGANG,0.00641025641025641,0.0,0.3812937917549291,0.013721935852881756,653,1310,287,366
SASQUATCH II,0.004273504273504274,1.0248964788611266e-06,0.3202408649240454,0.0020902009201815646,937,1031,1782,1294
SASQUATCH / WALTER LAN,0.053418803418803416,0.003898028032859429,0.4641015470051567,0.07793606828488578,61,108,52,49
SATAN / MARDU KURIOS,0.003418803418803419,1.5816715573259554e-05,0.33224478205310237,0.002735108090388499,1126,712,1482,1113
SATANNISH,0.001282051282051282,0.0,0.34110787172011664,0.0025743388521797784,1804,1310,1187,1155
"SATURNYNE, OPAL LUNA",0.007264957264957265,9.879889480524864e-07,0.3288364249578415,0.003507480724327443,562,1037,1593,937
SAT-YR-9,0.004273504273504274,0.0,0.3283749649172046,0.0032372142035620634,937,1310,1606,988
SAUL,0.00042735042735042735,0.0,0.2557097584963392,7.897109563710965e-05,2176,1310,2302,2231
"SAUNDERS, KRISTINE",0.0017094017094017094,0.0,0.3488372093023256,0.0019951789351588946,1649,1310,861,1333
SAURON / DR. KARL LYKO,0.01282051282051282,0.00016370980619424355,0.363692881566677,0.019015274109536955,326,457,455,279
SAVAGE STEEL / HARRY L,0.002136752136752137,0.0,0.31026252983293556,0.000611434366901096,1489,1310,1948,1980
"SAVANNAH, LOU-ANN",0.0008547008547008547,0.0,0.313211082853701,0.0009737812300815267,1996,1310,1893,1807
"SAXON, STARR",0.00811965811965812,0.00034683112620657766,0.3686200378071834,0.009355968144661513,497,349,399,482
SAYGE,0.0008547008547008547,0.0,0.3225806451612903,0.0008872051189620403,1996,1310,1714,1869
SCALPHUNTER,0.008974358974358974,0.00020125260114670153,0.3554070473876063,0.012525913222900536,442,421,610,394
SCANNER II,0.017094017094017096,0.000389962396664056,0.37201907790143085,0.01765006097661727,249,342,362,299
SCANNER II / RHANLA,0.0038461538461538464,0.0,0.2468354430379747,1.8923393629825846e-05,1005,1310,2322,2310
SCANNER / SKERA,0.0017094017094017094,0.0,0.26639344262295084,7.891896302920066e-05,1649,1310,2219,2234
SCARECROW / EBENEZER L,0.001282051282051282,0.0,0.3508771929824561,0.0015109474386392654,1804,1310,769,1543
"SCARFE, RAFAEL",0.0038461538461538464,1.2607792156627874e-05,0.33703010226127034,0.0023216850716498566,1005,752,1351,1228
SCARLET CENTURION,0.005555555555555556,0.0,0.37031175818958695,0.011578106966248492,754,1310,381,416
SCARLET WITCH / WANDA,0.13076923076923078,0.01946008993406228,0.5021459227467812,0.12212838582809911,10,24,14,8
SCATTERBRAIN,0.00811965811965812,0.00018927960832715627,0.3288826423049895,0.0034807946450291336,497,430,1583,950
SCHEMER / RICHARD FISK,0.008547008547008548,1.3886237764867979e-05,0.35406264185201997,0.0049610813417368714,468,728,656,749
"SCHWINNER, DR. ERIC",0.00042735042735042735,0.0,0.3470780183921685,0.001198773680479419,2176,1310,1012,1690
SCORCH II,0.0029914529914529912,3.479062998491481e-07,0.2974072191154042,0.0005831564966053449,1243,1156,2053,1993
SCORPIO / JAKE FURY,0.003418803418803419,0.0,0.2609277430865299,0.00017640925786343342,1126,1310,2267,2170
SCORPION / MACDONALD G,0.003418803418803419,0.0,0.3723150357995227,0.0052537869344703525,1126,1310,358,716
SCOURGE,0.00042735042735042735,0.0,0.3507719982011692,0.0014456122137333884,2176,1310,786,1564
SCOURGE II / ,0.001282051282051282,0.0,0.31715912171320143,0.0007972712995833954,1804,1310,1848,1921
SCRAMBLER,0.0038461538461538464,6.002575786765222e-05,0.3457957736072115,0.004313649580548808,1005,575,1071,830
"SCRATCH, NICHOLAS",0.002564102564102564,0.0,0.342305441778818,0.0061566787999583535,1362,1310,1151,652
SCREAMING MIMI / MELIS,0.022222222222222223,0.0018505682243973134,0.40575689266516385,0.024351868742217782,193,169,201,223
SCREAM,0.004700854700854701,0.0,0.3546529251288269,0.004002950529028168,861,1310,640,864
SCRIER II / ,0.004273504273504274,8.04923492681794e-07,0.3481624758220503,0.0020820809446268486,937,1062,893,1300
SCUZZ,0.0017094017094017094,0.0,0.2992710065225732,0.00020942827086948784,1649,1310,2040,2137
SEEKER / TARM,0.0017094017094017094,0.0,0.26639344262295084,7.89189630292013e-05,1649,1310,2219,2233
SELENE,0.011111111111111112,2.501663608349658e-05,0.3550834597875569,0.013934416662838964,374,673,623,360
SEMIJAN,0.0029914529914529912,4.567661686088364e-07,0.3084629580806749,0.0005676042262987661,1243,1132,1958,1994
SENSATIONAL HYDRA / A,0.00042735042735042735,0.0,0.3507719982011692,0.0014456122137333884,2176,1310,786,1564
SENTINELS,0.006837606837606838,6.228725358735096e-05,0.36642655809583463,0.014769339218844,605,570,424,343
SENTRY 459,0.0008547008547008547,0.0,0.313211082853701,0.0009737812300815267,1996,1310,1893,1807
SENTRY IV / VAL,0.0038461538461538464,0.0,0.2468354430379747,1.8923393629825747e-05,1005,1310,2322,2311
SENYAKA,0.001282051282051282,0.0,0.3303684879288437,0.001444675939443265,1804,1310,1508,1572
SERGEI,0.003418803418803419,6.495066721034139e-07,0.340165721761884,0.004011898848598474,1126,1087,1213,859
SERSI / SYLVIA,0.052564102564102565,0.008857242202653657,0.4495677233429395,0.06039671605171986,64,57,81,82
SETH,0.001282051282051282,0.0,0.3283749649172046,0.0011274110102723596,1804,1310,1606,1751
SETH II,0.009829059829059829,1.5341164671408543e-05,0.3443201883460859,0.0062543628852260325,414,715,1107,648
SHADES,0.0008547008547008547,0.0,0.31204160554740634,0.0004968004857014046,1996,1310,1927,2032
SHADOWCAT 2013,0.002564102564102564,0.0,0.3413566739606127,0.005636984755707297,1362,1310,1178,686
SHADOWCAT / KATHERINE,0.07564102564102564,0.009113524589296318,0.4695966285370259,0.07889393658755435,40,55,44,48
SHADOW KING / AMAHL FA,0.006837606837606838,5.649425268359764e-07,0.3534209333937472,0.011736811506440488,605,1110,668,410
SHADOWKNIGHT / RANDALL,0.00042735042735042735,0.0,0.3155339805825243,0.0006026279598744742,2176,1310,1871,1986
SHAKTI,0.001282051282051282,0.0,0.25492973090750626,4.837070774130175e-05,1804,1310,2305,2281
SHALLA BAL II,0.0038461538461538464,4.2766886200076115e-05,0.34538745387453873,0.005203772158481867,1005,612,1082,725
SHAMAN / MICHAEL TWOYO,0.046153846153846156,0.003140164703393213,0.4553415061295972,0.06560407323374944,76,119,69,72
SHAMROCK / MOLLY FITZG,0.00042735042735042735,0.0,0.3046875,0.00039007408739966223,2176,1310,1995,2088
SHANG-CHI,0.00811965811965812,0.005500397155022242,0.36545369358113383,0.005669361674923451,497,79,438,682
SHANNA / SHANNA O'HARA,0.01282051282051282,0.0041513247424216975,0.3942712721145746,0.013239753939025958,326,103,234,382
SHANZAR,0.001282051282051282,0.0,0.3464100666173205,0.003052789802534882,1804,1310,1045,1028
SHAPE,0.007692307692307693,4.817185515937925e-05,0.32663316582914576,0.0020565080648588495,530,600,1642,1310
SHAPER OF WORLDS,0.0008547008547008547,0.0,0.33438125178622463,0.0011778230845358743,1996,1310,1423,1712
SHARD,0.007264957264957265,0.0002169055479415687,0.3330960854092527,0.004372786961697764,562,402,1455,820
"SHARPE, ROSALINDE",0.002564102564102564,2.0285441912061268e-06,0.33172667989793025,0.0015423304877360763,1362,958,1492,1516
SHA SHAN,0.005555555555555556,4.1979051914605724e-06,0.3502994011976048,0.0038753520873881925,754,892,804,876
SHATTERAX,0.001282051282051282,0.0,0.3508771929824561,0.001474714426128123,1804,1310,769,1555
SHATTERSTAR II / GAVEE,0.02264957264957265,0.00041076579581005273,0.3714875377043975,0.027423279131739135,182,334,367,196
"SHAW, SHINOBI",0.002136752136752137,0.0,0.34381428151630916,0.004702485966951042,1489,1310,1119,785
SHE-HULK / JENNIFER WA,0.10042735042735043,0.019692634878842638,0.4921135646687697,0.1117489924011495,25,22,20,20
"SHERIDAN, RICHARD RI",0.002136752136752137,4.2631509070158055e-07,0.2592797783933518,1.8887103048310025e-05,1489,1143,2281,2318
"SHIFFMAN, MAXIE",0.0017094017094017094,0.0,0.3472840605520926,0.001892618765557818,1649,1310,961,1376
"SHINCHUKO, LOTUS",0.003418803418803419,0.0,0.3020524073835033,0.00040595075275175923,1126,1310,2024,2084
"SHINSKI, PROFESSOR W",0.002564102564102564,0.0006972571182623385,0.3417555133635169,0.004798392827110754,1362,283,1161,768
SHIP,0.00641025641025641,3.532809248997232e-06,0.35320754716981134,0.009612202774024019,653,912,676,469
"SHIRE, DR. RANDALL",0.0029914529914529912,4.567661686088364e-07,0.3084629580806749,0.0005676042262987648,1243,1132,1958,1995
SHOCKER / HERMAN SCHUL,0.005128205128205128,2.5604581987251713e-05,0.36908517350157727,0.004798995043505753,808,669,395,767
SHOCKWAVE / LANCASTER,0.002136752136752137,0.0,0.2677958342870222,5.914679395849171e-05,1489,1310,2204,2264
SHOC / NEIL AIKEN,0.00042735042735042735,0.0,0.3470780183921685,0.001198773680479419,2176,1310,1012,1690
SHOOTING STAR,0.00042735042735042735,0.0,0.2697406340057637,7.449993604206418e-05,2176,1310,2196,2240
"SHORR, JACQUELINE",0.0029914529914529912,0.0,0.33678756476683935,0.0022689107964815884,1243,1310,1368,1240
SHOTGUN II / WALKER,0.002136752136752137,9.135323372176728e-08,0.2918433524569718,0.00018418985558238724,1489,1258,2108,2157
SHRIEK / SANDRA DEEL / F,0.0008547008547008547,0.0,0.3471295060080107,0.001530779939581883,1996,1310,992,1526
SHROUD / MAXIMILLIAN Q,0.009401709401709401,0.001831061942075889,0.3721965961507873,0.013080651891047027,427,171,360,386
SICKLE II / ,0.002136752136752137,2.436086232580461e-07,0.2574823943661972,3.079504602478443e-05,1489,1188,2294,2301
SIDEWINDER / SETH VOEL,0.006837606837606838,2.131184444721413e-06,0.3521974714027694,0.0020638105349310982,605,955,700,1307
"SIEGEL, DR. AVRAM",0.00042735042735042735,0.0,0.2936746987951807,0.0002372312000739626,2176,1310,2088,2130
SIF,0.039316239316239315,0.0024286482143993297,0.38304141430676053,0.02261147953394023,99,143,274,241
SIGYN,0.004700854700854701,0.0,0.3388848660391021,0.0034878102741714746,861,1310,1247,946
SIKORSKY,0.008974358974358974,1.4354726924254559e-06,0.3569249542403905,0.012736059089792005,442,996,574,391
"SIKORSKY, RAYMOND",0.008547008547008548,2.074313186485614e-05,0.39281517542387107,0.017459927853454047,468,691,239,303
SILHOUETTE,0.02264957264957265,0.0010454245546239068,0.4159260575897618,0.03407989891841995,182,224,175,157
SILVER,0.005555555555555556,0.0,0.3191489361702128,0.0043670519987156,754,1310,1799,821
SILVERCLAW / LA GARRA,0.005128205128205128,0.0,0.3686781156451867,0.011754299743880797,808,1310,398,409
SILVER DAGGER / ISAIAH,0.002564102564102564,0.00016265250320311663,0.3301354401805869,0.0014767474168981927,1362,459,1518,1551
SILVER FOX II / ZORA D,0.0008547008547008547,0.0,0.34442154842508094,0.0016852499561394384,1996,1310,1102,1455
SILVERMANE / SILVIO MA,0.007264957264957265,3.1380872244214506e-05,0.36038811027260126,0.005950056074468562,562,642,520,667
SILVER SABLE,0.007264957264957265,0.001144380171251877,0.3577981651376147,0.004629315695157817,562,217,562,788
SILVER SAMURAI / KENYU,0.004273504273504274,0.001766895349778386,0.36746231155778897,0.004186276522954174,937,175,413,841
SILVER SCORPION / ELIS,0.00641025641025641,0.0006415608554818872,0.33271719038817005,0.002558034231228382,653,293,1461,1157
SILVER SURFER / NORRIN,0.07435897435897436,0.021077859622192576,0.47091970215335077,0.08569877506497568,42,15,42,41
"SIMON, ALEX FLORES",0.004273504273504274,3.4394013706940906e-05,0.3404626800523789,0.004884510392017533,937,634,1203,756
"SINCLAIR, MORGAN",0.003418803418803419,1.2435871034029882e-05,0.307006035161375,0.00047278273753301485,1126,754,1972,2047
SIN-EATER / STAN CARTE,0.0008547008547008547,0.0,0.3522504892367906,0.002114562196698818,1996,1310,698,1285
SIRYN / THERESA ROURKE,0.03034188034188034,0.0018225318967413928,0.3744,0.031364229559463594,139,172,346,171
SISTER AGONY,0.004700854700854701,3.403952846064021e-07,0.35299441846432345,0.0029286723880187263,861,1165,683,1065
SISTER DEATH,0.004273504273504274,0.0,0.35246272028920017,0.0023306491268669078,937,1310,692,1224
SISTER DREAM,0.004273504273504274,0.0,0.35246272028920017,0.002330649126866908,937,1310,692,1223
SISTER NIL,0.0008547008547008547,0.0,0.32892887264548776,0.0009775566263098127,1996,1310,1581,1802
SISTER PLEASURE / SCAR,0.004700854700854701,3.403952846064021e-07,0.35299441846432345,0.0029286723880187237,861,1165,683,1066
SISTER SALVATION,0.0008547008547008547,0.0,0.34346103038309117,0.0013269904153712872,1996,1310,1129,1617
"SITWELL, JASPER",0.013675213675213675,0.000260808007704907,0.38537549407114624,0.01855906957132392,305,379,263,285
SKAR,0.002564102564102564,0.0,0.32925284930350357,0.0011285663743394127,1362,1310,1555,1748
SKIDS / SALLY BLEVINS,0.02094017094017094,0.00019321376678906448,0.35867565910484367,0.018303640018403167,208,427,540,287
SKIN / ANGELO ESPINOSA,0.014102564102564103,0.0006520064317067161,0.35411622276029053,0.00900007419326132,296,292,653,494
SKIN II / DONNA BLISS,0.002136752136752137,1.287933050000438e-05,0.2635135135135135,9.699823102504084e-05,1489,745,2248,2216
"SKIN, NYLA",0.0008547008547008547,0.0,0.3292991837883479,0.000959532081360537,1996,1310,1548,1820
SKOOKA,0.0017094017094017094,1.2180431162902304e-07,0.3203285420944558,0.000871646128149004,1649,1244,1772,1875
SKULLBUSTER,0.002136752136752137,0.0,0.2595385980479148,0.0002642714207266797,1489,1310,2275,2121
"SLAG / SLAGHT, DR. THE",0.00042735042735042735,0.0,0.3377598152424942,0.0012226788388201683,2176,1310,1314,1664
SLEDGE,0.0017094017094017094,0.0,0.3041726244637983,0.0015540672859124722,1649,1310,2001,1509
SLEEPER,0.0017094017094017094,0.0,0.2918433524569718,0.0004299949504186528,1649,1310,2108,2066
SLEEPWALKER,0.003418803418803419,0.004325366182924548,0.34977578475336324,0.001839696803150446,1126,100,819,1393
SLITHER,0.006837606837606838,7.843660795091411e-06,0.3620609624013616,0.009447137405109404,605,824,481,477
"SLOAN, DR.",0.0029914529914529912,8.819212182472836e-07,0.34743875278396436,0.001737870367332737,1243,1048,952,1434
"SLOAN, FRED",0.0038461538461538464,5.592451280229124e-06,0.3371757925072046,0.0029051624095741357,1005,864,1346,1072
"SLOAN, JASON",0.0017094017094017094,0.0,0.334907685702018,0.001984569667598451,1649,1310,1399,1339
SLUG / ULYSSES X. LUGM,0.004273504273504274,0.0009203647614236815,0.33466819221967964,0.001319362414223541,937,238,1407,1620
SMASHER IV,0.0038461538461538464,1.486012601874081e-06,0.29601518026565465,0.0009031750038499763,1005,993,2073,1862
SMILING TIGER / ,0.00641025641025641,4.479261120987724e-08,0.33248081841432225,0.004456115148745896,653,1293,1470,807
"SMITH, COL. TOLLIVER",0.001282051282051282,0.0,0.259222333000997,1.8523346634159434e-05,1804,1310,2284,2321
"SMITH, JOE",0.0008547008547008547,0.0,0.34754195752264966,0.0017546179845605264,1996,1310,946,1427
"SMITH, MARTY LOUIS L",0.00042735042735042735,0.0,0.27943635060902794,0.00037911521876020967,2176,1310,2156,2093
"SMITH, SIR DENIS NAY",0.003418803418803419,8.338953511632841e-06,0.27692307692307694,8.082305215798768e-05,1126,813,2166,2227
SMUGGLER II / CONRAD J,0.004700854700854701,0.0,0.3546529251288269,0.004002950529028169,861,1310,640,862
"SMYTHE, ALISTAIR ALP",0.005555555555555556,0.0006903866678850693,0.3487852138917871,0.0025275015748284155,754,284,865,1162
"SMYTHE, SPENCER",0.002564102564102564,0.0,0.34774855104770397,0.00273573309882313,1362,1310,924,1112
SNAKEBITE / ,0.003418803418803419,1.2435871034029882e-05,0.307006035161375,0.0004727827375330156,1126,754,1972,2046
SNOWBIRD / NARYA / ANNE,0.015384615384615385,0.00026998032223837055,0.4233761534286231,0.028661747284475052,275,374,149,187
"SNOW, CHARLIE",0.00042735042735042735,0.0,0.3470780183921685,0.001198773680479419,2176,1310,1012,1690
"SOAP, DET.",0.0029914529914529912,9.135323372176728e-07,0.29191616766467066,0.00018767279885756053,1243,1045,2100,2147
SOLO / ,0.001282051282051282,0.0,0.34718100890207715,0.0018019264853566081,1804,1310,976,1401
"SOMMERS, APRIL",0.002564102564102564,0.0,0.33466819221967964,0.002064301738250901,1362,1310,1407,1306
"SONDHEIM, ERICA",0.0038461538461538464,3.480065728895771e-06,0.3470780183921685,0.004540347023984831,1005,916,1012,794
SOPHIE,0.0029914529914529912,0.0,0.3473871733966746,0.0016365343280394492,1243,1310,955,1474
SORRENTINO / SORRENTIN,0.0017094017094017094,0.0,0.32191498142798186,0.0016686543685604039,1649,1310,1734,1461
"SOUTHERN, CANDY",0.010683760683760684,7.081778711005474e-05,0.36066584463625156,0.014388512467298609,382,550,513,351
SPACE PHANTOM,0.002564102564102564,0.0,0.36631183469004386,0.006891994499101347,1362,1310,425,607
"SPAR, DR. KATHERINE",0.0008547008547008547,0.0,0.33438125178622463,0.0014142807922064894,1996,1310,1423,1581
"SPAULDING, PETER",0.002136752136752137,9.135323372176728e-08,0.302599249967671,0.0004133389509848608,1489,1258,2018,2075
SPEEDBALL II / DARRION,0.008974358974358974,0.0001298374155585339,0.3553530751708428,0.005142525133171375,442,483,612,732
SPEEDBALL / ROBBIE BAL,0.04401709401709402,0.003988072012907908,0.45873358165065675,0.06591184959617326,81,105,59,70
SPHINX,0.008547008547008548,0.00019665700575031904,0.3490974190660898,0.009020629190269025,468,425,851,492
SPHINX II,0.003418803418803419,0.0,0.32865168539325845,0.0036524427570300173,1126,1310,1598,912
SPIDERCIDE,0.004273504273504274,2.4076250298483225e-07,0.34857738715924325,0.002631714725175919,937,1195,873,1139
SPIDER-MAN CLONE / BEN,0.029487179487179487,0.004566322896660958,0.3577981651376147,0.007175410486527208,144,92,562,589
SPIDER-MAN III / MARTH,0.00641025641025641,0.003705242276926119,0.35014215172826574,0.003150658477857927,653,112,811,1010
SPIDER-MAN / PETER PARKER,0.19316239316239317,0.13089383262283769,0.5314558255734726,0.12149240176568833,2,1,2,10
SPIDER-WOMAN II / JULI,0.04358974358974359,0.001670305855020998,0.45918367346938777,0.07130765006108185,82,183,58,59
SPIDER-WOMAN IV / CHAR,0.002136752136752137,0.0,0.34961900493052445,0.0021531947063120334,1489,1310,827,1273
SPIDER-WOMAN / JESSICA,0.025213675213675214,0.009008752955015263,0.4320531757754801,0.034692789639023225,167,56,120,155
SPIRAL,0.016666666666666666,0.00022508848618194927,0.36694370393602005,0.02173153219570664,256,398,423,247
SPITFIRE / LADY JACQUE,0.0059829059829059825,1.328279695058734e-05,0.36038811027260126,0.0038319332580149506,702,737,520,881
SPOOR / ANDREW HAMISH,0.001282051282051282,0.0,0.327914798206278,0.0021493370378121413,1804,1310,1620,1275
SPRAGG,0.0008547008547008547,0.0,0.3299027209925278,0.0011162068013590841,1996,1310,1524,1756
SPRITE,0.004700854700854701,9.610993573078329e-06,0.34076015727391873,0.0025851732091277365,861,797,1195,1150
SPROCKET,0.002136752136752137,0.0,0.3285132668819318,0.00273239469897645,1489,1310,1604,1114
SPUNJE,0.0017094017094017094,0.0,0.3322919625106504,0.0013595982555630467,1649,1310,1479,1604
SPYMASTER II,0.0008547008547008547,0.0,0.33829694954460027,0.001763116738525515,1996,1310,1284,1421
SPYMASTER / JAKE JORDA,0.0008547008547008547,0.0,0.33829694954460027,0.001763116738525515,1996,1310,1284,1421
SPYNE,0.0029914529914529912,6.256517003293925e-05,0.33519553072625696,0.0014905662993873398,1243,568,1388,1547
SSSESTHUGAR,0.002136752136752137,0.0,0.35251581801747517,0.002676092676083974,1489,1310,690,1127
"STACY, ARTHUR",0.006837606837606838,1.6940435830641393e-06,0.348681269557443,0.003836352541260006,605,974,868,879
"STACY, CAPT. GEORGE",0.006837606837606838,5.759226290154533e-07,0.3508771929824561,0.004138840104095077,605,1109,769,847
"STACY, GWEN",0.009401709401709401,3.18875960136616e-06,0.3511931562359298,0.004988000351243503,427,926,751,745
"STACY, GWEN (CLONE)",0.0038461538461538464,1.6657639950006095e-07,0.3485254691689008,0.003084592957861831,1005,1224,878,1023
"STACY, JILL",0.009829059829059829,1.2227431380157303e-05,0.35061432424333233,0.004721960569921337,414,758,798,781
"STACY, PAUL",0.004273504273504274,5.212934527456402e-07,0.3479553903345725,0.002522202853271123,937,1118,910,1165
STAINED GLASS SCARLE,0.001282051282051282,0.0,0.31561909900188834,0.0006424080061297974,1804,1310,1865,1966
STALLIOR,0.006837606837606838,0.00014835648854309144,0.3439153439153439,0.007310317068979483,605,464,1116,584
"STALYENKO, COL. YURI",0.0059829059829059825,1.3343108682997523e-07,0.3234277816171389,0.0037039213958829213,702,1240,1683,900
"STANE, OBADIAH",0.003418803418803419,6.02931342563664e-07,0.33859065258283894,0.00203368120611697,1126,1100,1257,1319
"STANKOWICZ, FABIAN",0.014102564102564103,0.00020304719195638992,0.3986371379897785,0.021369844291641363,296,418,221,252
"STAPLES, EDNA M. GRA",0.0038461538461538464,0.0,0.35955746773202213,0.0068950118355737555,1005,1310,530,605
STARBOLT,0.0059829059829059825,0.00013458352867548544,0.3509298140371926,0.0072919539650072055,702,477,761,585
STARFOX / EROS,0.037606837606837605,0.001209544193414115,0.4475043029259897,0.057139997556970044,106,211,86,85
"STARK, MORGAN",0.002136752136752137,0.0,0.3384437373445184,0.0021049317610435173,1489,1310,1268,1290
"STARR, TRIXIE TRISH",0.0017094017094017094,2.4058009500157133e-07,0.33476394849785407,0.001244359628815041,1649,1196,1402,1648
STARSHINE II / BRANDY,0.01282051282051282,0.009160364798719539,0.3273185060847671,0.0017664465330671393,326,54,1631,1420
STARSHINE III / ANARRA,0.0038461538461538464,0.0,0.2468354430379747,1.8923393629823687e-05,1005,1310,2322,2317
STARSHINE / LANDRA,0.0008547008547008547,0.0,0.26606026151222284,6.052916447712701e-05,1996,1310,2225,2258
"ST. CROIX, CLAUDETTE",0.005555555555555556,4.87678608051985e-07,0.29850746268656714,0.0017002605965916696,754,1122,2046,1448
"ST. CROIX, NICOLE",0.005555555555555556,4.87678608051985e-07,0.29850746268656714,0.001700260596591671,754,1122,2046,1447
"STEELE, BOBBY",0.005128205128205128,2.3630560958582053e-06,0.332433584315954,0.0028641905099076313,808,950,1475,1085
"STEELE, MARCY MASTER",0.009829059829059829,7.049567824296584e-05,0.362116991643454,0.008447260849384006,414,551,480,516
STEEL WIND,0.001282051282051282,0.0,0.26265574138511616,7.504818788562008e-05,1804,1310,2252,2239
STEGRON,0.00042735042735042735,0.0,0.3470780183921685,0.001198773680479419,2176,1310,1012,1690
STELLARAX,0.002564102564102564,0.0,0.32019704433497537,0.0018696183093037412,1362,1310,1785,1382
STELLARIS / LEAH PRINC,0.005128205128205128,6.828739803162105e-06,0.3447259870359458,0.0038523056789550414,808,837,1098,877
"STERMAN, ANDREA ANDI",0.00641025641025641,0.0005707778356272789,0.3365453760966489,0.003558355049508216,653,311,1372,932
"STEWART, MACKINLEY",0.00042735042735042735,0.0,0.2635431918008785,3.4927430653196846e-05,2176,1310,2244,2293
STICK,0.00042735042735042735,0.0,0.2635431918008785,3.4927430653196846e-05,2176,1310,2244,2293
STILETTO,0.002136752136752137,0.0008591802860928903,0.31443160440741735,0.0006713458758698405,1489,252,1877,1957
STILT-MAN / WILBUR DAY,0.002136752136752137,0.0,0.3373702422145329,0.0025225637939010463,1489,1310,1338,1163
STINGRAY / DR. WALTER,0.022222222222222223,0.0004178243578357756,0.40589765828274066,0.034502434365421636,193,331,200,156
"ST. LAWRENCE, COL. C",0.0038461538461538464,2.4509784751416606e-06,0.3479036574487065,0.004485375975833592,1005,947,914,802
STONECUTTER / UTAMA TO,0.002136752136752137,0.0,0.3471295060080107,0.002508463969971192,1489,1310,992,1167
"STONE, LT. MARCUS",0.010256410256410256,9.911930974704835e-05,0.362453531598513,0.006715282474179876,395,522,472,622
"STONE, TIBERIUS",0.00042735042735042735,0.0,0.3377598152424942,0.0012226788388201683,2176,1310,1314,1664
STONEWALL / LOUIS HAMI,0.00641025641025641,2.3189667021679386e-08,0.3468208092485549,0.007509030056692404,653,1308,1033,571
STORM / ORORO MUNROE S,0.1282051282051282,0.020252384698285456,0.5030094582975064,0.12164308985232303,11,20,13,9
"STRANG, COL. / LT. GAR",0.0029914529914529912,1.0643004649649356e-05,0.34826611102842686,0.0026244923952315684,1243,775,887,1141
STRANGER,0.012393162393162393,0.00020131118735390563,0.4088050314465409,0.02079734177962619,335,420,194,259
STRIDER,0.0038461538461538464,6.818230941248644e-07,0.3444722508464596,0.004709793664066358,1005,1084,1101,782
STROBE / ,0.004273504273504274,2.1894898567335733e-05,0.3201532357367629,0.002246474147521214,937,685,1791,1247
STRONG GUY / GUIDO CAR,0.04316239316239316,0.0005823273475582796,0.43237250554323725,0.06979762700893309,86,308,118,61
STRONTIUM-90 / ,0.002136752136752137,0.0,0.32019704433497537,0.0006389720705167172,1489,1310,1785,1969
"STROUD, SIMON",0.002136752136752137,1.3133303667792733e-06,0.3492016116997463,0.0020670561619960093,1489,1012,847,1305
"STRUCKER, ANDREA",0.004700854700854701,1.5831100307711757e-05,0.3523035230352303,0.006456607885528461,861,711,697,637
"STRUCKER, ANDREAS",0.008547008547008548,0.0010716466905523658,0.358840668609109,0.006922233104085197,468,222,536,603
STRYFE,0.018376068376068377,0.0016155206820851048,0.3684459140292867,0.024550893024605037,234,188,402,220
"STUART, BRIG. ALYSAN",0.004700854700854701,4.7199392186368854e-07,0.3293918918918919,0.003685504923159628,861,1126,1543,903
"STUART, DR. ALISTAIR",0.007264957264957265,4.57749518087784e-06,0.3293918918918919,0.0038441312322724905,562,886,1543,878
STUNNER / ANGELINA BRA,0.004273504273504274,4.1692013503221215e-07,0.34857738715924325,0.002670570264792949,937,1145,873,1128
STUNT-MASTER / GEORGE,0.0017094017094017094,8.203475688233e-06,0.3306953080836631,0.0013164906117726753,1649,814,1501,1623
SUB-MARINER / NAMOR MA,0.10427350427350428,0.028881365765894607,0.4886197536020046,0.09678450002922212,22,9,29,31
"SU, DR. KO BIN",0.002564102564102564,0.0,0.3106744556558683,0.0015436621680707293,1362,1310,1943,1513
"SUEE, FAH LO",0.002564102564102564,0.0,0.26782648506352297,5.9938578228030176e-05,1362,1310,2203,2260
"SUMMERS, MADELYNE MA",0.02264957264957265,0.0003948106878803064,0.36815607300188796,0.026499849069058928,182,339,404,201
"SUMMERS, NATHAN CHRI",0.0594017094017094,0.01751445879149276,0.44545973729297544,0.054084736118237324,54,27,90,92
"SUMMERS, SCOTT III |",0.005555555555555556,1.1762816380174224e-06,0.31797798613942113,0.00099219391522877,754,1017,1819,1798
SUMO,0.00042735042735042735,0.0,0.26927502876869963,0.00024224530886238528,2176,1310,2198,2128
SUNDER,0.0059829059829059825,1.0934225796538557e-06,0.3512458721104773,0.009618169156274965,702,1025,749,468
SUNFIRE / SHIRO YOSHID,0.02735042735042735,0.0015629953967668815,0.41659248709275415,0.04477032284801269,156,194,172,111
"SUN, LIN",0.0038461538461538464,2.0763752842928068e-05,0.3162589539126909,0.000869101815641062,1005,689,1857,1879
SUNSPOT / ROBERTO DACO,0.05641025641025641,0.007213595982596413,0.42920029347028615,0.04935555409492194,57,62,130,103
SUNTURION / ARTHUR DEA,0.00042735042735042735,0.0,0.3377598152424942,0.0012226788388201683,2176,1310,1314,1664
SUPER-ADAPTOID / ALESS,0.003418803418803419,1.5456396000564242e-06,0.3655107778819119,0.00732949741276989,1126,988,435,583
"SUPERIA / WENTWORTH, D",0.0017094017094017094,0.0,0.35108777194298574,0.0018462417294942794,1649,1310,753,1392
SUPER SABRE / MARTIN F,0.007264957264957265,9.335598793815759e-07,0.3492016116997463,0.008184922259334372,562,1042,847,532
SUPER SKRULL / KL'RT,0.008974358974358974,0.0002251745238887886,0.3795004865390853,0.012581952468801767,442,396,300,393
SUPREME INTELLIGENCE,0.011538461538461539,0.0002797182943602381,0.38210320052253427,0.020485533249363676,361,368,282,262
SURTUR,0.006837606837606838,6.809148701220719e-06,0.3391304347826087,0.0041696675505996554,605,838,1240,844
SUWAN,0.001282051282051282,0.0,0.3546529251288269,0.0022310066704189775,1804,1310,640,1251
"SWANN, DR. EVAN",0.001282051282051282,0.0,0.34718100890207715,0.0015460347683819327,1804,1310,976,1511
"SWITZLER, BEVERLY",0.001282051282051282,7.816753375992436e-05,0.2758132956152758,0.00010037637990758906,1804,543,2176,2215
SWORDSMAN II / COTATI,0.003418803418803419,0.0,0.3561101810987673,0.00702472595495863,1126,1310,589,593
SWORDSMAN III / PHILIP,0.011965811965811965,2.4078936279218342e-05,0.38241542735741135,0.02135736478986582,349,676,278,253
SWORDSMAN / JACQUES DU,0.01581196581196581,4.021600188748636e-05,0.3987730061349693,0.029842333211179572,267,619,219,178
SYBYL DORN,0.005555555555555556,0.0,0.3710163310607262,0.010000001059750789,754,1310,374,448
S'YM,0.00811965811965812,0.00011907802983542569,0.3458468814661543,0.00901842571836358,497,491,1068,493
SYNCH / EVERETT THOMAS,0.009829059829059829,8.173874299437877e-06,0.29911798542758533,0.002109251524835468,414,817,2043,1286
"SZARDOS, MARGALI",0.004273504273504274,0.0,0.3396719407751488,0.005223804876983971,937,1310,1220,720
TABOO,0.0008547008547008547,0.0,0.27064538514920194,6.900039987486955e-05,1996,1310,2194,2252
TAGAR,0.005555555555555556,3.1593098860376964e-05,0.3450309643173105,0.004316781619296682,754,640,1090,828
TAIFU / TOSHIO SASAKI,0.004700854700854701,2.0094717808534595e-06,0.3497235091914512,0.008335994737795076,861,960,823,524
TAI II,0.007264957264957265,2.5116200886547334e-06,0.3325753268902786,0.004532380083073174,562,946,1465,795
TAI,0.002564102564102564,0.0,0.3452855245683931,0.001726263295520883,1362,1310,1084,1441
"TAKACHIHO, HIRO",0.0008547008547008547,0.0,0.2687801516195727,4.171790472037115e-05,1996,1310,2199,2290
TAKU,0.00042735042735042735,0.0,0.31771894093686354,0.0007460910089499509,2176,1310,1835,1934
"TALBOT, GLENN",0.0059829059829059825,1.9323200321595227e-05,0.3530476765238383,0.005236719017625071,702,696,681,719
"TALBOT, MAJ. MATT",0.002564102564102564,1.8270646744353456e-07,0.3345724907063197,0.0017255287424462805,1362,1210,1410,1442
TALISMAN II / ELIZABET,0.010683760683760684,4.16920795198451e-05,0.3548680618744313,0.008183734365661348,382,616,630,533
"TANAKA, KENJIRO",0.007264957264957265,8.88939779212408e-05,0.3556231003039514,0.004335686921048219,562,530,607,825
"TANAKA, OPAL",0.003418803418803419,0.0,0.3469236471460341,0.006527631068710253,1126,1310,1030,630
TANA NILE,0.008547008547008548,0.00017034851004046496,0.3455404607206143,0.004671106769399049,468,454,1078,787
"TANNER, JACKO",0.00042735042735042735,0.0,0.24714828897338403,2.678525235126793e-05,2176,1310,2321,2306
TANTE MATTIE,0.0017094017094017094,9.135323372176728e-08,0.3207236842105263,0.0009215134946954002,1649,1258,1760,1850
TARAKIS,0.0008547008547008547,0.0,0.33722438391699094,0.0015919665079007718,1996,1310,1344,1495
TARANTULA / ANTON MIGU,0.002136752136752137,0.0,0.3476968796433878,0.0024938530391665635,1489,1310,931,1173
TARANTULA II / CAPT. L,0.0008547008547008547,0.0,0.3471295060080107,0.001530779939581883,1996,1310,992,1526
TARBABY,0.004700854700854701,3.4666111543352753e-07,0.3459491425192194,0.005640126767069079,861,1160,1064,685
TARGON,0.002136752136752137,0.0,0.3380525859578157,0.001537240750004989,1489,1310,1295,1521
TAROT / MARIE-ANGE COL,0.0059829059829059825,0.0,0.3231151615575808,0.004074588940987597,702,1310,1691,853
"TARR, BLACK JACK",0.0038461538461538464,1.3259508346077912e-05,0.27695585276364065,8.139316336465321e-05,1005,738,2163,2224
TASKMASTER,0.0017094017094017094,0.0,0.37530072173215717,0.0042697423723154085,1649,1310,338,833
TATTERDEMALION / ,0.004700854700854701,0.0001004365992289427,0.3417555133635169,0.0037579025770646955,861,517,1161,892
TAURUS / CORNELIUS VAN,0.007692307692307693,0.00010582857566934908,0.3581267217630854,0.008608887551739716,530,510,552,511
"TAYLOR, JENNA",0.0008547008547008547,0.0,0.3471295060080107,0.001235475737976689,1996,1310,992,1657
"TAYLOR, LEILA",0.004700854700854701,3.027654033275767e-06,0.3555690624525148,0.004277888823069812,861,930,609,832
TECHNARX,0.001282051282051282,0.0,0.25492973090750626,4.837070774130106e-05,1804,1310,2305,2282
TEFRAL,0.0008547008547008547,0.0,0.25473546701502287,2.677452202439673e-05,1996,1310,2308,2307
TEMPEST / GRANNZ,0.004273504273504274,1.3763887214079602e-06,0.29605263157894735,0.0009173451339458829,937,1005,2072,1851
TEMPEST II / NICOLETTE,0.002136752136752137,0.0,0.3471295060080107,0.0025059109918734385,1489,1310,992,1170
"TEMPLE, CLAIRE",0.0029914529914529912,1.3084721381720171e-05,0.32226965982647016,0.001316210276102568,1243,741,1731,1624
TEMPO,0.002136752136752137,0.0,0.2694610778443114,0.0004908343020232779,1489,1310,2197,2040
TEMPUS,0.00042735042735042735,0.0,0.3128760529482551,0.0007034434533102144,2176,1310,1902,1940
TENEBRAE,0.0017094017094017094,0.0,0.32191498142798186,0.0014083876121344869,1649,1310,1734,1583
TERMINATOR II / PRINCE,0.0038461538461538464,0.0,0.2468354430379747,1.8923393629824656e-05,1005,1310,2322,2315
TERMINATOR,0.0008547008547008547,0.0,0.26606026151222284,6.052916447712644e-05,1996,1310,2225,2259
TERRAFORMER / SAM,0.0029914529914529912,0.0,0.32985621652100366,0.003357847439333379,1243,1310,1529,973
TERRAX II / TYROS,0.0029914529914529912,0.0,0.34487840825350036,0.006991577375255479,1243,1310,1095,598
TESSA,0.010256410256410256,5.654093961733906e-06,0.3611111111111111,0.016722620069117025,395,862,502,307
TEXAS TWISTER / DREW D,0.003418803418803419,0.0008547008547008547,0.3693181818181818,0.007550362765322684,1126,258,390,570
THAKOS,0.0008547008547008547,0.0,0.32832889013610217,0.0010857975641180245,1996,1310,1609,1768
THANE ECTOR,0.005555555555555556,0.0,0.3710163310607262,0.010000001059750787,754,1310,374,449
THANOS,0.040170940170940174,0.0010400079314941324,0.45516436490955064,0.06794551839150667,92,225,71,65
THANOS DOPPELGANGER,0.02606837606837607,1.2934986467875895e-05,0.41980624327233584,0.05322212495821331,161,743,160,95
THENA,0.021367521367521368,0.0016480843197934434,0.3766296475132786,0.013403886059090084,206,185,325,376
THERAK,0.00042735042735042735,0.0,0.327455919395466,0.0010630150105207874,2176,1310,1629,1781
THERA,0.0008547008547008547,0.0,0.3225806451612903,0.0008061523245284576,1996,1310,1714,1913
THING / BENJAMIN J. GR,0.1329059829059829,0.027867087991656905,0.5112519117325759,0.12636824321026893,9,11,4,5
THING DOPPELGANGER I,0.008547008547008548,0.0,0.3971486761710794,0.02150244836223386,468,1310,224,249
THINKER,0.00811965811965812,9.221489421271017e-07,0.39938556067588327,0.01918804015354715,497,1043,217,276
THIN MAN / BRUCE DICKS,0.0038461538461538464,0.0,0.3561101810987673,0.003006735690468242,1005,1310,589,1046
"THOMAS, COMMANDER DA",0.005555555555555556,4.2716130833927704e-07,0.3285132668819318,0.003376876403401095,754,1142,1604,971
"THOMPSON, EUGENE FLA",0.04316239316239316,0.0027679436034143325,0.41160949868073876,0.023135831328910974,86,129,187,234
THOR / DR. DONALD BLAK,0.15982905982905982,0.05474392174884706,0.50814332247557,0.12072864401683835,4,5,7,11
THOR II / ROGER RED NO,0.008547008547008548,5.004168795266449e-06,0.3396719407751488,0.004597096219308694,468,878,1220,790
THORNN,0.002564102564102564,0.0,0.31187524990004,0.0006960839256371218,1362,1310,1934,1948
THORNN II / LUCIA CALL,0.0029914529914529912,0.0,0.3202846975088968,0.002752739339985127,1243,1310,1775,1108
THOR REPLICOID,0.00042735042735042735,0.0,0.3369815668202765,0.0011912376315226336,2176,1310,1355,1708
THRENODY,0.0017094017094017094,0.0,0.33342832715873466,0.002133693929046284,1649,1310,1449,1277
THUG,0.00811965811965812,0.00018927960832715627,0.3288826423049895,0.003480794645029136,497,430,1583,947
THUNDERBALL / DR. ELIO,0.02606837606837607,0.0006246106512482819,0.4330927262631871,0.04026946350937573,161,301,113,132
THUNDERBIRD III / NEAL,0.006837606837606838,1.7968776800476679e-06,0.3592262818544673,0.012854990264985362,605,971,534,388
THUNDERBIRD II / JAMES,0.03632478632478633,0.002069069506626831,0.3806734992679356,0.03473325733734342,114,159,293,154
THUNDERBIRD / JOHN PRO,0.0029914529914529912,0.0,0.35108777194298574,0.007436657227001815,1243,1310,753,574
THUNDERBOLT / BILLY CA,0.00042735042735042735,0.0,0.312,0.0004918985219731966,2176,1310,1929,2035
THUNDERSTRIKE / ERIC K,0.05854700854700855,0.005397337143948173,0.464746772591857,0.0799286899426525,56,81,51,46
THUNDRA,0.007692307692307693,2.3613329318903374e-05,0.35867565910484367,0.010453154535794018,530,680,540,436
TICKTOCK,0.004700854700854701,0.0001004365992289427,0.3417555133635169,0.0037579025770646964,861,517,1161,891
TIGER SHARK / TODD ARL,0.011965811965811965,0.0002850862652233072,0.36705882352941177,0.011283844263682443,349,365,421,421
TIGRA / GREER NELSON,0.040170940170940174,0.0025926326120415105,0.45765695286524544,0.06243857454147821,92,135,62,77
"TILBY, TRISH / PATRICI",0.017948717948717947,0.00021252802859732895,0.38696874483214816,0.023741150131454898,237,411,258,231
TIMBERIUS,0.0059829059829059825,0.00010135294454394404,0.34315882094148703,0.006131756226611715,702,515,1137,654
TIMESLIP / RINA PATEL,0.00641025641025641,1.2396654138853556e-05,0.3328591749644381,0.004417711882220212,653,757,1459,812
TINKERER,0.0008547008547008547,0.0,0.3471295060080107,0.001530779939581883,1996,1310,992,1526
TITAN,0.0017094017094017094,9.135323372176728e-08,0.29582806573957016,0.0005189426279765063,1649,1258,2081,2020
TITANIA / ,0.001282051282051282,0.0,0.3400174367916303,0.0015162509928806956,1804,1310,1216,1542
TITANIA II / MARY SKEE,0.019658119658119658,7.792638930144118e-05,0.41965566714490676,0.03361315981796849,227,544,162,161
TITANIUM MAN / BORIS B,0.002564102564102564,1.287335143398607e-05,0.3470780183921685,0.0027561819553013666,1362,746,1012,1107
TOAD / MORTIMER TOYNBE,0.021794871794871794,0.0008340674592441162,0.42700729927007297,0.0375505432360528,200,270,137,143
"TODD, FISHER",0.0038461538461538464,5.437306770697466e-06,0.3452855245683931,0.004228823676889118,1005,868,1084,836
TOKKOTS,0.002136752136752137,0.0,0.3373702422145329,0.0016452682041811282,1489,1310,1338,1470
TOLLIVER,0.004273504273504274,0.0,0.3211198023878139,0.0031536371948037802,937,1310,1754,1008
"TOLLIVER, SHERIFF JO",0.00042735042735042735,0.0,0.33433347621088727,0.0011298996369302004,2176,1310,1430,1736
TOMBSTONE / LONNIE THO,0.013247863247863248,0.0007250946439896428,0.36094400740397964,0.006265342015525505,315,279,504,647
TOM THUMB / THOMAS THO,0.008547008547008548,0.00022798799549294974,0.35061432424333233,0.004749489354855243,468,393,798,778
TONGAH,0.0008547008547008547,0.0,0.29782359679266895,0.0005380184590882447,1996,1310,2051,2015
TOPAZ,0.005555555555555556,0.0006579427314285996,0.3304617991809067,0.00162578591692525,754,291,1507,1477
TOPSPIN / DARREN MITCH,0.0029914529914529912,2.979529721438008e-07,0.2666059017887661,0.00012974676972396214,1243,1176,2212,2203
TORGO,0.001282051282051282,0.0,0.3413566739606127,0.003607291812994924,1804,1310,1178,920
"TORK, SGT.",0.0038461538461538464,9.321255511875246e-06,0.32307055087670855,0.0017163369776862902,1005,801,1694,1444
TORO / TOM RAYMOND,0.009401709401709401,0.00014089007934488208,0.3660826032540676,0.005682214428583681,427,473,426,679
TORPEDO III / BROCK JO,0.007264957264957265,0.003270460209749221,0.35502958579881655,0.005418992516180603,562,116,625,702
TOTEM,0.002564102564102564,0.0,0.26057906458797325,0.00017225381533030496,1362,1310,2268,2173
"TOWER, BLAKE",0.004700854700854701,0.00011098259524078088,0.3577981651376147,0.004943142157013851,861,502,562,751
TOWER,0.0038461538461538464,1.9967153048796544e-07,0.34676941315945464,0.006486125723809617,1005,1205,1034,634
TRADER,0.001282051282051282,0.0,0.3202846975088968,0.0008626185951585406,1804,1310,1775,1885
"TRAINER, DR. SEWARD",0.007692307692307693,0.0008968040014372653,0.3490453460620525,0.0027148938107834316,530,244,855,1122
TRAPPER / VOLA,0.0017094017094017094,0.0,0.26639344262295084,7.89189630292023e-05,1649,1310,2219,2232
TRAPSTER / PETER PETRU,0.006837606837606838,5.647362308426428e-05,0.3920911528150134,0.012443870000682637,605,583,242,396
"TRASK, DR. BOLIVAR",0.002564102564102564,0.0,0.34477677913658467,0.005919367439645933,1362,1310,1097,670
"TRASK, LAWRENCE LARR",0.001282051282051282,5.152300283511153e-06,0.32925284930350357,0.0012069725919590707,1804,876,1555,1680
"TRAVELLER, DR. JUDAS",0.005555555555555556,3.4990260322697587e-06,0.34951456310679613,0.0021280653824589085,754,915,831,1280
"TRAVERS, MIKE",0.0008547008547008547,0.0,0.252972972972973,1.2428136696576413e-05,1996,1310,2309,2327
T-RAY / WADE WILSON,0.00042735042735042735,0.0,0.2505353319057816,4.74229264231767e-05,2176,1310,2315,2284
"TREMONT, JONATHAN",0.0029914529914529912,0.0,0.36116684673560734,0.00697913654628968,1243,1310,500,599
"TREVANE, DET. CONNOR",0.004273504273504274,2.7856804256975267e-07,0.34857738715924325,0.0030069978722808578,937,1181,873,1041
TRIATHLON / DELROY GAR,0.01452991452991453,4.959611219984764e-05,0.38876889848812096,0.02567105477639551,291,599,250,207
TRICKSHOT,0.00042735042735042735,0.0,0.32897511598481655,0.0010728709900029497,2176,1310,1578,1773
TRITON,0.025213675213675214,0.0012963926744683893,0.4328523862375139,0.03485268539455305,167,203,117,153
TROLL / ,0.002136752136752137,8.60107858281815e-07,0.30632281712266,0.0004891633221180552,1489,1055,1981,2042
TRUTH,0.0038461538461538464,0.00011375269227198745,0.32672437866517734,0.0020853162315330443,1005,497,1637,1299
"TSO, JASON",0.0038461538461538464,4.5821621993775333e-07,0.2638998533889703,0.0001854482032097698,1005,1128,2236,2155
"TSURAYABA, MATSUO",0.005555555555555556,6.060947431201942e-06,0.3561101810987673,0.008883616767663178,754,845,589,500
TURBO II (A) / MICHIKO,0.011965811965811965,0.0002833593999307098,0.36386254081791325,0.0079144203804851,349,366,454,546
TURBO II (B) / MIKE JE,0.003418803418803419,0.0,0.3276851981515194,0.002311576494839218,1126,1310,1622,1232
TURK,0.0038461538461538464,2.78641350151035e-06,0.33342832715873466,0.001756524801024715,1005,941,1449,1426
TUSK,0.008547008547008548,8.987558229309263e-06,0.3606102635228849,0.014068646299097567,468,805,516,357
"TWAKI, DR. TED",0.00042735042735042735,0.0,0.3470780183921685,0.001198773680479419,2176,1310,1012,1690
TWO-GUN KID,0.005555555555555556,0.0,0.3788860103626943,0.014357153016931579,754,1310,309,352
"TYGER, LORD",0.009401709401709401,3.6184881199008386e-05,0.35529911934406316,0.007815764969888036,427,629,614,552
TYGER TIGER / JESSAN H,0.005128205128205128,9.885754850598617e-06,0.3460002957267485,0.002000515336256374,808,791,1058,1330
"TYNE, ELIZABETH / JANI",0.0008547008547008547,0.0,0.2636025684352822,0.00010527890488073214,1996,1310,2241,2211
TYPHOID MARY / MARY ME,0.005555555555555556,0.0009332360232197129,0.3760244255182388,0.005712722028932842,754,235,333,678
TYRAK,0.007264957264957265,0.0,0.3580171358629131,0.007342847844742341,562,1310,557,580
TYRANNUS,0.0029914529914529912,3.018839553190196e-06,0.33476394849785407,0.0019477686501823295,1243,931,1402,1354
TYRANT,0.0017094017094017094,0.0,0.324144618368195,0.001693903766724133,1649,1310,1667,1453
TYR,0.005128205128205128,0.0,0.3389339513325608,0.0040105212317798206,808,1310,1246,860
UATU,0.040170940170940174,0.0005734632208890526,0.46035805626598464,0.06966612842652721,92,310,57,62
ULIK,0.013675213675213675,3.039219001328477e-05,0.34671803230108167,0.008370028790755676,305,649,1036,521
ULTIMO,0.0017094017094017094,0.0,0.3379061371841155,0.0017194831388069188,1649,1310,1303,1443
ULTIMUS,0.001282051282051282,0.0,0.3508771929824561,0.001474714426128125,1804,1310,769,1553
ULTRON,0.02435897435897436,0.0002146347377476123,0.43070127001656544,0.04434411061408262,175,404,125,115
ULYSSES II,0.005128205128205128,3.0625084066725794e-07,0.33703010226127034,0.0023836558465840105,808,1175,1351,1199
U-MAN / MERRANO,0.008974358974358974,2.5685495896000494e-05,0.36228518346493266,0.008643038165676582,442,668,479,509
UMAR,0.002136752136752137,0.0,0.3291139240506329,0.0015706447718882442,1489,1310,1571,1502
UNICORN / MYLOS MASARY,0.0008547008547008547,0.0,0.3520914835991574,0.0024893571711683145,1996,1310,705,1174
UNI-LORD,0.0017094017094017094,1.2180431162902304e-07,0.3203285420944558,0.0008715604195279755,1649,1244,1772,1876
UNION JACK II / BRIAN,0.004700854700854701,8.33045958749083e-07,0.35714285714285715,0.003033720410133143,861,1059,571,1034
UNION JACK III / JOEY,0.00042735042735042735,0.0,0.3369815668202765,0.0011912376315226336,2176,1310,1355,1708
UNION JACK / LORD MONT,0.004273504273504274,7.876695735634183e-07,0.357088356477949,0.0030037598489601764,937,1067,572,1047
UNIT 101101,0.001282051282051282,0.0,0.3202846975088968,0.0008631303755375308,1804,1310,1775,1881
UNUSCIONE,0.004700854700854701,1.3761772736056045e-05,0.3413566739606127,0.005427446564287595,861,730,1178,701
UNUS THE UNTOUCHABLE,0.004700854700854701,1.0883214921528095e-06,0.34888922021768304,0.009345581815593647,861,1027,860,483
"URICH, BEN",0.026923076923076925,0.0012508921351459866,0.3991130820399113,0.017206604617232796,158,207,218,304
"URICH, DORIS",0.001282051282051282,0.0,0.33252806593718914,0.0013153677102584417,1804,1310,1467,1625
UR-LINI,0.0029914529914529912,1.8879668302498573e-06,0.32046014790468363,0.0008971109209461254,1243,966,1768,1865
UROC,0.0008547008547008547,0.0,0.32129616916106,0.001244138392310574,1996,1310,1748,1649
URSA MAJOR / MIKHAIL U,0.004700854700854701,4.679784148654008e-05,0.3813559322033898,0.008277158524819668,861,606,286,527
"URSULA, LADY",0.00641025641025641,2.2883494509889014e-06,0.3350995274237434,0.0035247978436753263,653,952,1393,935
USAGENT / CAPTAIN JOHN,0.04871794871794872,0.00552306406403059,0.4638255698711596,0.07375012941100717,71,77,54,56
UTGARD-LOKI,0.00042735042735042735,0.0,0.2851224564396247,0.00020091784070834436,2176,1310,2137,2144
VAGABOND / PRISCILLA L,0.003418803418803419,3.173492867993233e-05,0.35331420806281144,0.0033995222380874845,1126,639,673,970
VAKUME,0.002564102564102564,0.0,0.31187524990004,0.0006960839256371214,1362,1310,1934,1950
VALINOR,0.001282051282051282,1.1459061620601452e-05,0.3519326214468341,0.002423265979504273,1804,767,714,1189
VALKIN,0.002136752136752137,0.0,0.3123331553657234,0.0010410814841202776,1489,1310,1912,1790
VALKYRIE IV,0.002136752136752137,0.0,0.34718100890207715,0.0038345088151819657,1489,1310,976,880
VAMP,0.0017094017094017094,3.2686065556497625e-06,0.35251581801747517,0.002357295351020607,1649,923,690,1213
VANGUARD / NICOLAI KRY,0.013247863247863248,0.00024157942124263077,0.42724119043271863,0.02565546525952445,315,387,136,208
"VAN HELSING, RACHEL",0.002564102564102564,4.1710726476295803e-07,0.26648445507345403,8.01523245508529e-05,1362,1144,2216,2229
VANISHER,0.007692307692307693,5.0565265238903264e-05,0.34946236559139787,0.00913186994807858,530,593,834,489
VAPOR,0.004273504273504274,2.0658551873540984e-05,0.36329762459245457,0.004921303671347608,937,693,459,754
VASHTI,0.012393162393162393,0.0005904421578282936,0.38141809290953543,0.013258084358580249,335,305,285,380
"VAZHIN, ALEXEI MIKHA",0.0017094017094017094,0.0008547008547008547,0.342305441778818,0.002859410946420478,1649,258,1151,1087
VECTOR,0.0038461538461538464,3.909324276370936e-06,0.34396589739820665,0.0034898160421061486,1005,899,1113,943
VEDA,0.001282051282051282,4.155239394039847e-06,0.3546529251288269,0.0022098360576567936,1804,894,640,1257
VENOM / EDDIE BROCK,0.010683760683760684,0.0011818704748897129,0.36511156186612576,0.008071227211412482,382,214,442,538
VENOMM,0.001282051282051282,0.0,0.317805242428358,0.0008313952285332015,1804,1310,1830,1904
VENUS / APHRODITE / VICT,0.001282051282051282,0.0,0.32925284930350357,0.0014210865079386057,1804,1310,1555,1579
VERMIN / EDWARD WHELAN,0.004273504273504274,4.400715390410672e-05,0.36920164089618174,0.0037591146528316295,937,609,392,888
"VERMIN, LADY",0.007692307692307693,1.5125765636831807e-05,0.3438648052902278,0.005338158215977099,530,718,1118,708
VERTIGO,0.002564102564102564,0.0,0.31187524990004,0.0006960839256371214,1362,1310,1934,1950
VERTIGO II,0.006837606837606838,0.0009723289971321275,0.35035184907920347,0.00827439659037683,605,231,803,528
VESPER,0.002136752136752137,0.0,0.32019704433497537,0.0006389720705167161,1489,1310,1785,1971
VIBRAXAS / N'KANO,0.008974358974358974,0.0006752552087046274,0.35438437074057244,0.008136633143693886,442,288,647,536
VIBRO / DR. FRANCIS VI,0.00042735042735042735,0.0,0.3377598152424942,0.0012226788388201683,2176,1310,1314,1664
VINDALOO / ,0.0059829059829059825,0.0,0.3509298140371926,0.009951568207296323,702,1310,761,454
VIOLENCE / ,0.0017094017094017094,0.0,0.3224472922695329,0.0007766056758199632,1649,1310,1726,1931
VIPER II,0.008547008547008548,0.0001607000946480511,0.399453738477296,0.012086903136247544,468,460,216,403
VIPER / JORDON DIXON,0.001282051282051282,0.0,0.35135135135135137,0.0022255035132936253,1804,1310,742,1254
VIRGO / ELAINE MCLAUGH,0.005555555555555556,0.0001465683988757636,0.3460002957267485,0.0028670323600929197,754,465,1058,1082
VISION,0.1358974358974359,0.01686454208256383,0.5053995680345572,0.1273074723074675,8,30,9,4
VIZIER,0.020512820512820513,0.0005755779355020362,0.38512179065174457,0.013034260668647294,221,309,264,387
"VOGHT, AMELIA",0.009829059829059829,8.088773910080787e-05,0.3660253402158611,0.013289531454066491,414,537,428,379
VOLCANA / MARSHA ROSEN,0.015384615384615385,5.610056533602056e-07,0.417707961442342,0.02924154427158147,275,1111,167,180
VOLLA,0.001282051282051282,0.0,0.3382480485689506,0.0016045523011764171,1804,1310,1289,1492
VOLSTAGG,0.038461538461538464,0.002393886291371443,0.4120443740095087,0.025083397665467935,100,145,184,217
"VON RICHTOFEN, LT. M",0.002564102564102564,0.0,0.291879755519521,0.00018592786061577,1362,1310,2102,2152
"VON STRUCKER, WERNER",0.002564102564102564,0.0,0.2837739510065486,0.00019920731249226686,1362,1310,2138,2145
VORZEN,0.001282051282051282,0.0,0.3202846975088968,0.0008630480085253281,1804,1310,1775,1882
VOSTOK,0.007692307692307693,1.2654649954371429e-06,0.3582363747703613,0.007660425593674936,530,1014,547,563
VULTURE / ADRIAN TOOME,0.010256410256410256,0.00013163543121270577,0.3738019169329074,0.010410243826628696,395,479,351,437
"WADE, AGENT JOE",0.003418803418803419,0.0008547008547008547,0.2638700947225981,0.00015411397451393257,1126,258,2239,2182
WALDO,0.005555555555555556,0.0,0.35108777194298574,0.008626451409952506,754,1310,753,510
WALL / ,0.0017094017094017094,0.0,0.3083410198972197,0.0005504594873796635,1649,1310,1964,2005
"WALSH, CAPT. ALEXAND",0.0008547008547008547,0.0,0.3018186508448343,0.0003459435060372086,1996,1310,2027,2102
"WALTERS, BILLY",0.004700854700854701,9.907711281345755e-07,0.34800713860797144,0.00325539333913328,861,1036,904,984
"WALTERS, SHERIFF MOR",0.001282051282051282,0.0,0.33032185206098247,0.0011358609371117533,1804,1310,1509,1735
WAR / ABRAHAM LINCOLN,0.007264957264957265,3.3670968226768614e-07,0.3493058665472459,0.00837222123473856,562,1168,841,519
"WARD, SEN. STEWART",0.0038461538461538464,1.3476203233850626e-06,0.3479036574487065,0.0025760350887056543,1005,1007,914,1154
WARLOCK II / ADAM WARL,0.03717948717948718,0.000859450877059879,0.4501731435167372,0.06498323976729223,109,251,80,73
WARLOCK III,0.03717948717948718,0.0023928888883885356,0.43293246993524515,0.042517405545621154,109,146,116,120
WAR MACHINE II / PARNE,0.0017094017094017094,0.0,0.3383947939262473,0.001943889983721725,1649,1310,1274,1358
"WARREN, MR.",0.00042735042735042735,0.0,0.3470780183921685,0.001198773680479419,2176,1310,1012,1690
WARRIOR WOMAN / JULIA,0.0038461538461538464,0.0,0.3565442632942252,0.002943741266330366,1005,1310,579,1062
WARSTAR,0.002564102564102564,1.3398474279192534e-07,0.2959028831562974,0.0008846214530701163,1362,1239,2076,1870
WARTON / WARBECK,0.003418803418803419,0.0,0.33191489361702126,0.002577189528149705,1126,1310,1487,1153
WAR TOY / ALKHEMA,0.002136752136752137,0.0,0.34125710952311505,0.005031589176361443,1489,1310,1183,740
WASP / JANET VAN DYNE,0.11068376068376068,0.00835713881115507,0.49481920067667584,0.11777583002163368,20,59,19,16
"WATANABE, YUJI",0.001282051282051282,0.0,0.34615384615384615,0.001474600634137269,1804,1310,1053,1557
WATER WIZARD / PETE,0.003418803418803419,2.3886157776546068e-05,0.331961980422755,0.0036036537112989274,1126,678,1486,922
"WATSON, ANNA",0.021794871794871794,0.00023396199351093114,0.365625,0.01128165613521317,200,391,434,422
"WATSON, KRISTY",0.011111111111111112,6.0029517549842075e-06,0.3505092869982025,0.004552614928224489,374,847,800,792
"WATSON-PARKER, MARY",0.07735042735042735,0.013757369139575036,0.44656488549618323,0.0336479174313102,37,37,88,160
WAXWORK,0.00811965811965812,0.00018927960832715627,0.3288826423049895,0.0034807946450291305,497,430,1583,953
WEAPON X II / GARRISON,0.005555555555555556,7.333740031480903e-06,0.32298136645962733,0.003127871981838989,754,832,1697,1017
WEASEL / JACK HAMMER,0.0017094017094017094,2.0872243323318355e-05,0.2774484230495613,0.00011704419741420964,1649,687,2160,2207
"WEBSTER, NORM",0.0017094017094017094,7.077790109246232e-07,0.34076015727391873,0.003357445449480228,1649,1079,1195,974
"WEI, LINDA",0.001282051282051282,0.0,0.2863786562232285,0.00016057698548307175,1804,1310,2128,2176
WEREWOLF BY NIGHT / JA,0.011538461538461539,0.005367339008489067,0.3675200251295744,0.005367214046369115,361,82,412,706
"WEYING, ANN",0.00042735042735042735,0.0,0.2674897119341564,7.96393404821401e-05,2176,1310,2207,2230
WHIPLASH / MARK SCARLO,0.007692307692307693,0.00017956873666158727,0.3673469387755102,0.005633294644038061,530,445,415,687
WHIRLWIND / DAVID CANN,0.00811965811965812,3.802525838322558e-05,0.3821656050955414,0.015842015594652467,497,623,281,318
WHITE QUEEN / EMMA FRO,0.03034188034188034,0.0024827085405536393,0.37160552644116246,0.026456814404201542,139,140,366,203
WHITE TIGER / HECTOR A,0.007264957264957265,0.0012725271251685303,0.35299441846432345,0.003424971125400278,562,206,683,965
WHITE TIGER II / ,0.008974358974358974,3.1089095175228775e-05,0.3488372093023256,0.006294944366098406,442,644,861,645
WHITE WOLF / HUNTER,0.005128205128205128,1.5627467306577827e-06,0.3184106681181113,0.0010631517348428693,808,985,1805,1780
"WHITMAN, DEBRA",0.004700854700854701,1.036488210413496e-05,0.3496712492528392,0.002722611264011506,861,778,826,1118
WHIZZER III / JAMES SA,0.004700854700854701,2.904525247090871e-05,0.35840098024199724,0.0034305850770689835,861,656,544,963
WHIZZER II / STANLEY S,0.014957264957264958,0.00115083834919346,0.38398424680013127,0.013431954860328138,284,215,269,372
WHIZZER / ROBERT L. FR,0.008547008547008548,0.00010977714748376747,0.38260300850228907,0.01498819936897551,468,506,277,338
"WHYTE, HARMONY (HARM",0.0038461538461538464,7.227055823322035e-07,0.32253618194348727,0.001381096373963174,1005,1073,1719,1589
WIDE LOAD ANNIE / ANNI,0.002564102564102564,0.00017030042025010045,0.3301354401805869,0.0011490569993052,1362,455,1518,1728
WIDGET,0.010683760683760684,8.769813790500805e-06,0.33018202342316916,0.0042187752293903905,382,811,1514,837
"WILCOX, DR. BRENT",0.0008547008547008547,0.0,0.3299027209925278,0.0011162068013590841,1996,1310,1524,1756
WILD CHILD / KYLE GIBN,0.03162393162393162,0.0010867276237481027,0.41511442256519426,0.04781255301402294,134,219,178,104
WILDSIDE,0.007692307692307693,5.251639544471498e-05,0.32672437866517734,0.004838774578132554,530,591,1637,761
"WILFORD, ELISABETH B",0.00042735042735042735,0.0,0.26539639333106496,0.0001872477138068299,2176,1310,2230,2148
"WILKS, SHANTAL",0.001282051282051282,0.0,0.34718100890207715,0.0018553751349099372,1804,1310,976,1388
"WILLIAMS, MINDY",0.0017094017094017094,0.0,0.3137149751977477,0.0011419719954643829,1649,1310,1884,1732
WILL O' THE WISP / JAC,0.001282051282051282,0.0,0.34759358288770054,0.0020792131798885822,1804,1310,942,1301
"WILSON, DUBOSE",0.001282051282051282,1.8270646744353456e-07,0.2828820116054159,0.0001332543530501701,1804,1210,2143,2195
"WILSON, JIM",0.004700854700854701,2.8323908717548634e-05,0.35807192042846214,0.004518734019662799,861,659,555,797
"WILSON, LOUIS",0.0017094017094017094,0.0,0.34764522359233396,0.0021287087857573437,1649,1310,937,1279
"WILSON, MERCEDES",0.001282051282051282,0.0,0.25061582949555533,4.859762094463216e-05,1804,1310,2312,2280
WINDSHEAR / COLIN ASHW,0.010256410256410256,6.866302855056426e-05,0.37457979830318555,0.012378728077001572,395,555,344,398
"WING, COLLEEN",0.013675213675213675,0.0007716792945417983,0.3670012547051443,0.010097938731236088,305,274,422,446
"WINGFOOT, WYATT",0.009829059829059829,5.386991954327128e-05,0.3539555286643473,0.013618268521396535,414,589,657,369
"WING, PROFESSOR",0.0008547008547008547,0.0,0.31489705288655634,0.0005673580445472525,1996,1310,1874,1997
"WINTHROP, DESIREE",0.003418803418803419,0.0,0.34805890227576974,0.0020324385263595954,1126,1310,900,1320
WIPEOUT,0.008547008547008548,0.0,0.3628469530159715,0.015357427881719059,468,1310,465,330
"WISDOM, PETER",0.008974358974358974,0.0008813016600194317,0.3492537313432836,0.008796069750704998,442,247,844,507
"WISDOM, ROMANY",0.00042735042735042735,0.0,0.258878194490541,8.679141045497238e-05,2176,1310,2286,2221
WITCHFIRE,0.008974358974358974,1.2709613542929937e-05,0.34671803230108167,0.007043557737487359,442,750,1036,592
WITNESS II / REMY LEBE,0.002136752136752137,0.0,0.2969920040614291,0.000512218348936879,1489,1310,2063,2022
WITNESS / NESS,0.0008547008547008547,0.0,0.29736942432329394,0.0005475491356652217,1996,1310,2057,2007
WIZARD / BENTLEY WITTM,0.014957264957264958,8.600574006323024e-05,0.40365706399862,0.02406986447480591,284,534,208,226
WIZ KID / TAKESHI MATS,0.0029914529914529912,0.0,0.2831901246520634,0.0015169072836418048,1243,1310,2139,1540
W'KABI,0.0029914529914529912,2.7405970116530185e-07,0.31797798613942113,0.0009090553579302598,1243,1182,1819,1858
"WOLFE, HEDY",0.00042735042735042735,0.0,0.3100569762819663,0.0005005766327421719,2176,1310,1955,2030
"WOLFE, SARA",0.005555555555555556,5.754966219436154e-06,0.32985621652100366,0.0018125933124969467,754,857,1529,1398
WOLFSBANE / RAHNE SINC,0.06452991452991454,0.005504003558343839,0.45551878528323925,0.07511336623180336,51,78,68,53
WOLVERINE DOPPELGANG,0.011538461538461539,2.721162232859064e-06,0.3971486761710794,0.025599944506528728,361,943,224,211
WOLVERINE / LOGAN,0.15982905982905982,0.05612364922857982,0.5229050279329609,0.1325331948416099,4,4,3,2
WOLVERINE | MUTANT X,0.002564102564102564,3.654129348870691e-07,0.31767580776540866,0.0009249798645724255,1362,1150,1838,1848
WOLVERINE SKRULL,0.007264957264957265,0.002838932918902172,0.3520914835991574,0.011054671691951101,562,127,705,425
WONDER MAN / SIMON WIL,0.09273504273504274,0.009714646064412417,0.48679009777407944,0.10773363550115597,31,50,32,27
WONG,0.02264957264957265,0.0024343354152657664,0.42491374614127475,0.02829798364248923,182,142,141,190
WONG CHU,0.00042735042735042735,0.0,0.3377598152424942,0.0012226788388201683,2176,1310,1314,1664
WOODGOD,0.00042735042735042735,0.0,0.33433347621088727,0.0011298996369302004,2176,1310,1430,1736
"WOO, JIMMY",0.003418803418803419,3.5402981083084074e-06,0.34487840825350036,0.0031294086158539093,1126,911,1095,1015
WORD II / ,0.0029914529914529912,4.926614357021709e-06,0.2953426732298372,0.00035117803632660373,1243,880,2083,2101
"WORTHINGTON, KATHRYN",0.0029914529914529912,1.2849838627854166e-05,0.3460002957267485,0.006942941508481388,1243,747,1058,600
"WORTHINGTON, WARREN",0.0008547008547008547,0.0,0.33252806593718914,0.0011948836964185234,1996,1310,1467,1704
WOZ / DEWOZ,0.00641025641025641,3.770397100880213e-07,0.32347249101465303,0.0037346606686934113,653,1148,1681,897
WRAITH,0.001282051282051282,0.0,0.36072144288577157,0.002484467637579214,1804,1310,510,1176
WRANGLER / ,0.0038461538461538464,0.0,0.35203851361516475,0.0017998906968322906,1005,1310,707,1405
WRECKER III / DIRK GAR,0.024786324786324785,0.0002657614114658857,0.42825768667642755,0.03944714620136771,173,375,132,136
WRONG,0.003418803418803419,0.0,0.32865168539325845,0.002820176552240798,1126,1310,1598,1095
"WU, LEIKO",0.0038461538461538464,1.3259508346077912e-05,0.27695585276364065,8.139316336465245e-05,1005,738,2163,2225
X-CUTIONER / CARL DENT,0.0008547008547008547,0.0,0.3206357906275692,0.0008549986587331553,1996,1310,1764,1897
X-MAN / NATHAN GREY,0.01752136752136752,0.004389683246070144,0.41393950114983197,0.028992743619571344,240,98,180,182
X-RAY,0.0038461538461538464,3.909324276370936e-06,0.34396589739820665,0.0034898160421061486,1005,899,1113,943
YANDROTH,0.0008547008547008547,0.0,0.33868866695614414,0.0020978106464132197,1996,1310,1253,1293
YAP,0.004273504273504274,0.0,0.24775013234515617,0.00031150444757149044,937,1310,2319,2105
"YASHIDA, MARIKO",0.005128205128205128,1.8969761795303357e-05,0.3528879505353642,0.00883535941388963,808,698,686,502
"YASHIDA, MARIKO | MU",0.001282051282051282,0.0,0.3175464784909757,0.0008938699857199704,1804,1310,1844,1867
YELLOW CLAW ROBOT,0.00042735042735042735,0.0,0.32231404958677684,0.0007495152398015361,2176,1310,1730,1933
YELLOW CLAW / TZING JA,0.002136752136752137,6.866128291909979e-06,0.361557478368356,0.003636259540643523,1489,836,493,918
YELLOWJACKET III / HEN,0.007692307692307693,1.3142421922463115e-06,0.37296780363404525,0.01574043076948621,530,1011,355,319
YELLOWJACKET II / RITA,0.006837606837606838,1.5153965982832985e-06,0.3559476726498327,0.008881194381352495,605,991,600,501
"YIN, ANGELA",0.004273504273504274,3.6541293488706915e-08,0.3488372093023256,0.003071537223688436,937,1298,861,1026
"YIN, DR. SU",0.001282051282051282,0.0,0.3383458646616541,0.0019474278190169377,1804,1310,1277,1356
YMIR,0.0029914529914529912,2.6100923920504934e-08,0.30556281013319403,0.0014901066975794442,1243,1307,1984,1549
YRDISIS,0.004700854700854701,0.0,0.312625250501002,0.0015687795454872144,861,1310,1907,1503
YUKIO,0.0029914529914529912,1.0749598636607741e-05,0.3474903474903475,0.003806129041584183,1243,774,950,883
ZABU,0.01752136752136752,0.0021630280813715063,0.4088050314465409,0.02269509977186825,240,151,194,238
"ZAFAR, OFFICER JIMMY",0.00042735042735042735,0.0,0.310098065200106,0.0005841184931339033,2176,1310,1952,1989
ZALADANE,0.005555555555555556,6.215795921604188e-05,0.34935801731860255,0.006727960325755136,754,571,839,621
"ZAPPER, DAN",0.001282051282051282,0.0,0.33032185206098247,0.0011358609371117543,1804,1310,1509,1734
ZARAN II,0.002564102564102564,0.0,0.3409587643887513,0.002971388991560137,1362,1310,1191,1055
ZARAN / MAXIMILLIAN ZA,0.005128205128205128,0.0013862392512236086,0.35411622276029053,0.0020783214344200847,808,200,653,1302
"ZARRKO, ARTHUR",0.009401709401709401,3.404650551031827e-05,0.37142857142857144,0.013775487546190122,427,635,368,364
ZAWADI,0.001282051282051282,0.0,0.3153213852580515,0.0008171374173130674,1804,1310,1873,1908
"ZEDRAO, GENERAL",0.0017094017094017094,0.0,0.3531009506564056,0.004251565584584662,1649,1310,679,835
ZEFRA,0.005128205128205128,5.936614784884544e-07,0.339179591245108,0.002269741615292326,808,1104,1235,1239
ZELDA,0.003418803418803419,4.432070234273264e-06,0.3460514640638864,0.007086408979334242,1126,889,1056,590
ZEMO / BARON HEINRICH,0.004273504273504274,0.0,0.3710163310607262,0.010960920794937242,937,1310,374,429
ZERO,0.01623931623931624,0.00011373848936293669,0.36815607300188796,0.022030187373799047,261,500,404,243
ZEUS,0.013675213675213675,0.00019713750744838104,0.37675092577684755,0.019118318655623627,305,422,324,277
"ZIMMER, ABE",0.004273504273504274,9.907024057877327e-06,0.34330985915492956,0.003140015010898596,937,789,1133,1012
ZIRA,0.002136752136752137,0.0,0.30057803468208094,0.0006849961037461766,1489,1310,2038,1953
ZIRAN,0.007692307692307693,0.0019280346584022352,0.37999350438454044,0.009504745598784994,530,165,298,473
ZODIAK / NORMAN HARRIS,0.00042735042735042735,0.0,0.2863085770219014,0.00015233672412570662,2176,1310,2132,2186
"ZOLA, ARNIM",0.002564102564102564,0.0008556659936016835,0.35135135135135137,0.0018052696556596075,1362,254,742,1400
ZON,0.003418803418803419,1.362008098864147e-05,0.3389830508474576,0.002044648055296571,1126,732,1244,1317
"ZOTA, CARLO",0.0008547008547008547,0.0,0.2547632008709853,5.955152162621724e-05,1996,1310,2307,2263
ZURAS,0.006837606837606838,2.653235600266214e-05,0.3413068844807468,0.003262974562337442,605,664,1182,983
ZURI,0.0059829059829059825,0.0002494688123302956,0.3598339228048593,0.003635514390175656,702,384,529,919
ZZZAX,0.00042735042735042735,0.0,0.33433347621088727,0.0011298996369301993,2176,1310,1430,1742
