,degree,betweenness,closeness,eigenvector,degree_rank,betweenness_rank,closeness_rank,eigenvector_rank
24-HOUR MAN / EMMANUEL,0.0007810059356451108,0.0,0.26313193588162764,6.801187545608921e-06,5841,4067,6394,6388
3-D MAN / CHARLES CHAN,0.019056544829740705,4.927328071656949e-05,0.47243745849014834,0.02545798719451515,598,1156,311,324
4-D MAN / MERCURIO,0.011246485473289597,5.3032683900043635e-05,0.41761252446183955,0.008169038669165313,1063,1127,1240,1261
8-BALL / ,0.0021868166198063103,2.342651767596646e-07,0.31735488028553016,0.00015189624192844394,4042,3442,6308,6225
"ABBOTT, JACK",0.0012496094970321774,0.0,0.373512252042007,0.0010036215863585213,5271,4067,3296,4586
ABCISSA,0.0023430178069353325,2.405459762780046e-06,0.39557587740978745,0.002705844693194698,3856,2668,2020,2832
ABEL,0.001718213058419244,4.8805245158263455e-09,0.3441380422512498,0.0007413727508457554,4561,4027,5550,5009
ABOMINATION / EMIL BLO,0.029678225554514215,0.0037548695116031193,0.4812086590499098,0.026270397890652268,335,88,224,311
ABOMINATION | MUTANT,0.007497656982193065,0.0,0.34513989972505255,0.000367110395637837,1588,4067,5422,5713
ABOMINATRIX,0.0009372071227741331,0.0,0.36786760903292537,0.0011988902086185389,5676,4067,3908,4290
ABRAXAS,0.0032802249297094657,0.00016733339544473369,0.39067553548544576,0.003287332745844994,3094,666,2223,2528
ABSALOM,0.006404248672289909,7.074308854220012e-06,0.3699722607489598,0.003155073790240862,1854,2124,3685,2581
ABSORBING MAN / CARL C,0.043423930021868166,0.0009459927238550799,0.4789048473967684,0.03419884998985761,201,253,250,193
ABSORBING MAN | MUTA,0.007497656982193065,0.0,0.34513989972505255,0.00036711039563783686,1588,4067,5422,5720
ACBA,0.005310840362386754,0.0,0.3718849840255591,0.0038753928121514516,2184,4067,3432,2282
"ACHEBE, REVEREND DOC",0.00718525460793502,4.6583001506897395e-05,0.40261618766115337,0.006051022376278503,1664,1180,1702,1617
ACHILLES II / HELMUT,0.009215870040612308,0.00010408758227376038,0.3950144999074474,0.004319247413352572,1318,836,2037,2114
ACHILLES,0.0007810059356451108,0.0,0.2929843027779049,6.30423345168689e-05,5841,4067,6360,6340
ACROBAT / CARL ZANTE,0.0009372071227741331,1.3496185010302975e-07,0.3847818247385503,0.0020408614621791436,5676,3551,2549,3305
"ADAM 3,031",0.0023430178069353325,8.221052966798176e-08,0.3526689803338291,0.00037007878350194787,3856,3655,4942,5702
"ADAMS, CINDY",0.007653858169322086,8.115068919354588e-05,0.42032696474295844,0.009801525405572208,1561,934,1172,1070
"ADAMS, CONGRESSMAN H",0.0015620118712902217,0.0,0.3683332374431851,0.0012185562061677955,4812,4067,3860,4255
"ADAMS, GEORGE",0.0010934083099031551,3.006988908094444e-09,0.3449353448275862,0.0006579613482275152,5492,4050,5458,5160
"ADAMS, MARTHA",0.0010934083099031551,3.006988908094444e-09,0.3449353448275862,0.0006579613482275151,5492,4050,5458,5161
"ADAMS, NICOLE NIKKI",0.01077788191190253,8.021666159239605e-05,0.4281128794971245,0.009866306596858996,1109,945,988,1060
"ADAMSON, JASON",0.0006248047485160887,0.0,0.26509316770186336,4.9464562234008805e-06,6020,4067,6390,6393
"ADAMSON, REBECCA",0.0006248047485160887,0.0,0.26509316770186336,4.946456223401105e-06,6020,4067,6390,6392
ADAM X,0.004529834426741643,1.8610285899808164e-05,0.382460123065894,0.004322737279111414,2437,1617,2687,2113
ADMIRAL PROTOCOL / ,0.007029053420805998,5.649971104584587e-06,0.35946097697922513,0.002736534674618752,1704,2246,4546,2817
ADORA,0.009059668853483286,6.729565423330586e-05,0.41963817514420554,0.007577740129557595,1347,1029,1186,1340
ADORA CLONE,0.0023430178069353325,0.0,0.3508714238737258,0.001286824080306511,3856,4067,5123,4133
ADRIA,0.0015620118712902217,3.53286303351608e-08,0.35282446955084046,0.0010114094537380378,4812,3809,4936,4568
ADVA,0.005935645110902842,2.517332194909576e-05,0.4069671349564554,0.004136272854341628,1994,1472,1567,2178
ADVENT / KYLE GROBE,0.002655420181193377,3.0916052593746065e-07,0.3536625787205834,0.001363918663044252,3591,3350,4876,4039
ADVERSARY,0.0078100593564511085,1.586315242977057e-06,0.38659420289855073,0.007467028563438796,1526,2836,2445,1362
AEGIS / TREY ROLLINS,0.010309278350515464,6.37183800893427e-05,0.4171771145575394,0.006565531394279314,1172,1055,1250,1528
AENTAROS,0.004529834426741643,9.981304660011177e-06,0.370186191742801,0.0014497429747991905,2437,1925,3626,3923
AFTERLIFE,0.0015620118712902217,1.8398279197325634e-07,0.35137211855104283,0.0006398513466267494,4812,3497,5080,5184
AGAMEMNON II / ANDREI,0.00046860356138706655,0.0,0.36748751506802135,0.0009204177690317155,6167,4067,3960,4734
AGAMEMNON III / ,0.008747266479225241,0.00013790749772531893,0.40925653646998655,0.0058596091004970855,1390,728,1498,1664
AGAMEMNON,0.0007810059356451108,0.0,0.2929843027779049,6.304233451686936e-05,5841,4067,6360,6338
AGAMOTTO,0.006248047485160887,5.307657479044002e-05,0.39586940390798914,0.003477811267540602,1895,1126,2013,2457
"AGARN, CAPT.",0.0018744142455482662,0.0,0.3006057191153684,4.368583678873449e-05,4385,4067,6343,6353
AGED GENGHIS,0.0039050296782255542,3.4303771912493705e-06,0.3641223979069503,0.001928621492595163,2721,2496,4267,3409
"AGEE, DR. AUBREY",0.005779443923773821,4.149532990269238e-06,0.38573236127010907,0.005156946560715961,2050,2403,2495,1875
"AGEE, REBECCA",0.002655420181193377,3.806705218389974e-07,0.37872692853762424,0.0033150803520016416,3591,3289,2908,2520
AGENT 18 / JACK TRUMAN,0.0023430178069353325,4.76991078205849e-06,0.3713672486803179,0.0011252829099678496,3856,2332,3499,4386
AGENT AXIS / ,0.003436426116838488,1.6212438271524364e-06,0.38148015731140505,0.0019304327863951742,3010,2827,2749,3405
AGENT-X / ,0.002655420181193377,7.032258540081576e-06,0.3780559820479509,0.0016377854434758612,3591,2126,2967,3680
AGGAMON,0.00031240237425804435,0.0,0.3508714238737258,0.0004956040280386505,6269,4067,5123,5475
AGINAR,0.006872852233676976,3.371611346605451e-06,0.3881646759231189,0.005295797923998696,1733,2500,2347,1823
AGON,0.0015620118712902217,0.0,0.3462786672436175,0.0015396532866631643,4812,4067,5352,3827
AGONY / ,0.0031240237425804434,0.0,0.40221147201105734,0.005053418682107721,3214,4067,1717,1903
"AGUIRRE, ISOBEL",0.0032802249297094657,2.2675551515671024e-07,0.3725558659217877,0.003249148236923627,3094,3451,3360,2552
AHAB / RORY CAMPBELL,0.017650734145579505,6.171906810529408e-05,0.435836340118456,0.016126411419199505,650,1068,851,635
AHQLAU,0.0031240237425804434,1.2522035114760617e-08,0.3450282942603072,0.0012497753453583943,3214,3923,5450,4207
AHURA,0.008434864104967197,4.9630910402709665e-05,0.39955064594645195,0.0073532335440438,1439,1152,1825,1385
AI-CHIA,0.00031240237425804435,0.0,0.357813547954393,0.00038574913931876373,6269,4067,4651,5666
AINET,0.0021868166198063103,0.0,0.4006257822277847,0.00263668303499943,4042,4067,1782,2870
AIRBORNE / ,0.00718525460793502,8.197699377265603e-06,0.41143958868894603,0.005241221116480422,1664,2042,1409,1846
AIREO / AEOLUS [INHUMA,0.011246485473289597,7.116821956502704e-05,0.40365699873896593,0.00831824647645784,1063,999,1673,1237
AIR WALKER / ARLO SAMU,0.00031240237425804435,0.0,0.3215792646172393,0.00015357290613781212,6269,4067,6264,6224
AIR-WALKER / GABRIEL L,0.002967822555451421,8.896801571584669e-06,0.3843198463200864,0.0032415516082477786,3351,1990,2582,2554
AJAK / TECUMOTZIN [ETE,0.030615432677288345,0.00045880723985440146,0.4757728894173603,0.028945561522096014,320,395,277,256
AJAX,0.010621680724773508,0.0001124528577534004,0.418869405914682,0.006459420466148999,1131,808,1217,1549
AJAX II,0.0018744142455482662,1.6267009501747857e-07,0.32266518824656015,0.00018302556064905078,4385,3516,6255,6127
AJES'HA,0.0023430178069353325,0.0,0.37203626220362623,0.0020813322173690064,3856,4067,3421,3265
AKAFE,0.0023430178069353325,7.279070500916024e-07,0.36572407883461866,0.0010227687815547249,3856,3118,4177,4532
AKULIA,0.0007810059356451108,0.0,0.33116076970825575,0.00015715430147891722,5841,4067,6047,6203
"AKUTAGAWA, OSAMU",0.0012496094970321774,0.0,0.386991476757541,0.002375298049698502,5271,4067,2417,3030
ALANYA,0.0020306154326772885,0.0,0.3837899406510401,0.002186731807948327,4200,4067,2603,3179
ALBERIK,0.0031240237425804434,0.0,0.3602701181767023,0.0015433105318114022,3214,4067,4494,3820
ALBERT,0.008747266479225241,5.874855824829466e-05,0.4057548485232602,0.006931674075523444,1390,1086,1608,1457
ALBINO / DR. AUGUSTA S,0.0020306154326772885,0.0,0.3722093023255814,0.002024721384284408,4200,4067,3402,3320
"ALBUQUERQUE, JEREMIA",0.0009372071227741331,0.0,0.3414035836177474,0.0003842230274911081,5676,4067,5735,5671
ALCHEMY / THOMAS JONES,0.005935645110902842,1.03126652370744e-06,0.38580209714354585,0.006716138002195784,1994,2993,2492,1499
"ALDEN, PROF. MEREDIT",0.006248047485160887,9.836845246105003e-06,0.39670343289131244,0.005162717758028833,1895,1937,1971,1873
"ALEGRIA, RICHIE",0.0039050296782255542,2.1474932058821624e-06,0.3520677518697756,0.0013662757784387003,2721,2706,5002,4028
"ALEXANDER, CALEB",0.008278662917838176,3.636689788297441e-05,0.41925343811394894,0.008134135256149914,1467,1297,1198,1266
"ALEXANDER, CARRIE",0.01515151515151515,0.0001708399567272672,0.44703582152084353,0.01306181224164841,750,661,653,814
ALFY,0.008278662917838176,2.6079561013816143e-06,0.3954781319495923,0.008826471309852691,1467,2632,2023,1162
ALIOTH,0.0010934083099031551,0.0,0.34553108808290156,0.000704564821444085,5492,4067,5390,5078
ALISTRO,0.002655420181193377,0.0,0.3418045915643353,0.0016011456917800339,3591,4067,5724,3739
ALIST,0.001718213058419244,0.0,0.34209682590573903,0.0002707858664399037,4561,4067,5690,5947
AL-KHALAD,0.0007810059356451108,0.0,0.34065875591975736,0.0002783800784421032,5841,4067,5777,5931
"ALLEN, TERRY",0.001718213058419244,0.0,0.3868511692549399,0.0022708760627288887,4561,4067,2427,3114
"ALOUETTE, GENARD",0.004686035613870665,2.7126473040563765e-06,0.3528633632806041,0.0009729020142949194,2377,2611,4935,4635
ALPHA,0.0021868166198063103,3.909016007449935e-08,0.3812756834018224,0.0034602985763566873,4042,3790,2759,2461
"ALRAUNE, MARLENE",0.01437050921587004,0.0007106091155558355,0.43654960790998976,0.012229741683571582,790,296,836,852
"ALVAREZ, CARLY",0.002967822555451421,5.001088079377667e-08,0.3985060690943044,0.004623851455825992,3351,3746,1877,2014
"ALVAREZ, FELIX",0.009215870040612308,3.283512296426556e-05,0.4065536292627167,0.007126021453816886,1318,1337,1584,1416
"ALVAREZ, PAUL",0.005935645110902842,3.640323961140508e-05,0.38025659301496795,0.0025658549400195056,1994,1293,2818,2921
AMAZON,0.0032802249297094657,0.0,0.37035751475182227,0.0024778369494769577,3094,4067,3605,2973
AMENHOTEP,0.0023430178069353325,0.0,0.3667296786389414,0.002008481417038393,3856,4067,4053,3343
AMERICAN EAGLE III / J,0.01874414245548266,9.760331401110735e-06,0.4702512119876598,0.025482108692217717,611,1939,333,323
AMERICAN EAGLE II / JA,0.0028116213683223993,0.0,0.40704476093591047,0.0038233223801354653,3463,4067,1565,2304
AMERICAN SAMURAI / ,0.0010934083099031551,4.008076683468798e-08,0.350218818380744,0.000469052357987518,5492,3783,5160,5505
AMERICOP / ,0.0010934083099031551,0.0,0.37340332458442693,0.0009321501726399896,5492,4067,3304,4691
AMIKO,0.004529834426741643,3.293378942921069e-05,0.3743859649122807,0.003663227786339047,2437,1336,3243,2365
AMINEDI,0.0014058106841611997,0.0,0.339718758291324,0.0006931215058851244,5057,4067,5801,5107
AMPERE / ,0.0006248047485160887,0.0,0.3616949152542373,0.0007282686456775217,6020,4067,4421,5038
AMPHARON,0.0021868166198063103,0.0,0.3776768332251785,0.0023270291017081497,4042,4067,2993,3077
AMPHIBIAN / KINGLEY RI,0.008591065292096219,0.00020283511571882556,0.4161195970100747,0.006870059350726529,1414,608,1275,1470
AMPHIBIUS,0.014839112777257107,6.54265436231916e-05,0.4453875052177543,0.01412880178820644,770,1040,682,742
ANACONDA / BLANCHE SIT,0.02733520774757888,0.00022280876261422298,0.44800559832050385,0.020069369901570076,371,571,636,471
ANAIS,0.0012496094970321774,0.0,0.35962251432423326,0.0012996173689255144,5271,4067,4536,4113
ANAK,0.007653858169322086,1.1302637803240013e-05,0.39105735752244825,0.00503101120823747,1561,1867,2212,1907
ANALYZER,0.01999375195251484,0.00011029152285384842,0.42388929351784416,0.01494870515386014,555,816,1076,697
"ANAMI, HIROSHI",0.002499218994064355,0.0,0.37789976978926865,0.003114955683726186,3730,4067,2978,2605
ANANASTASIA / ANNA,0.00046860356138706655,0.0,0.31787487586891755,6.24033613106918e-05,6167,4067,6305,6343
ANARCHIST / TIKE ALICA,0.0031240237425804434,1.3108700663688165e-05,0.3675719124992823,0.0013840277881737256,3214,1791,3943,3991
ANCESTOR / ,0.0031240237425804434,2.7993590093474616e-08,0.3715827964478496,0.001781724951495282,3214,3845,3483,3547
ANCIENT ONE,0.01296469853170884,0.00043609066085484885,0.4453255425709516,0.010441439858382777,893,405,684,985
ANCIENT ONE / BARON MO,0.004217432052483598,0.0,0.34474959612277867,0.0003220150927605297,2569,4067,5474,5821
"ANDERS, JOSHUA RICHI",0.0028116213683223993,1.7330546501834863e-05,0.3751318410875425,0.0017334571131135442,3463,1655,3200,3584
"ANDERSON, BAXTER",0.0007810059356451108,0.0,0.36715031255376496,0.0006553291564750085,5841,4067,3990,5171
"ANDERSON, CHARLES",0.002499218994064355,3.9440911186932034e-07,0.38102606832519936,0.002270546681982954,3730,3279,2779,3115
"ANDERSON, CHET",0.0023430178069353325,0.0,0.37227423387800196,0.001349114089157189,3856,4067,3393,4065
"ANDERSON, CHIEF MAGI",0.00718525460793502,9.533689694278997e-06,0.40909962297910407,0.008435462817241444,1664,1953,1503,1215
"ANDERSON, GINA",0.0023430178069353325,3.364412708984398e-07,0.3724908360970501,0.001782571475854512,3856,3335,3367,3544
"ANDERSON, MARJORIE",0.0023430178069353325,0.0,0.37227423387800196,0.0013491140891571873,3856,4067,3393,4067
"ANDERSON, NICKY",0.0023430178069353325,0.0,0.37227423387800196,0.0013491140891571894,3856,4067,3393,4064
"ANDERSSEN, TANYA",0.009840674789128397,1.3353334730468553e-05,0.4273983577007811,0.010009897948806934,1240,1779,996,1039
"ANDREWS, DARYL TROOP",0.004842236800999687,3.7751680978230306e-05,0.3829405431271683,0.002315077615889984,2327,1279,2656,3083
ANDROMEDA / ANDROMEDA,0.01952514839112777,0.00017752551619658972,0.45565836298932383,0.020118796143265984,575,650,506,470
ANDROS,0.0039050296782255542,5.404039127197072e-08,0.3705933429811867,0.0019409978997485932,2721,3733,3581,3395
ANDWELLA,0.0023430178069353325,6.057480227010982e-07,0.3691190036900369,0.0022306016328916514,3856,3158,3779,3146
ANELLE,0.004373633239612621,2.363758301379566e-06,0.4105688449945488,0.006494592879454018,2505,2675,1448,1536
ANGAR THE SCREAMER / D,0.021711965010934083,0.0002976112663028115,0.4371756350723846,0.01580738617228218,501,494,827,643
ANGEL 2013,0.0014058106841611997,0.0,0.3395205770046669,0.0003373599071225687,5057,4067,5813,5786
ANGEL DOPPELGANGER,0.009528272414870352,0.0,0.4462879051934472,0.013938551710540314,1270,4067,665,754
ANGEL III / HALLOWAY,0.002655420181193377,9.74210920543293e-06,0.3871084774458822,0.0017179065113476198,3591,1943,2403,3602
ANGEL II / THOMAS HALL,0.00046860356138706655,0.0,0.3302723895996698,0.0002578961242725755,6167,4067,6079,5983
ANGEL IV,0.0037488284910965324,4.772614906454184e-06,0.4006007133470997,0.0024056864005504697,2830,2331,1783,3015
"ANGELOPOULOS, ANGEL",0.0009372071227741331,0.0,0.3417498532002349,0.00034636817676496795,5676,4067,5725,5762
ANGEL / WARREN KENNETH,0.1769759450171821,0.012861828829235583,0.5426343448042041,0.09054290651708188,14,25,16,15
ANGKOR,0.0010934083099031551,0.0,0.3505448173903521,0.0006662309362241779,5492,4067,5140,5144
ANGLER,0.008591065292096219,1.6758817829712495e-05,0.4028441983387868,0.006383162616823616,1414,1669,1699,1564
"ANGSTROM, EARL",0.0014058106841611997,1.3944355759503844e-08,0.3498743032025358,0.00041165499875566076,5057,3915,5182,5602
ANIELLE,0.0007810059356451108,0.0,0.33930464278142886,0.00022242511467588372,5841,4067,5827,6047
ANIMATOR / DR. FREDRIC,0.0037488284910965324,2.4788192475230037e-07,0.36358473421172194,0.0033303666769132776,2830,3429,4295,2514
ANIMATOR II / ,0.0015620118712902217,0.0,0.3603512326916582,0.0010534426933198168,4812,4067,4490,4464
ANIMUS,0.00046860356138706655,0.0,0.35208711433756806,0.0005187549398892404,6167,4067,5000,5422
ANNALEE,0.007497656982193065,1.3057998392254027e-06,0.38887201603595944,0.006927407290030717,1588,2916,2308,1459
ANNIHILUS,0.01936894720399875,8.884006125664796e-05,0.45433255269320844,0.019754489331556515,582,896,528,484
ANOMALY III,0.0018744142455482662,0.0,0.34819971717611226,0.0011386552285840383,4385,4067,5252,4369
ANOMALY,0.0031240237425804434,0.0,0.3756601337871142,0.002993182520872722,3214,4067,3160,2671
"ANON, LORD",0.004217432052483598,0.0,0.3684180238245957,0.002632682839437948,2569,4067,3849,2874
ANSWER II / DAVID FERR,0.0012496094970321774,5.3799564393595655e-08,0.37863733144073813,0.0012500741054935777,5271,3737,2914,4206
ANSWER,0.00359262730396751,1.0791166278552124e-07,0.3763889705450056,0.0028820611816141027,2918,3597,3090,2733
ANTEUS,0.005623242736644799,2.056665409350673e-06,0.379985754985755,0.004788101850863575,2087,2724,2834,1963
ANTHROMORPHO,0.00937207122774133,1.6496008164648007e-05,0.43462321792260694,0.013019623616689865,1293,1680,863,817
ANTIBODY,0.0014058106841611997,0.0,0.3505448173903521,0.0009214780834518964,5057,4067,5140,4727
ANTI-PHOENIX,0.002655420181193377,0.0,0.352048391531482,0.0016515600554660832,3591,4067,5005,3663
ANTIQUARY / ,0.00031240237425804435,0.0,0.35142998298292805,0.00033933659222622507,6269,4067,5078,5778
ANTI-VISION,0.0012496094970321774,0.0,0.3641016891315475,0.0011811995515662247,5271,4067,4269,4307
ANT-MAN / DR. HENRY J.,0.17432052483598875,0.011384237218980294,0.5410293247697118,0.08700618004570684,16,29,20,21
ANT-MAN II / SCOTT HAR,0.06544829740706029,0.002162738751354792,0.501763461086292,0.048518702272349445,111,151,92,89
"ANTOINETTE, MARIE",0.0028116213683223993,2.335265493516017e-07,0.40087664370695053,0.0048533397984225485,3463,3443,1775,1951
ANTORO,0.0028116213683223993,0.0,0.3877884790114483,0.0021068848580434564,3463,4067,2361,3234
ANTRO,0.007029053420805998,5.6106998414333455e-06,0.40941357037794973,0.006658122148901757,1704,2248,1491,1518
"ANUBAR, ANWAR",0.0031240237425804434,3.2694683804462808e-06,0.36499429874572403,0.0020136023583975037,3214,2526,4214,3333
ANUBIA,0.0020306154326772885,0.0,0.33953858392999203,0.000438386606117597,4200,4067,5806,5561
ANVIL / JOHNNY ANVIL,0.0015620118712902217,1.4059146590779352e-06,0.39110513776040073,0.0014911353148910698,4812,2887,2209,3879
APE MAN / GORDON MONK,0.01077788191190253,3.87457428310866e-05,0.45125819412137874,0.014506910174495423,1109,1271,590,720
APE MAN II / ROY MCVEY,0.0018744142455482662,0.0,0.3925199264255058,0.00212579880774545,4385,4067,2148,3217
APE / ,0.00937207122774133,2.8159848679599874e-06,0.39170337738619676,0.007482420761232198,1293,2592,2178,1357
APE-X / XINA,0.00359262730396751,8.223399785037483e-08,0.3301701908200103,0.0008590701401599487,2918,3651,6082,4829
APOCALYPSE / EN SABAH,0.04389253358325523,0.001210624062549808,0.4801980198019802,0.035313522257061476,199,221,237,187
APOCALYPSE | MUTANT,0.0032802249297094657,1.892056181302256e-07,0.3450282942603072,0.0003634407326224236,3094,3488,5450,5733
APOCRYPHUS,0.005467041549515776,2.672064310666003e-07,0.4124202795851317,0.008502894873842953,2133,3400,1385,1204
APOLLO [GREEK GOD],0.010621680724773508,2.276076667419608e-05,0.4087600561869493,0.009259486470336137,1131,1539,1515,1119
APOSTATE,0.0021868166198063103,7.711520500936856e-06,0.36935325679339986,0.002015902504656845,4042,2075,3761,3332
APPALLA,0.0009372071227741331,4.179162755683293e-09,0.35335025941053094,0.0008473489632311775,5676,4038,4893,4853
"APPLEBAUM, PHANTASY",0.0018744142455482662,0.0,0.36948115657644137,0.0015830805065128548,4385,4067,3750,3752
AQUARIAN / WUNDARR,0.01577631990003124,5.7860145730243714e-05,0.46233841265256015,0.017327429551321362,722,1096,437,584
AQUARIUS / DARREN BENT,0.006404248672289909,5.416230412230777e-06,0.4075370806544019,0.006194163088069795,1854,2265,1553,1597
AQUARIUS III / ,0.0039050296782255542,0.0,0.34248114267372815,0.0012164746784806464,2721,4067,5658,4259
AQUARIUS II / ,0.003436426116838488,3.029785797183021e-07,0.38335329341317365,0.002996791456741642,3010,3357,2631,2670
ARABIAN KNIGHT / ABDUL,0.026398000624804747,0.0010653302043854324,0.4810640216411181,0.031253487917877056,387,242,226,228
ARACHNE,0.007029053420805998,5.6106998414333455e-06,0.40941357037794973,0.006658122148901755,1704,2248,1491,1519
ARAGORN,0.019837550765385816,0.00014766486011541706,0.45391378332387977,0.016458605423900152,563,699,536,616
ARAKI II,0.007029053420805998,1.8042610893119947e-06,0.37989556135770236,0.005422452930138029,1704,2793,2843,1781
ARAKI [SHI'AR],0.012027491408934707,2.022608302731546e-05,0.43669849931787175,0.011190073248842757,984,1585,832,925
"ARBOGAST, BAMBI",0.031240237425804434,0.0007142112564044245,0.4552695206940691,0.022575619927123047,312,293,513,396
ARCADE / ,0.01999375195251484,0.0002333474778440955,0.4352437283295941,0.015152845437367462,555,554,855,682
ARCADIUS,0.008122461730709154,2.168163230559574e-05,0.3946492417704352,0.006400477161403692,1488,1559,2052,1562
ARCANNA / ARCANNA JONE,0.02374258044361137,0.0007406850113200511,0.45343154614349457,0.015745376277010677,439,288,542,651
ARCHAEOPTERYX / TONAJA,0.004842236800999687,6.491859275698036e-06,0.37251251018270687,0.0026404088542126346,2327,2165,3364,2865
ARCHER / JUDE BLACK,0.0039050296782255542,6.4638375835008365e-06,0.36397748592870544,0.001994140905679552,2721,2169,4274,3357
"ARCHER, ULYSSES SAMS",0.002499218994064355,2.6697878562963885e-06,0.36708715596330277,0.001013579908969337,3730,2622,4001,4557
ARCLIGHT / PHILLIPA SO,0.021711965010934083,0.0001154223530140756,0.4289159855286078,0.015256287292234254,501,801,972,678
ARCTURUS,0.0012496094970321774,1.0512676788732868e-06,0.3681426106958022,0.000863140530037407,5271,2981,3875,4823
ARES [GREEK GOD],0.01874414245548266,0.000138795564391676,0.4347412739372538,0.015447433806037318,611,725,859,663
AREX,0.005310840362386754,1.048907980131668e-06,0.38003086786180695,0.004061242607632236,2184,2985,2830,2199
ARGOS,0.0039050296782255542,2.478776032373311e-07,0.3453260693672798,0.001322407475923353,2721,3430,5412,4090
"ARGOSY, HERVE",0.00046860356138706655,0.0,0.3141315014720314,0.0001253413153816494,6167,4067,6321,6265
ARIANE,0.0007810059356451108,0.0,0.327317347512654,0.00022124348292273225,5841,4067,6157,6050
ARIA,0.004217432052483598,7.891292955559886e-06,0.40132898696088265,0.004330237180880868,2569,2060,1749,2108
ARIDES,0.0037488284910965324,9.50565579223278e-07,0.37173382882359773,0.0031675113193947797,2830,3027,3453,2578
ARIEL II,0.005623242736644799,2.1101671829493315e-06,0.38970051132213296,0.005630639929248968,2087,2715,2262,1716
ARIES II / GROVER RAYM,0.010309278350515464,1.6479170085768802e-05,0.39985010305415025,0.007352689334212336,1172,1681,1814,1386
ARIES III / ,0.0039050296782255542,0.0,0.34248114267372815,0.0012164746784806457,2721,4067,5658,4263
ARIES / MARCUS LASSITE,0.005310840362386754,5.175116902604965e-06,0.42702774813233724,0.007089873309110253,2184,2286,1010,1421
ARISHEM [CELESTIAL],0.02717900656044986,0.00032123179222571315,0.4623050259965338,0.022900807856072878,375,477,438,387
ARIZE,0.008278662917838176,1.0585300149421897e-05,0.39813432835820894,0.008299927955051292,1467,1895,1891,1241
"ARKANIAN, GLIB",0.0031240237425804434,2.4260968703689114e-05,0.34665367121507473,0.0009666628126586812,3214,1498,5323,4647
ARKON,0.01577631990003124,0.0001408077519921703,0.4426161504424779,0.018211755758958607,722,720,726,536
ARKO,0.004217432052483598,1.1900610141335685e-07,0.35574572127139364,0.0026083483669069162,2569,3583,4748,2895
"ARLINGTON, DR. MARCU",0.0020306154326772885,1.1906811301526217e-05,0.37203626220362623,0.0011905230434088726,4200,1846,3421,4296
ARLISSE,0.002499218994064355,0.0,0.36805795101759226,0.0021564677787817847,3730,4067,3884,3197
ARMADA II / ,0.0021868166198063103,2.463751567443507e-08,0.3701433857539315,0.0013253300343629283,4042,3860,3647,4087
ARMADA,0.0014058106841611997,0.0,0.3806862103823512,0.001895850994607714,5057,4067,2803,3432
ARMADILLO / ANTONIO RO,0.012027491408934707,1.8628320987721187e-05,0.4234967255407819,0.010643814774286156,984,1616,1090,966
ARMAGEDDON,0.0018744142455482662,7.878580683273319e-08,0.35992578849721707,0.001327188664544558,4385,3664,4520,4086
ARMAGEDDON MAN,0.002655420181193377,3.050327822391466e-09,0.34541922952411785,0.0014069370100946075,3591,4048,5401,3972
ARMAND,0.0014058106841611997,0.0,0.3242011444776422,0.00013191816688057375,5057,4067,6224,6241
ARMAROS,0.0010934083099031551,0.0,0.33523590092684713,0.0001559901170403728,5492,4067,5966,6208
ARMAZIEL,0.0014058106841611997,0.0,0.3347450980392157,0.0004987631598758149,5057,4067,5993,5470
"ARMBRUSTER, COLONEL",0.004373633239612621,1.776478400334833e-05,0.3969001859888407,0.003619134490360414,2505,1644,1957,2387
ARMS MERCHANT / ANDREA,0.002967822555451421,1.5454122756739545e-06,0.374254647492108,0.0023978145928260372,3351,2846,3248,3017
"ARMSTRONG, ?",0.001718213058419244,0.0,0.3284592889025704,0.00018214602781074183,4561,4067,6121,6128
"ARMSTRONG, MYRA",0.0031240237425804434,1.771618532613257e-07,0.3921832884097035,0.0035128872597669602,3214,3505,2160,2447
ARNSTROM,0.0032802249297094657,7.365366643116886e-07,0.39596734289955465,0.004851403401604527,3094,3113,2009,1952
ARON [WATCHER],0.01874414245548266,4.7135609139908966e-05,0.4550430023455825,0.021605036303578014,611,1175,517,420
ARRANGER / ,0.01733833177132146,0.00013007468969488455,0.4127127385250129,0.008336062176208517,659,749,1379,1231
ARROW,0.0010934083099031551,0.0,0.3523972037210326,0.0003574302375351876,5492,4067,4971,5741
ARSENAL,0.004529834426741643,2.3646896112367127e-07,0.40917806468106865,0.0068662007974887125,2437,3437,1500,1471
ARSENAL II,0.0012496094970321774,2.9283147094958073e-08,0.3359748097612175,0.00031902472667141136,5271,3834,5926,5827
ARSENIC,0.005935645110902842,7.452221201640424e-07,0.39719568184638293,0.005522355851732564,1994,3096,1929,1758
ARTEMIS,0.00359262730396751,2.3224102813302323e-07,0.3891083692943536,0.0037329693224699935,2918,3445,2293,2342
ARVAK,0.0012496094970321774,0.0,0.34026043050757376,0.0011771298940016614,5271,4067,5796,4316
ARYAN,0.0032802249297094657,0.0,0.38360596800287616,0.0025301016438306735,3094,4067,2613,2939
ASANO,0.0012496094970321774,0.0,0.3675086107921929,0.0020812695583135865,5271,4067,3958,3266
"ASBERY, SHAMARI",0.0028116213683223993,1.725681555835967e-08,0.3703360907039972,0.0018639683325360377,3463,3907,3612,3470
ASBESTOS LADY,0.0018744142455482662,0.0,0.3760352422907489,0.0011537545338893564,4385,4067,3120,4350
"ASH, BRANDY",0.0018744142455482662,3.480397683581317e-07,0.36543181688452536,0.001864980393702698,4385,3327,4195,3468
ASHEMA [CELESTIAL],0.009059668853483286,8.16923749295491e-05,0.4305602259735019,0.01111924741682357,1347,931,953,928
ASHUR,0.001718213058419244,0.0,0.3717770034843206,0.0016346772069035518,4561,4067,3446,3696
ASKANI,0.004686035613870665,9.607181111176805e-07,0.4059606848446417,0.005870327576468425,2377,3020,1604,1657
ASMODEUS,0.0020306154326772885,3.6687384732157e-07,0.368439226519337,0.001888191257558268,4200,3304,3846,3441
ASP II / CLEO,0.02514839112777257,0.0002042781106859972,0.44018151815181517,0.01627386472221228,413,607,767,626
ASSAULT / ,0.0020306154326772885,0.0,0.3589571068124474,0.0009433072177038027,4200,4067,4571,4678
ASTARTE,0.001718213058419244,0.0,0.34354708881137647,0.0010282322714738354,4561,4067,5588,4517
"ASTER, LUCIAN",0.004373633239612621,2.2601763839485536e-06,0.3906040268456376,0.003811940346871285,2505,2692,2225,2307
ASTRA,0.01499531396438613,3.705450534314856e-05,0.4258914316125599,0.014647038580655853,759,1288,1030,714
ASTRA II,0.005310840362386754,1.3566850985588753e-06,0.3767655367231638,0.005002163678109769,2184,2900,3063,1914
ASTROLOGER / ,0.00046860356138706655,0.0,0.3616336214200983,0.0007091909262349483,6167,4067,4429,5072
ASTRONOMER,0.004686035613870665,2.388496315006813e-06,0.37763227747301364,0.004193750264179371,2377,2672,2997,2158
"ASTROVIK, ARNOLD",0.005467041549515776,6.666858731061619e-06,0.35827410599362025,0.0022719267719279166,2133,2153,4612,3113
"ASTROVIK, NORMA",0.009528272414870352,0.00017279377615107358,0.42660091957086693,0.008910625143248216,1270,659,1018,1154
ASYLUM II / HENRIQUE M,0.0037488284910965324,6.458399337602348e-07,0.35598309608540923,0.0017972915741488328,2830,3147,4743,3529
ASYLUM / ,0.004061230865354577,4.1362695269452555e-07,0.3741890233210591,0.0034236534140093485,2650,3273,3258,2483
ATALANTA,0.01296469853170884,0.00017884649311587124,0.43277225714865136,0.010421611792927577,893,646,917,989
ATALON,0.0023430178069353325,8.221052966798176e-08,0.3526689803338291,0.0003700787835019472,3856,3655,4942,5705
ATHENA [GREEK GOD],0.010621680724773508,2.1933559391709218e-05,0.4113867112196376,0.008473791874389269,1131,1555,1416,1208
"ATKINSON, MAJ. EDMON",0.002655420181193377,1.0773234427666832e-05,0.40375882946518665,0.0024951079613703786,3591,1885,1670,2966
ATLAS,0.011558887847547642,3.682505437280573e-05,0.4062440510184656,0.010505748095521383,1023,1290,1591,978
ATLAS III,0.0015620118712902217,0.0,0.36466165413533835,0.0012079259345679236,4812,4067,4241,4272
ATOM-SMASHER / ,0.0012496094970321774,2.0750887789143924e-06,0.36948115657644137,0.0012818376444205869,5271,2719,3750,4141
ATOM SMASHER II / ,0.0014058106841611997,8.541366975618062e-09,0.3631516251630836,0.0008822629368472344,5057,3968,4337,4797
ATOM SMASHER / ,0.0015620118712902217,0.0,0.37012198647164246,0.0012576576993278475,4812,4067,3649,4197
"ATOR, GENERAL",0.0078100593564511085,2.543368394503833e-06,0.39460059171597633,0.006470113042209405,1526,2651,2055,1543
ATTRACTIVE LAD / AUNDR,0.004217432052483598,0.0,0.37716507599858606,0.0026099733631398084,2569,4067,3036,2893
ATTUMA,0.03373945641986879,0.00035694933704053406,0.4751725673569361,0.03155972934229617,286,450,282,223
AUGUST PERSONAGE IN,0.006560449859418931,0.00010119722343360502,0.427113216358663,0.006675479207689325,1811,849,1006,1512
AUNTIE FREEZE / ,0.0014058106841611997,1.6150881676500067e-08,0.36641483516483514,0.001051980127738334,5057,3911,4088,4470
AURA / ANN HERD,0.007029053420805998,2.1536515187562606e-05,0.3849900775753202,0.0029063231133820457,1704,1562,2537,2714
AURIC / ,0.010153077163386441,2.1418418375089612e-05,0.415660303856642,0.008062907923197265,1193,1564,1294,1278
AURORA DOPPELGANGER,0.007341455795064043,0.0,0.4189242245779348,0.008332897836318302,1640,4067,1212,1233
AURORA / JEANNE-MARIE,0.06341768197438301,0.0020463694028656078,0.5030645921735031,0.0512803799282834,117,156,82,77
AURORA | MUTANT X-VE,0.0023430178069353325,0.0,0.34452696157571844,0.00029677513645138317,3856,4067,5507,5889
"AUSTIN, GEN.",0.002499218994064355,1.0067409823792125e-06,0.3707221031906885,0.0016682859978578467,3730,3000,3566,3642
"AUSTIN, SUSAN",0.019212746016869727,0.0002728527097872825,0.44486137169064,0.015403895006335572,589,515,691,664
"AUSTIN, TERRY",0.004842236800999687,1.6325910327178116e-06,0.3963595839524517,0.004763883358137354,2327,2825,1986,1972
"AUTHIER, POLICE CHIE",0.0060918462980318645,2.880025408576697e-06,0.34659736884846515,0.0014825362531646594,1940,2583,5332,3886
"AUTHIER, TRACY TRACE",0.005154639175257732,1.4335631076073205e-06,0.34996993385447983,0.0015300851547098279,2237,2879,5176,3839
AUTHORITY / ,0.0032802249297094657,8.57770663560046e-06,0.38399712092130517,0.0023500038960659895,3094,2009,2600,3053
AUTOLYCUS,0.0015620118712902217,0.0,0.350276303550911,0.0015578040061163837,4812,4067,5157,3784
AVALANCHE / DOMINIC PE,0.0443611371446423,0.0009459742185085562,0.4847429393503445,0.033561280073433584,195,254,193,204
AVANDALIA,0.0020306154326772885,2.029201653766241e-07,0.37421089548749126,0.0012429947723247953,4200,3475,3256,4215
AVATAR II / PRINCESS A,0.0006248047485160887,7.508499255117455e-09,0.3426461143224149,0.00037921255611048007,6020,3980,5648,5682
AVATAR,0.0021868166198063103,0.0,0.3952339795036424,0.0037947677244749996,4042,4067,2029,2312
AVIA,0.008122461730709154,1.2367096376540209e-05,0.4004754159889904,0.007174517133265301,1488,1824,1789,1407
AVIOS,0.012339893783192751,7.007006629560696e-05,0.44992620704195657,0.014753988654043855,947,1006,610,706
AVIUS,0.004217432052483598,1.4229494439167597e-06,0.37883898455529913,0.004340562603889217,2569,2882,2899,2103
"AVRIL, SALLY",0.005310840362386754,1.5121662772883465e-05,0.4060894386298763,0.004155433425217351,2184,1723,1598,2172
"AVRIL, YVETTE",0.0010934083099031551,0.0,0.3684816392310349,0.0010429471236103349,5492,4067,3843,4487
A,0.0012496094970321774,0.0,0.3628017681060864,0.0014469107727750495,5271,4067,4353,3931
AWESOME ANDROID,0.005154639175257732,2.7813812431942094e-06,0.41321887303943716,0.006066673160090659,2237,2598,1363,1614
AXE / ,0.010153077163386441,1.4415096468126278e-05,0.404141152705006,0.008952995045171636,1193,1749,1656,1149
AXIS / ,0.0023430178069353325,0.0,0.3122774498804936,0.0002536106981282221,3856,4067,6322,5995
"AYALA, AWILDA",0.002655420181193377,1.0482809110457646e-06,0.35456357997341603,0.0010101338249094223,3591,2986,4819,4573
"AYALA, FILIPPO",0.0023430178069353325,7.595749662218494e-07,0.3469354576491627,0.0007575106607093456,3856,3092,5305,4986
"AYALA, MRS.",0.002655420181193377,1.0482809110457646e-06,0.35456357997341603,0.0010101338249094212,3591,2986,4819,4574
"AYALA, NESTOR",0.0020306154326772885,0.0,0.3537602917610654,0.0008919704398914396,4200,4067,4871,4785
AYESHA,0.0021868166198063103,1.91083135764657e-08,0.37244749549130257,0.0024276970308582664,4042,3900,3374,3002
A'YIN,0.0032802249297094657,1.3074904123390962e-07,0.3633164973611032,0.002884711122324406,3094,3558,4320,2732
AZAZEL,0.002655420181193377,0.0,0.368566493955095,0.001267028767541711,3591,4067,3832,4168
AZAZEL II,0.0010934083099031551,0.0,0.33523590092684713,0.00015599011704037316,5492,4067,5966,6206
AZIR,0.002499218994064355,1.9444579733402003e-07,0.3456990118256925,0.0009905599767953473,3730,3485,5385,4612
AZOPARDI,0.00031240237425804435,0.0,0.268935097668557,6.593516884301239e-06,6269,4067,6383,6391
AZOR,0.0007810059356451108,0.0,0.36055417886911467,0.0008929682799122709,5841,4067,4474,4782
AZRAEL,0.00015620118712902218,0.0,0.3506024096385542,0.0003267285658607025,6354,4067,5136,5806
AZURE,0.0012496094970321774,0.0,0.36360538422218436,0.0013676998339099702,5271,4067,4294,4026
BAAL II,0.0009372071227741331,0.0,0.3522227112676056,0.0007185553377977995,5676,4067,4998,5050
BAAL,0.0007810059356451108,0.0,0.3384794332240668,0.00040826637989759473,5841,4067,5850,5611
BACILLUS,0.0009372071227741331,0.0,0.34461969101577217,0.00032555987441537144,5676,4067,5491,5812
"BADALAMENTE, JESUS",0.008591065292096219,0.00028849388879571635,0.4107795957651588,0.005309023803022256,1414,502,1440,1819
"BADALINO, LT. MICHAE",0.002967822555451421,3.790178271000302e-06,0.35481904339633097,0.0006653756402759769,3351,2453,4792,5146
"BAILEY, GAILYN",0.002655420181193377,8.731264678460796e-07,0.367255621844883,0.002329014971022784,3591,3053,3981,3073
"BAILEY, JOEY",0.002655420181193377,8.731264678460796e-07,0.367255621844883,0.002329014971022782,3591,3053,3981,3074
"BAILEY, SARA GREY",0.007341455795064043,1.3426623178246226e-06,0.39363010329562226,0.0075096444388220674,1640,2903,2096,1352
"BAIRD, DR.",0.0020306154326772885,0.0,0.38550009032335764,0.0024185270083544974,4200,4067,2510,3005
"BAKER, ANNE-MARIE",0.006404248672289909,7.531796866786804e-06,0.395112016293279,0.00421293968466904,1854,2088,2033,2154
BAKER,0.001718213058419244,4.8805245158263455e-09,0.3441380422512498,0.000741372750845757,4561,4027,5550,5008
BALABAN / ,0.0018744142455482662,0.0,0.38360596800287616,0.00166511560240456,4385,4067,2613,3647
BALDER [ASGARDIAN],0.05607622617931896,0.0016332258636744623,0.4852941176470588,0.03796996405038136,141,184,188,154
"BALDWIN, JUSTIN",0.012339893783192751,0.00022605514429241817,0.4403934787094999,0.013257877446207945,947,567,764,795
"BALDWIN, MADELYNE MA",0.023586379256482347,0.0007087697926204423,0.4631746491101143,0.018481458058413246,446,297,426,520
"BALE, EMERSON",0.006404248672289909,1.466412040235724e-05,0.43669849931787175,0.008221746400788188,1854,1740,832,1253
"BALLANTINE, DEVON",0.0037488284910965324,8.378875876150201e-07,0.380121125757036,0.00237815919821678,2830,3066,2825,3028
"BALLANTINE, KAYLA",0.03514526710402999,0.0008581694438952399,0.4774049217002237,0.026484547466465138,273,267,262,305
"BALLANTINE, MR.",0.0031240237425804434,0.0,0.3750878837590813,0.0016624215750039204,3214,4067,3204,3648
"BALLANTINE, MRS.",0.0031240237425804434,0.0,0.3750878837590813,0.0016624215750039202,3214,4067,3204,3649
BALOR,0.00359262730396751,2.354858446875707e-06,0.39877912046841907,0.003809840516132423,2918,2680,1857,2309
BAMBI,0.011090284286160575,1.9504435244021174e-05,0.42388929351784416,0.007916737198048815,1080,1600,1076,1290
"BANCROFT, MARTINE",0.005935645110902842,0.00010994534722455223,0.4100166517228129,0.005065988044701115,1994,819,1465,1901
BANDIT / ,0.004061230865354577,6.516540274444084e-06,0.3679310344827586,0.0030076202271555595,2650,2164,3902,2662
"BANK, IRVING",0.0006248047485160887,0.0,0.33910694422374066,0.0002847762271882233,6020,4067,5838,5921
"BANKS, SHARON",0.0060918462980318645,2.946849342567848e-06,0.39759036144578314,0.005073583067376296,1940,2565,1912,1898
"BANNER, BETTY ROSS T",0.054826616682286784,0.0031300484379001917,0.49401960027779923,0.0386943622848762,147,106,120,149
"BANNERJEE, DR.",0.0015620118712902217,0.0,0.3423895603807894,0.0008195346262328888,4812,4067,5669,4896
"BANNON, LANCE",0.022024367385192128,0.0001253147294729857,0.43879369431117204,0.01391770212135386,495,764,791,756
BANSHEE 2013,0.0031240237425804434,0.0,0.38577884905091897,0.003601680284121608,3214,4067,2494,2398
BANSHEE II,0.006560449859418931,4.565984037608563e-05,0.4096755615281244,0.007245350535846927,1811,1192,1478,1399
BANSHEE / SEAN CASSIDY,0.08294283036551077,0.004853022842720211,0.49887010052209146,0.044366274890723124,71,72,101,109
BANTAM / ,0.005310840362386754,7.790052518472348e-05,0.3716259360306496,0.003495358167115701,2184,962,3470,2450
"BANTOCK, LT. OLIVER",0.002499218994064355,0.0,0.34411954418404644,0.0010349046229114376,3730,4067,5556,4498
"BAPTISTE, TANTE MATT",0.0007810059356451108,0.0,0.33930464278142886,0.00022242511467588383,5841,4067,5827,6046
BARAK,0.0032802249297094657,1.3074904123390962e-07,0.3633164973611032,0.002884711122324411,3094,3558,4320,2730
"BARBAROSSA, MARIO",0.0014058106841611997,0.0,0.3420419939092803,0.0002927483212229801,5057,4067,5706,5903
"BARBAROSSA, VINNIE",0.004217432052483598,7.093132154744633e-05,0.37552792116377287,0.0015064945279785061,2569,1002,3171,3863
BARBARUS,0.012496094970321774,3.065586740847035e-05,0.4407876618011567,0.013095984861242516,931,1367,752,813
BARIUM,0.005935645110902842,7.452221201640424e-07,0.39719568184638293,0.005522355851732566,1994,3096,1929,1752
"BARKER, MATTHEW T.",0.0012496094970321774,0.0,0.32876290248035744,0.00020210552261644183,5271,4067,6107,6105
BARKER,0.001718213058419244,4.183306727851153e-08,0.36776194852941174,0.0011435587655843247,4561,3766,3915,4365
BARNACLE / ,0.007029053420805998,3.9412784260394854e-06,0.4002000375070326,0.006764281275035203,1704,2434,1795,1487
"BARNETT, MIKE",0.0021868166198063103,3.124738391639753e-08,0.3826201290939517,0.002273755418616081,4042,3823,2677,3110
BARON BLOOD II / VICTO,0.005935645110902842,1.8449961683313528e-05,0.39148780040359565,0.00402321951302838,1994,1620,2189,2209
BARON BLOOD / JOHN FAL,0.011090284286160575,4.356471880930619e-05,0.41881460159623185,0.010819585298377146,1080,1214,1219,953
BARON BRIMSTONE / ,0.005154639175257732,2.356496306457841e-06,0.4135658914728682,0.00646677986318116,2237,2679,1355,1547
BARONESS ZEMO / HEIKE,0.004529834426741643,1.343210542968671e-07,0.3871084774458822,0.003995861756331038,2437,3552,2403,2220
BARON MACABRE / ,0.0010934083099031551,0.0,0.34325237252694224,0.00035133541600421,5492,4067,5612,5756
BARON MORDO / KARL MOR,0.014058106841611996,0.00026292210320343133,0.4328893096220164,0.010308814229668275,813,529,911,998
BARON SAMEDI,0.00031240237425804435,0.0,0.3224051971596918,0.00020993780316963534,6269,4067,6256,6092
BARON STRUCKER / WOLFG,0.03327085285848173,0.0021692828986228587,0.47004405286343615,0.02137772506207721,291,149,337,427
BARON ZEBEK,0.002655420181193377,2.3240592932506406e-09,0.33418593725531137,0.0005820790515361148,3591,4056,6003,5316
BARRACUDA / ,0.002967822555451421,6.646525544403314e-07,0.37040037028465633,0.0018125379063590036,3351,3137,3597,3518
BARRAGE,0.005467041549515776,4.920928138817324e-06,0.40912576687116564,0.00608144100187889,2133,2319,1502,1607
"BARRANCO, MARIA ESME",0.001718213058419244,0.0,0.3775431974995577,0.0023691053792847558,4561,4067,3003,3034
"BARRENOS, OMAR",0.004529834426741643,4.2268639186103394e-07,0.3619812280900147,0.0022730371170693094,2437,3265,4395,3111
B'ARR,0.0032802249297094657,4.276747861882162e-07,0.36899135446685877,0.002361481046179289,3094,3260,3793,3039
BARRIER / ,0.0010934083099031551,0.0,0.3283582089552239,0.00022723320122031236,5492,4067,6132,6031
BARRINGTON,0.0021868166198063103,0.0,0.3460353494405708,0.0012757364709313009,4042,4067,5373,4151
"BARRON, RICK",0.0014058106841611997,0.0,0.3284255886728569,0.00023423703013490427,5057,4067,6129,6022
"BARROWS, WALTER",0.0012496094970321774,0.0,0.3055409726530807,0.00020171260789735615,5271,4067,6337,6107
"BARTLETT, STU",0.001718213058419244,9.272253379564587e-09,0.38070884871550903,0.0018300569430452396,4561,3964,2802,3498
"BARTON, SEN.",0.0012496094970321774,0.0,0.37100139082058414,0.0005582170239194657,5271,4067,3541,5362
BARTOS,0.0031240237425804434,0.0,0.3602701181767023,0.001543310531811404,3214,4067,4494,3814
BASALLO / LAVA MEN KIN,0.0039050296782255542,3.964397093890716e-06,0.39489267209474466,0.003991489761788871,2721,2430,2041,2223
BASALTAR,0.0031240237425804434,0.0,0.3602701181767023,0.0015433105318114029,3214,4067,4494,3817
BASILISK / BASIL ELKS,0.0028116213683223993,5.7235650988827214e-08,0.4020094191522763,0.004323487702533313,3463,3717,1723,2111
BASILISK III / ,0.0031240237425804434,0.0,0.40221147201105734,0.005053418682107715,3214,4067,1717,1904
BASILISK II,0.0014058106841611997,0.0,0.33574575204531154,0.00079547995575794,5057,4067,5937,4925
BATAL / ,0.0010934083099031551,0.0,0.3475758727401053,0.0008497438253588951,5492,4067,5287,4847
BATROC / GEORGES BATRO,0.02733520774757888,0.0009495085381199897,0.4591222030981067,0.017704317932978678,371,251,472,565
BATTERING RAM,0.0015620118712902217,0.0,0.3580737177694502,0.00041440839427559195,4812,4067,4624,5599
BATTERY / ,0.0020306154326772885,0.0,0.3589571068124474,0.000943307217703803,4200,4067,4571,4676
BATTLEAXE / ,0.009215870040612308,4.343437808784943e-06,0.3883766076195098,0.004661557790431986,1318,2383,2335,2008
BATTLEAXE II / JEROME,0.0037488284910965324,1.7077182602664943e-06,0.37003641408011095,0.002079737735440089,2830,2806,3670,3269
"BATTLE, MONTGOMERY",0.0032802249297094657,0.0,0.38360596800287616,0.002530101643830675,3094,4067,2613,2938
BATTLESTAR / LEMAR HOS,0.02452358637925648,0.0004393075412601162,0.45968263086091765,0.01759632604926883,420,404,462,570
BATWING / ,0.0020306154326772885,6.747694879835667e-09,0.36858771374287524,0.001518111845320662,4200,3994,3827,3846
BAV-TEK,0.0015620118712902217,0.0,0.3096193838564589,0.00011968453458086386,4812,4067,6327,6272
"BAXTER, ABIGAIL",0.002655420181193377,1.2425156842560503e-06,0.3938238188976378,0.0033629383655924576,3591,2930,2088,2498
BAXTER,0.0010934083099031551,0.0,0.33944856839872745,0.0006213478433662333,5492,4067,5820,5223
"BAXTER, NOAH",0.0060918462980318645,2.219287988149695e-05,0.41985834207764955,0.005907160026420244,1940,1553,1183,1648
"BAYLOR, FRANK",0.0012496094970321774,0.0,0.317260518360672,0.00012757197777644088,5271,4067,6310,6257
BAYMAX,0.012339893783192751,9.654341826680625e-05,0.3998001623680759,0.007018154208638652,947,862,1816,1440
"BAZIN, ALLEGRA",0.005935645110902842,6.167804297638561e-05,0.3930742309817646,0.0025815989621905113,1994,1070,2121,2914
"BAZIN, ANDREW",0.003436426116838488,2.2436830442951198e-05,0.3791081897317463,0.0014034574122485538,3010,1547,2878,3975
"BAZIN, BRODERICK RIC",0.004217432052483598,3.105029261470329e-05,0.38000831008488156,0.0014563723696009868,2569,1364,2832,3913
"BAZIN, PHILLIPPE",0.006404248672289909,0.0001015198930208825,0.4068636796949476,0.003893159431132625,1854,847,1570,2268
"BEACH, GINGER",0.013901905654482974,0.0001868875716145456,0.4545583641011076,0.015297089011354634,824,638,524,674
"BEACH, SPIDER",0.013901905654482974,0.0001868875716145456,0.4545583641011076,0.015297089011354636,824,638,524,673
"BEALE, ERIC",0.003436426116838488,1.9593950352997056e-07,0.37169066418950303,0.003322568311219619,3010,3482,3458,2518
BEAR / ,0.0012496094970321774,0.0,0.3447867298578199,0.0004048304576615521,5271,4067,5472,5619
BEAST 2013,0.0014058106841611997,0.0,0.3395205770046669,0.0003373599071225679,5057,4067,5813,5789
BEAST DOPPELGANGER I,0.01499531396438613,3.964527223292203e-06,0.46522781774580335,0.021022645466370758,759,2429,393,440
BEAST DOPPELGANGER,0.013901905654482974,0.0,0.45272611555052683,0.017802034540310752,824,4067,553,553
BEAST / HENRY &HANK& P,0.2085285848172446,0.02229643957455157,0.5545738045738046,0.09745228344187636,9,13,9,8
"BEAUMONT, SPENCER",0.0028116213683223993,0.0,0.3504296896381849,0.0015745215888918398,3463,4067,5149,3764
BEAUTIFUL DREAMER II,0.00359262730396751,0.0,0.3763889705450056,0.004110813290518833,2918,4067,3090,2183
BEAUTIFUL DREAMER,0.0078100593564511085,7.114240958585806e-07,0.38640753259295024,0.006640935421154171,1526,3124,2456,1524
BEAUTY,0.013433302093095907,4.4778226188195226e-05,0.4108850523072973,0.008649934734751076,860,1197,1434,1182
"BECKFORD, NOEL",0.0028116213683223993,0.0,0.3877884790114483,0.002106884858043456,3463,4067,2361,3235
"BECKLEY, BENNY",0.0012496094970321774,0.0,0.3482754868893483,0.00073103962111868,5271,4067,5241,5030
"BECKMAN, CHARLES",0.0006248047485160887,0.0,0.3284929960490533,0.00014351923679873084,6020,4067,6116,6236
"BECKMAN, JOSEPH",0.0006248047485160887,0.0,0.3284929960490533,0.00014351923679873074,6020,4067,6116,6237
"BECKMAN, LISA",0.0006248047485160887,0.0,0.3284929960490533,0.0001435192367987309,6020,4067,6116,6235
"BECKMAN, SARAH",0.0006248047485160887,0.0,0.3284929960490533,0.00014351923679873038,6020,4067,6116,6238
"BEDFORD, BRAD HULK",0.00031240237425804435,0.0,0.3517195912537084,0.00033856750641097334,6269,4067,5024,5783
BEDLAM II / OLISA KABA,0.005779443923773821,7.364332987539692e-06,0.42049261083743844,0.0069773499274234825,2050,2100,1168,1447
BEDLAM / JESSE AARONSO,0.02077475788815995,0.0004662672878194398,0.4128990648178007,0.01137016603146867,531,390,1373,914
BEEFER,0.00718525460793502,6.045631841206662e-06,0.44273858921161824,0.01008356897063408,1664,2202,722,1033
BEEF / ,0.004373633239612621,0.0,0.3618993781797626,0.002259716157111978,2505,4067,4408,3125
"BEERE, JASON",0.002499218994064355,8.525007899466604e-08,0.3946249152437897,0.0037078048002782173,3730,3639,2054,2351
BEETLE / ABNER RONALD,0.07013433302093096,0.002887155367164554,0.49390526153371395,0.04315508186997385,98,114,125,114
BEETLE II / LEILA DAVI,0.009684473601999375,4.305058193710106e-05,0.4097804518978429,0.004986439356821408,1251,1219,1474,1922
BEETLE ROBOT,0.0060918462980318645,3.0139419164944856e-06,0.38680442269349286,0.004221013459578569,1940,2554,2431,2151
BEHEMOTH,0.0032802249297094657,0.0,0.37035751475182227,0.0024778369494769547,3094,4067,3605,2978
BELASCO,0.006872852233676976,2.5975998384334947e-05,0.40681197178623624,0.0070314623918756956,1733,1462,1572,1433
BELDAME,0.0037488284910965324,9.343207532711807e-08,0.3787493344376738,0.004133269727867404,2830,3629,2906,2179
"BEL-DANN, GEN.",0.010465479537644486,0.0008144102556103549,0.40813464235624125,0.009628214304626083,1156,277,1537,1087
"BELGRADE, DR. HORATI",0.0028116213683223993,1.2544886698506939e-05,0.37233918808886823,0.0012224293285563485,3463,1814,3385,4248
BELIAL,0.0018744142455482662,0.0,0.3242832539762942,0.00017367326890623414,4385,4067,6219,6156
BELLADONNA,0.001718213058419244,2.1118600415940102e-07,0.36818495514147687,0.0010461984838876486,4561,3469,3870,4483
BELLAM,0.0060918462980318645,7.075546299050919e-06,0.38678105364910587,0.004049162195495693,1940,2123,2432,2202
BELLE,0.0014058106841611997,0.0,0.3515457690406897,0.0006800945363323152,5057,4067,5069,5121
"BELL, HERBERT",0.0015620118712902217,1.4953368924059593e-06,0.3669398750501519,0.001378006067203743,4812,2861,4027,4006
BENAZA,0.0006248047485160887,0.0,0.33467510063254746,0.00034528704602315794,6020,4067,5996,5764
BENCHLEY,0.0023430178069353325,0.0,0.3450840879689521,0.0012676413893490104,3856,4067,5445,4166
"BENDIX, DR. ALBERT",0.0014058106841611997,6.131202298347763e-08,0.3670661085946907,0.0009171097548977396,5057,3706,4005,4738
BENEDICT,0.005623242736644799,1.5889479007403731e-06,0.4010021922956467,0.006957433522896361,2087,2834,1772,1448
"BENEDICT, ANDREW",0.0021868166198063103,0.0,0.3462412114656571,0.0005946492494477292,4042,4067,5357,5284
BENGAL / ,0.007341455795064043,3.2100121395815256e-05,0.38438907235064546,0.003812994890414147,1640,1349,2577,2306
"BENJAMIN, BYRON",0.0037488284910965324,2.774052831268352e-06,0.3715827964478496,0.0024765301297466923,2830,2599,3483,2981
"BENNETT, DANNY",0.0015620118712902217,0.0,0.3731639076707857,0.0022929670149358272,4812,4067,3320,3099
"BENNETT, MITCH",0.0015620118712902217,0.0,0.3731639076707857,0.002292967014935829,4812,4067,3320,3098
"BENNING, VERONICA",0.004529834426741643,5.577588061203742e-06,0.39418755002770767,0.003912827350952215,2437,2255,2072,2257
"BENNY, JAKE",0.0012496094970321774,0.0,0.32359482410028306,0.00011943800683967498,5271,4067,6239,6274
"BENTLEY, MILES",0.001718213058419244,2.2188884676017075e-08,0.3449539307074735,0.00042254400918713213,4561,3877,5455,5584
"BENTLEY, VICTORIA",0.006872852233676976,3.385824289917831e-05,0.3946979038224414,0.004005733470227313,1733,1323,2046,2216
"BENTON, TERRY",0.002499218994064355,0.0,0.34411954418404644,0.0010349046229114367,3730,4067,5556,4500
"BENWAY, DR.",0.0028116213683223993,1.8119065307817472e-07,0.3770095989635475,0.0018365577929595341,3463,3501,3053,3494
"BERDITCHEV, ITZHAK",0.0010934083099031551,0.0,0.38545366969715217,0.0022370274734074234,5492,4067,2512,3139
BEREET,0.01811933770696657,0.0001971671894099068,0.4682220434432824,0.02347791546883405,635,620,355,371
"BERENGHETTI, MICHAEL",0.0031240237425804434,3.5503268302886924e-06,0.3756160525698193,0.0017193671344646415,3214,2483,3164,3599
"BERENGHETTI, SUSAN",0.00359262730396751,8.429044446470391e-07,0.36247310610349903,0.0016652062741438459,2918,3064,4375,3645
"BERGER, PROF.",0.004529834426741643,9.981304660011177e-06,0.370186191742801,0.0014497429747991912,2437,1925,3626,3920
"BERGIER, REBECCA",0.005310840362386754,8.492955632856804e-05,0.38455069678039405,0.0022341147763504285,2184,919,2567,3144
"BERGLUND, GEN.",0.0018744142455482662,0.0,0.37205788341953855,0.0010654009823329027,4385,4067,3416,4447
"BERKELEY, TRAVIS",0.00359262730396751,3.359270202748429e-05,0.38668760570186034,0.002230520622869667,2918,1327,2440,3147
"BERMAN, ADAM",0.0007810059356451108,0.0,0.34391619661563255,0.0005767622696719901,5841,4067,5572,5339
BERNARD THE POET,0.01077788191190253,1.844454312881716e-05,0.4440899001109878,0.013544818074392919,1109,1621,700,775
"BERNHARD, CLARICE",0.0010934083099031551,0.0,0.37182018817516554,0.0013809043140975657,5492,4067,3442,3996
BERNIE,0.005154639175257732,1.7134669841211204e-05,0.4122078423797566,0.004582323250025549,2237,1660,1396,2033
"BERNSTEIN, DR. NOAH",0.005310840362386754,4.879872199305793e-05,0.3777436865706868,0.00235712273381142,2184,1158,2988,3044
"BERNSTEIN, EMMA WEBS",0.001718213058419244,1.1295937404002934e-08,0.34411954418404644,0.0008425649271666913,4561,3935,5556,4866
BERSERKER,0.0014058106841611997,0.0,0.39271255060728744,0.0031701782789497063,5057,4067,2141,2576
BERSERKER III,0.0032802249297094657,0.0,0.37607942195852667,0.004607716294142162,3094,4067,3117,2017
BERTRAM,0.0018744142455482662,0.0,0.3662680931403398,0.001826557976349143,4385,4067,4106,3501
BERYLLIUM,0.007497656982193065,2.8888509544757545e-05,0.3932915591596019,0.004313263572145115,1588,1399,2114,2117
BERYL,0.002655420181193377,7.296671397711309e-08,0.37207950714866905,0.002780166886538995,3591,3678,3412,2802
BETA RAY BILL,0.037175882536707276,0.0013089633151530428,0.47018213866039954,0.028470845398027942,248,210,335,267
BETA RAY BILL | MUTA,0.007497656982193065,0.0,0.34513989972505255,0.00036711039563783627,1588,4067,5422,5729
"BETELHEIM, NORMA",0.0009372071227741331,0.0,0.34200544900902824,0.0004294088208982866,5676,4067,5712,5567
BETTY-6,0.0032802249297094657,7.308903966295261e-06,0.3266993263931415,0.0001609519892131442,3094,2101,6160,6176
BEVATRON / ,0.004373633239612621,0.0,0.3618993781797626,0.0022597161571119785,2505,4067,4408,3124
"BEYNON, DR. BRADLEY",0.001718213058419244,0.0,0.3913681379141704,0.0032713184921808734,4561,4067,2195,2533
BEYONDER,0.03686348016244923,0.00043547219741307434,0.48408317580340265,0.03340849653998225,252,406,201,208
BEYONDER | MUTANT X-,0.00937207122774133,1.0366896844145627e-06,0.3453633273992555,0.0003833710543883793,1293,2990,5409,5677
B'GON,0.00046860356138706655,0.0,0.32096660984658576,0.00020640247887347647,6167,4067,6266,6100
BIANDU,0.002967822555451421,0.0,0.32045249774752227,9.160873463813088e-05,3351,4067,6275,6320
BI-BEAST,0.0006248047485160887,0.0,0.3537602917610654,0.0007395459175755023,6020,4067,4871,5013
BI-BEAST II,0.010309278350515464,2.7443350408188883e-05,0.40562630678578215,0.006788112641234992,1172,1440,1613,1483
BIG BEN / ,0.004217432052483598,9.300653428413935e-06,0.3731421577198811,0.0022003484754857233,2569,1963,3324,3169
BIG BERTHA / ASHLEY CR,0.009059668853483286,4.5256053320071396e-05,0.40894282976684765,0.009105104700196869,1347,1194,1507,1133
BIG CASINO / ,0.0060918462980318645,8.27625849677458e-06,0.3825286806883365,0.004590252535036235,1940,2032,2682,2026
"BIGGERS, MELVIN",0.0015620118712902217,0.0,0.3705718916415837,0.0015615935259848137,4812,4067,3585,3779
BIG MAN / FREDERICK FO,0.011246485473289597,3.4038823155199204e-05,0.42717021418562756,0.00890008776329472,1063,1320,1004,1155
BIG ONE / KENJIRO SASA,0.003436426116838488,5.145296276760704e-07,0.38706166868198305,0.003982450250627015,3010,3222,2409,2229
BILE / ,0.008434864104967197,1.486625577721649e-07,0.42366487988882273,0.009991233364682994,1439,3530,1083,1042
"BILLUPS, AGENT",0.0039050296782255542,3.7753635607498218e-06,0.38783546374265465,0.0026758246679673067,2721,2455,2359,2853
BINARY / CAROL DANVERS,0.08434864104967198,0.0032646174721790286,0.5099163679808841,0.05428880659256378,68,100,60,67
BINARY | MUTANT X-VE,0.0020306154326772885,5.6939452684640694e-08,0.34448988377098577,0.00030572233388866885,4200,3718,5526,5861
BIOHAZARD,0.001718213058419244,5.2581841509795745e-08,0.34991254919108,0.0004160518591762624,4561,3741,5178,5591
BIOHAZARD II / FLETCHE,0.002655420181193377,0.0,0.3592592592592593,0.0017872366270502398,3591,4067,4552,3536
BIRDBRAIN,0.0037488284910965324,1.4377421615789797e-07,0.3578535494689771,0.002705141242219334,2830,3538,4645,2833
BIRD MAN / HENRY HAWK,0.006560449859418931,2.2273403527789662e-05,0.4336810730253353,0.00865369617586068,1811,1550,900,1180
BIRD MAN III / ,0.007029053420805998,8.789936001595453e-06,0.39611434228437076,0.003715180313027853,1704,1996,2002,2349
"BIRD, TUESDAY",0.00046860356138706655,0.0,0.35867555605356044,0.000930357129406137,6167,4067,4588,4702
BIRDY,0.0032802249297094657,2.8441026841008787e-06,0.376322595814719,0.0029770084482525824,3094,2589,3095,2683
BISHOP  / ,0.057013433302093096,0.006196766803008348,0.4909132735219692,0.03716941973419753,137,59,148,163
BISON / BILLY KITSON,0.012652296157450796,2.44035167261666e-05,0.4066310975609756,0.007651557286300707,912,1490,1580,1332
BITMAP / ,0.0028116213683223993,4.0155216327014894e-06,0.4000249937515621,0.0024423084406811277,3463,2418,1804,2992
BIZEN,0.0006248047485160887,0.0,0.32487567238404547,0.00016524590946740723,6020,4067,6211,6168
"B'KOSA, GEN. JONATHA",0.0012496094970321774,2.9283147094958073e-08,0.3359748097612175,0.0003190247266714113,5271,3834,5926,5828
BLACK AVENGER / JERRY,0.0018744142455482662,0.0,0.37003641408011095,0.0008704732430236886,4385,4067,3670,4814
BLACKBALL,0.006404248672289909,0.0,0.42405775981983174,0.010435893845712934,1854,4067,1071,986
BLACKBIRD / ,0.006404248672289909,9.052009040599651e-08,0.3813665336272115,0.003009128544965783,1854,3633,2756,2659
BLACKBODY,0.005310840362386754,2.004787737987773e-05,0.3527272727272727,0.0007043944799863145,2184,1592,4939,5083
BLACK BOLT / BLACKANTO,0.07200874726647923,0.002471770498496912,0.5032623221444855,0.05025513429225489,90,132,81,81
BLACK BOLT | MUTANT,0.004217432052483598,0.0,0.34474959612277867,0.0003220150927605304,2569,4067,5474,5816
BLACK BRIGADE,0.005310840362386754,1.2328454136324037e-05,0.3993512569396794,0.005413677074359567,2184,1827,1831,1783
"BLACK, CAL",0.001718213058419244,0.0,0.3463536031162086,0.0007032543041555586,4561,4067,5344,5087
BLACK CAT / FELICIA HA,0.04764136207435176,0.0018757757132701564,0.4890382705675655,0.0342147928689385,172,167,159,192
BLACK CRANE / ,0.002655420181193377,8.602016647177868e-06,0.36980129390018485,0.001990357219050259,3591,2007,3706,3362
BLACK CROW / JESSE BLA,0.012496094970321774,0.00020612991894186416,0.43798317028117945,0.011522917191328258,931,601,811,905
"BLACK, CYRUS",0.0014058106841611997,3.6996110445900495e-08,0.3669398750501519,0.0016058005864339313,5057,3799,4027,3732
BLACK DEATH / DR. IVAN,0.0009372071227741331,0.0,0.37001502716448964,0.0016503456870653886,5676,4067,3677,3664
BLACK FOX II / ,0.006248047485160887,1.2864889092945855e-05,0.40857744591231093,0.005605800347820016,1895,1802,1522,1729
BLACK FOX / ROBERT W.,0.012496094970321774,0.0002784601129941699,0.4072519083969466,0.005994839105231918,931,508,1558,1625
BLACK GOLIATH / DR. WI,0.029678225554514215,0.000712734282387836,0.4739413680781759,0.027125301879996355,335,294,297,294
BLACKHEART,0.0067166510465479536,7.143040566044232e-05,0.42495851310985727,0.006260587186050887,1774,997,1055,1588
BLACK HOLE / MORTON KI,0.0015620118712902217,0.0,0.3522808562152644,0.000446363252576361,4812,4067,4990,5546
BLACKJACK / ,0.005310840362386754,1.4824827370230933e-05,0.3578535494689771,0.0010109660941304657,2184,1733,4645,4571
BLACK KING / SEBASTIAN,0.047953764448609805,0.002295271932478613,0.4817155756207675,0.03313276584998726,169,140,220,210
BLACK KNIGHT III / EOB,0.005779443923773821,5.3961238274546944e-05,0.4218780889621087,0.008312780420141866,2050,1119,1133,1239
BLACK KNIGHT II / SIR,0.005467041549515776,2.672064310666003e-07,0.4124202795851317,0.008502894873842965,2133,3400,1385,1200
BLACK KNIGHT IV DOPP,0.013901905654482974,0.0,0.45272611555052683,0.017802034540310745,824,4067,553,556
BLACK KNIGHT IV / PROF,0.022492970946579195,6.524960510331037e-05,0.46217152757724517,0.0242718883715444,481,1042,440,357
BLACK KNIGHT / SIR PER,0.012652296157450796,3.606818308431641e-05,0.4255234297108674,0.01324168405272331,912,1299,1040,801
BLACK KNIGHT V / DANE,0.11605748203686347,0.00423018061626902,0.5215903535929607,0.07526722561080032,39,82,39,33
BLACK KNIGHT V DOPPE,0.01437050921587004,4.588610868564043e-07,0.4645189377448846,0.02061039384065614,790,3243,410,453
BLACK KNIGHT VI / PROF,0.0010934083099031551,0.0,0.34065875591975736,0.00026365560606268,5492,4067,5777,5973
BLACK KNIGHT V STATU,0.00937207122774133,4.616440640259425e-05,0.42694231410470157,0.01000027650070853,1293,1188,1012,1041
BLACK LAMA,0.0032802249297094657,4.078644627722826e-06,0.3829405431271683,0.002852383724976634,3094,2411,2656,2754
BLACK MAMBA / TANYA SE,0.028116213683223992,0.00023838149843545157,0.44725443621629174,0.019960499339301982,358,551,650,477
BLACK MARIAH,0.0007810059356451108,2.8595426714943853e-08,0.34729304545947703,0.0006996376015331111,5841,3844,5298,5093
BLACK MARVEL / DAN LYO,0.0020306154326772885,1.3155722735275568e-07,0.3701005896635449,0.0009157805080334877,4200,3555,3656,4743
BLACK MORAY,0.0007810059356451108,0.0,0.35144927536231885,0.0006676220473276447,5841,4067,5074,5141
BLACK MOUNTAIN / KUROY,0.0009372071227741331,0.0,0.35887661864454284,0.00044477364612835777,5676,4067,4579,5550
BLACKOUT II / ,0.008434864104967197,0.0002027997619764281,0.3986549598356062,0.003127817663469763,1439,609,1865,2596
BLACKOUT / MARCUS DANI,0.011558887847547642,2.292363594640374e-05,0.4296067641927258,0.013408892331549422,1023,1537,963,782
BLACK PANTHER | MUTA,0.007497656982193065,0.0,0.34513989972505255,0.0003671103956378373,1588,4067,5422,5709
BLACK PANTHER / T'CHAL,0.11355826304279912,0.00837150663445663,0.5223563968668408,0.06813376973091234,42,45,38,38
BLACK RAAZER / ,0.0014058106841611997,0.0,0.339718758291324,0.0006931215058851247,5057,4067,5801,5105
BLACK RACER / ,0.012496094970321774,3.0181702433492633e-05,0.43233387358184766,0.011912073350668243,931,1377,926,873
"BLACK, RACHEL",0.0020306154326772885,5.581215109830495e-07,0.35008475966533603,0.0009071480228473305,4200,3199,5165,4755
BLACK RAZER,0.00031240237425804435,0.0,0.3331772053083529,0.00022221537068319367,6269,4067,6019,6049
"BLACKSHEAR, JONAS",0.0023430178069353325,3.512614980490007e-07,0.34991254919108,0.0011783547736098038,3856,3324,5178,4314
BLACK SPECTRE / CARSON,0.0023430178069353325,9.350920921079047e-08,0.3360982780344393,0.00037443787604491216,3856,3628,5920,5692
BLACK TALON / DESMOND,0.00031240237425804435,0.0,0.3224051971596918,0.00020993780316963534,6269,4067,6256,6092
BLACK TALON III,0.00031240237425804435,0.0,0.29686992812427543,4.6615294259400815e-05,6269,4067,6355,6351
BLACK TALON II / SAMUE,0.005935645110902842,7.744855433483618e-05,0.4086556874760628,0.006367237651851651,1994,967,1518,1574
BLACK TARANTULA II / C,0.00937207122774133,1.4244102572852064e-05,0.37601315634911314,0.003030639892981999,1293,1754,3125,2653
BLACK TARANTULA / LAMU,0.001718213058419244,0.0,0.36746642176558375,0.0009235267874899909,4561,4067,3961,4719
BLACK TOM CASSIDY,0.022649172133708217,0.00029146835034074217,0.43403389830508476,0.015266413477021172,474,500,892,677
BLACKWELL,0.0007810059356451108,0.0,0.335200795853186,0.00018132358686060295,5841,4067,5970,6138
BLACK WIDOW DOPPELGA,0.013901905654482974,0.0,0.45272611555052683,0.017802034540310745,824,4067,553,556
BLACK WIDOW II / YELEN,0.0031240237425804434,8.17672870065459e-06,0.3732509328358209,0.0023835147811964896,3214,2049,3313,3023
BLACK WIDOW | MUTANT,0.0023430178069353325,0.0,0.34452696157571844,0.00031189376942596315,3856,4067,5507,5845
BLACK WIDOW / NATASHA,0.14557950640424866,0.011223157490958308,0.5328339575530586,0.07903316264122777,33,30,31,30
BLACKWING II / ,0.002967822555451421,6.646525544403314e-07,0.37040037028465633,0.001812537906359004,3351,3137,3597,3517
BLACKWING / JOSEPH MAN,0.019837550765385816,0.00019311252214819556,0.429117233058516,0.011805551948125662,563,628,970,879
"BLACKWOOD, JENNY",0.0007810059356451108,0.0,0.3432339695475016,0.00043115586777126984,5841,4067,5615,5564
BLACKWULF,0.001718213058419244,6.47598459763882e-08,0.3552719200887902,0.0007081306485404008,4561,3700,4778,5075
BLADE / ,0.009215870040612308,0.0002650211183924337,0.3897716894977169,0.0033332529454642578,1318,524,2256,2512
"BLAIR, CALEY",0.0012496094970321774,7.320786773739518e-08,0.33762261364834933,0.0002099023874651989,5271,3674,5864,6095
"BLAIRE, CARTER",0.008278662917838176,3.0808035420350093e-06,0.4479742495276748,0.012096685148835147,1467,2546,637,862
"BLAKE, BECKY",0.012027491408934707,6.802291568241609e-05,0.4364305678642034,0.008707006515157408,984,1022,840,1172
"BLAKE, DR. DONALD (C",0.006404248672289909,3.792682157616514e-06,0.3717554149004123,0.0033501660281900587,1854,2452,3449,2506
"BLAKE, DR. DONALD",0.0032802249297094657,2.916746088281266e-08,0.3616131947582467,0.0021014410114697686,3094,3841,4431,3240
"BLAKE, EMILY",0.00046860356138706655,0.0,0.3374090861178455,0.00027538791175162785,6167,4067,5873,5942
"BLAKE, KENT",0.0012496094970321774,0.0,0.3681637817010754,0.0013062719973416497,5271,4067,3871,4103
"BLANDING, ANDREW",0.0006248047485160887,0.0,0.3458670988654781,0.00034146350292792117,6020,4067,5378,5769
"BLANDING, HALEY",0.0006248047485160887,0.0,0.3458670988654781,0.00034146350292792014,6020,4067,5378,5771
"BLANDING, MRS.",0.0006248047485160887,0.0,0.3458670988654781,0.00034146350292792085,6020,4067,5378,5770
BLAQUESMITH,0.025460793502030614,0.0012838916881506937,0.44622569178225413,0.01584494739426189,403,214,668,641
BLASTAAR,0.017806935332708527,0.00011434270979042985,0.44976816074188564,0.018219842181110075,644,805,611,535
BLASTING CAP / ,0.001718213058419244,0.0,0.3413853783394657,0.00035292053581855603,4561,4067,5737,5749
"BLAZE, CRAIG",0.0028116213683223993,1.8678744958619173e-06,0.3547993792950565,0.0006685021844144031,3463,2774,4795,5137
"BLAZE, EMMA",0.0028116213683223993,1.8678744958619173e-06,0.3547993792950565,0.000668502184414403,3463,2774,4795,5138
"BLAZE, ROXANNE SIMPS",0.010934083099031553,0.000328285367218078,0.41509433962264153,0.005793832686148469,1098,470,1308,1679
BLAZING SKULL / MARK T,0.002499218994064355,1.2878976421484676e-05,0.3985060690943044,0.00359236625161116,3730,1799,1877,2406
"BLESSING, MORGANA",0.00937207122774133,5.8259722139479595e-05,0.40373336696726997,0.00517329234395119,1293,1093,1672,1869
BLIND AL / ALTHEA,0.005779443923773821,9.827291772559975e-05,0.3958938841135366,0.0026793401171021783,2050,858,2011,2849
BLINDSIDE II / BOBBI C,0.002655420181193377,0.0,0.36801563577833984,0.001670290545098301,3591,4067,3889,3639
"BLINK / FERGUSON, CLAR",0.0015620118712902217,0.0,0.344286098413552,0.0009348477896862287,4812,4067,5546,4688
"BLISS, BONNIE",0.0012496094970321774,0.0,0.32191884145421634,0.0001299674912990336,5271,4067,6262,6252
"BLISS, MISS",0.003436426116838488,0.0,0.38573236127010907,0.0023568532417719856,3010,4067,2495,3046
BLISS,0.0015620118712902217,0.0,0.36466165413533835,0.0014520779796394728,4812,4067,4241,3917
BLITZIANA,0.008278662917838176,1.474544345212675e-05,0.39148780040359565,0.005164565509685122,1467,1737,2189,1872
BLITZKRIEG / ,0.026710402999062792,0.0001894718397937243,0.4801980198019802,0.031361147090367136,382,633,237,226
BLIZZARD II / DONALD G,0.010153077163386441,1.3856454209137127e-05,0.4021356783919598,0.007274653446786971,1193,1764,1722,1394
BLIZZARD / PROF. GREGO,0.009528272414870352,1.5734441823564712e-05,0.4205754828537643,0.008166787188438943,1270,1701,1164,1262
BLOB / FRED J. DUKES,0.06888472352389878,0.00230998749369768,0.5011350293542074,0.046181612614973354,101,138,94,100
BLOCKADE / DEXTER PARI,0.004529834426741643,2.64460638077306e-05,0.3653067047075606,0.0012587236602376814,2437,1450,4202,4192
BLOCKBUSTER / ,0.0014058106841611997,9.499975759204262e-07,0.38462000600781016,0.002097911250591139,5057,3028,2563,3246
BLOCKBUSTER II,0.00046860356138706655,0.0,0.369587807412539,0.0005764542007032935,6167,4067,3738,5340
BLOCKBUSTER III / MICH,0.009528272414870352,5.409024938710672e-06,0.4012535255405829,0.008523187022647644,1270,2266,1756,1197
BLOKE / MICKEY TORK,0.0020306154326772885,0.0,0.3586353705674752,0.0009915004361328106,4200,4067,4593,4609
BLOK,0.0012496094970321774,0.0,0.3628017681060864,0.001446910772775048,5271,4067,4353,3933
BLOODAXE / JACKIE LUKU,0.014058106841611996,0.00013910078666301247,0.4325675675675676,0.010879194247172949,813,724,919,947
BLOOD BROTHERS,0.016557325835676352,5.673101059156095e-05,0.4602775181537134,0.01854586202225249,693,1104,457,518
BLOODHOUND / ,0.0012496094970321774,0.0,0.34665367121507473,0.0005350485760035879,5271,4067,5323,5394
BLOODLUST,0.009059668853483286,2.491022435988622e-05,0.4102268358323722,0.005178876449305672,1347,1481,1459,1866
BLOODSCREAM,0.006560449859418931,4.357233001573763e-05,0.40954452405322417,0.004722322499637205,1811,1212,1486,1988
BLOODSHED / WYNDELL DI,0.00046860356138706655,0.0,0.3661214686034542,0.00040958604332025453,6167,4067,4125,5605
BLOOD SPIDER / ,0.001718213058419244,0.0,0.3700791953292098,0.0011443150238583215,4561,4067,3662,4359
BLOODSTONE / ULYSSES B,0.0067166510465479536,0.0001357176375788289,0.40017502187773474,0.002827498195946043,1774,739,1797,2771
BLOODSTORM | MUTANT,0.01936894720399875,0.00027692277532938997,0.36712925794242457,0.0015517435809007023,582,509,3994,3792
BLOODSTRIKE / ERIC CON,0.005467041549515776,2.5109078795117335e-06,0.3837439309476713,0.004637529211962103,2133,2660,2609,2012
BLOOD-TIDE,0.00031240237425804435,0.0,0.3110787172011662,5.8764158671380656e-05,6269,4067,6324,6346
"BLOODVESSEL, BUSTA",0.00046860356138706655,0.0,0.31787487586891755,6.240336131069171e-05,6167,4067,6305,6344
BLOODWING [SHI'AR],0.0012496094970321774,0.0,0.3468414779499404,0.0007383741197436309,5271,4067,5317,5017
BLOOD WRAITH / SEAN DO,0.009215870040612308,1.4279814658716264e-05,0.4034026465028355,0.007825686428530498,1318,1753,1679,1304
BLOODWRAITH / SEAN DOL,0.0028116213683223993,0.0,0.3868979271166979,0.003918222062908422,3463,4067,2421,2254
BLOODY BESS,0.004217432052483598,3.677371746381958e-07,0.37818998109640833,0.003966109199817082,2569,3303,2955,2235
BLOODY MARY,0.0007810059356451108,0.0,0.36715031255376496,0.0006553291564750087,5841,4067,3990,5170
"BLOTT, BRIGADIER INK",0.004529834426741643,6.84861617205155e-08,0.3523002421307506,0.0020452307530895056,2437,3691,4989,3300
BLOWTORCH / ,0.00015620118712902218,0.0,0.3657867672266027,0.0003925122989233775,6354,4067,4172,5639
BLUDGEON / ,0.004217432052483598,9.98318630784144e-06,0.382460123065894,0.003008051710426678,2569,1924,2687,2660
BLUE BULLET / PROF. JO,0.0012496094970321774,0.0,0.37577038210952635,0.0010717634105715918,5271,4067,3152,4438
BLUE DIAMOND / PROFESS,0.005467041549515776,0.00011651453400379208,0.3968017850502045,0.004334571287208266,2133,796,1967,2107
BLUE SHIELD / JOSEPH J,0.012339893783192751,0.00033944046801285643,0.4477236170361564,0.014055222416535144,947,464,644,746
BLUE STREAK / ,0.00499843798812871,2.8153455092051126e-06,0.40860352310441667,0.005860964485517184,2281,2593,1520,1662
BLUNT,0.00359262730396751,3.3840798178407945e-07,0.38349107463759435,0.0038944042675938782,2918,3334,2627,2267
BLUR,0.0014058106841611997,0.0,0.3505448173903521,0.0009214780834518964,5057,4067,5140,4727
BLURRY,0.004373633239612621,3.5406327201126865e-07,0.3477457903313417,0.0013797791562899335,2505,3316,5270,4000
BOAK,0.0031240237425804434,0.0,0.3772095215649305,0.0038167399362390494,3214,4067,3031,2305
BOBCAT / ,0.0020306154326772885,0.0,0.3558643690939411,0.0008225389685798435,4200,4067,4746,4893
BODYBAG,0.010621680724773508,2.798309247991871e-05,0.43456421395601413,0.010145991976793112,1131,1423,870,1019
"BOERKE, MAYOR",0.004529834426741643,4.2931140148741703e-07,0.38540726024923244,0.0038959538863266737,2437,3257,2515,2265
BOGATYR / MIKULA GOLUB,0.0020306154326772885,0.0,0.3932915591596019,0.002802974327252234,4200,4067,2114,2783
"BOGGS, MORDECAI P.",0.005310840362386754,9.268750096099715e-06,0.3936785143278809,0.0059423675501649445,2184,1966,2094,1637
BOLERO / ,0.0023430178069353325,0.0,0.36670867224195214,0.001722991938870422,3856,4067,4055,3598
"BOLT, COUNCILMAN AND",0.0037488284910965324,1.0565957817405335e-05,0.39170337738619676,0.003119816784841359,2830,1898,2178,2599
BOLT II / CHRIS BRADLE,0.02374258044361137,0.0005635708485205441,0.4676064567964356,0.020763518153326936,439,343,364,450
BOLT / LAWRENCE EVANS,0.0020306154326772885,0.0,0.35693577163247103,0.0006956658712681695,4200,4067,4700,5102
BOMBADIER / ,0.001718213058419244,0.0,0.3284592889025704,0.00018214602781074175,4561,4067,6121,6129
BOMBLAST / ,0.005623242736644799,5.115471373520027e-06,0.37627835899847184,0.0026219914132659494,2087,2297,3101,2879
BOMBSHELL / ,0.014214308028741018,7.837135712978443e-05,0.4093088677194553,0.00782684919523863,803,957,1496,1303
BOND,0.0009372071227741331,0.0,0.3598246402877698,0.0009061953016057253,5676,4067,4528,4757
BONEBREAKER / ,0.012027491408934707,1.2361118848602245e-05,0.3912246394524566,0.008527760099293355,984,1826,2205,1196
BONES / ELIZABETH BLIS,0.0031240237425804434,1.5111235053795031e-05,0.37203626220362623,0.0011786437606618474,3214,1724,3421,4313
BONITA,0.0010934083099031551,0.0,0.36085902711233864,0.0007101385075984447,5492,4067,4457,5070
BOOBYTRAP / ,0.00718525460793502,8.197699377265603e-06,0.41143958868894603,0.0052412211164804216,1664,2042,1409,1847
BOOKWORM / NELSON GRUB,0.0009372071227741331,0.0,0.31722907685446705,0.00013029303112116572,5676,4067,6317,6250
BOOMERANG / FRED MYERS,0.03686348016244923,0.0005039172058747302,0.4678456591639871,0.023026934120027907,252,371,360,384
BOOMER / TABITHA SMITH,0.07091533895657606,0.004745951245747959,0.4922343533753652,0.03671936052310312,93,74,134,165
BOOMSLANG / ,0.013901905654482974,2.224620230005306e-05,0.4361629649816051,0.014287298906610865,824,1552,847,731
BOONE,0.004842236800999687,3.625886070440949e-07,0.3716475095785441,0.001923390333050352,2327,3306,3467,3413
BORAKU,0.001718213058419244,0.0,0.3418228415825725,0.0009232180378397289,4561,4067,5720,4722
BORA,0.006248047485160887,4.179813215841709e-06,0.4324506890029722,0.009087315360809898,1895,2399,923,1136
BORROB,0.001718213058419244,0.0,0.34209682590573903,0.00027599914249294027,4561,4067,5690,5941
"BORROUGHS, CHARLES C",0.003436426116838488,5.808453991712696e-06,0.3694385134745225,0.001582843740170458,3010,2226,3754,3753
"BOSCO, ELAINE",0.0015620118712902217,4.8912729944824515e-06,0.3722309436595151,0.001255109683171157,4812,2321,3400,4200
BOSHLOVOR,0.0014058106841611997,0.0,0.3818669847897405,0.0017640590757539074,5057,4067,2728,3556
"BOUDREAUX, BELLA DON",0.012027491408934707,0.00032421886016248944,0.3943089430894309,0.006151044844775501,984,475,2069,1603
"BOUDREAUX, MARIUS",0.003436426116838488,0.0,0.34015195791934544,0.0004299541443093772,3010,4067,5799,5566
BOULDER / ,0.002967822555451421,3.2089154926773817e-06,0.3663309681849393,0.0014940782748248324,3351,2531,4099,3874
BOUNCER,0.0015620118712902217,0.0,0.36466165413533835,0.0014520779796394717,4812,4067,4241,3918
BOUNTY II,0.007653858169322086,5.258254746426875e-05,0.4321004319654428,0.007903162664317837,1561,1132,929,1294
BOUNTY,0.0021868166198063103,1.3527528750682325e-05,0.3890374331550802,0.002931715830199146,4042,1773,2297,2704
BOVA,0.021868166198063105,0.0004763577681867155,0.44231034959237253,0.018186267939081357,499,384,734,537
"BOWDEN, DENNIS",0.0015620118712902217,0.0,0.3394125755487223,0.000577674806519954,4812,4067,5823,5335
"BOWEN, FATHER MICHAE",0.010934083099031553,6.581414675273478e-05,0.4469109947643979,0.011910403732043726,1098,1037,655,874
"BOWMAN, MAJ.",0.001718213058419244,0.0,0.40941357037794973,0.004026222672850441,4561,4067,1491,2208
BOX II / JERRY JAXXON,0.0021868166198063103,0.0,0.35819392379566944,0.0021012030090214674,4042,4067,4614,3241
BOX IV / MADISON JEFFR,0.023586379256482347,0.0004410067955343372,0.45024263309656093,0.018317421066343164,446,403,601,529
BOX / ROGER BOCHS,0.012808497344579818,3.643392835260702e-05,0.45741640468705347,0.01573611109223716,904,1292,488,653
"BOYD, TWO-FISTED TOM",0.0018744142455482662,0.0,0.370186191742801,0.0023388348222838466,4385,4067,3626,3061
"BRADDOCK, ELIZABETH",0.0006248047485160887,0.0,0.33664615870011044,0.00022247059780569406,6020,4067,5905,6042
"BRADDOCK, JAMES",0.0018744142455482662,4.1476965719688774e-06,0.35444579780755175,0.0010181211623587223,4385,2404,4828,4549
"BRADDOCK, JAMES JR.",0.004373633239612621,1.1157704606669778e-05,0.38925031920715025,0.0028778711502394938,2505,1870,2290,2737
"BRADDOCK, JOHN",0.0014058106841611997,0.0,0.33921475123191863,0.0005526862375489506,5057,4067,5836,5368
"BRADLEY, CARRIE",0.0031240237425804434,8.585035494852105e-08,0.3515650741350906,0.0006000368893109548,3214,3638,5066,5262
"BRADLEY, HANK",0.002499218994064355,0.0,0.3886359497359315,0.0027808784919948356,3730,4067,2323,2795
"BRADLEY, JESSICA",0.0007810059356451108,0.0,0.3365930599369085,0.00022041791840365238,5841,4067,5912,6055
BRAHAMS,0.0012496094970321774,0.0,0.33488518072919393,0.0005090499506037905,5271,4067,5989,5441
BRAHMANES,0.0009372071227741331,0.0,0.34596055120237773,0.00047490385275219063,5676,4067,5375,5499
BRAIN CELL / ,0.0015620118712902217,0.0,0.3663100074383475,0.0023446465366167087,4812,4067,4102,3058
BRAINCHILD,0.01358950328022493,2.901815433744413e-05,0.4412737799834574,0.01398547646794356,850,1395,748,751
BRAIN DRAIN / WERNER S,0.010465479537644486,4.5584838671553126e-05,0.4258631011774097,0.010801168805367679,1156,1193,1031,955
BRAINSTORM / ,0.0006248047485160887,0.0,0.36755080950740615,0.0009872083365863296,6020,4067,3951,4617
BRAINY,0.004373633239612621,3.5406327201126865e-07,0.3477457903313417,0.0013797791562899337,2505,3316,5270,3998
"BRAITHWAITE, JUDGE R",0.0031240237425804434,3.873771165485848e-05,0.3708724365658672,0.0013706704795078165,3214,1272,3550,4023
BRAMER,0.0039050296782255542,5.404039127197072e-08,0.3705933429811867,0.0019409978997485917,2721,3733,3581,3398
"BRANDEIS, CAMMY",0.0012496094970321774,3.59594193810673e-07,0.3618584671037757,0.0008932007528744875,5271,3310,4413,4779
"BRANDEIS, LIZ PARRIS",0.0009372071227741331,0.0,0.36079801623083857,0.0007836039056629886,5676,4067,4458,4944
"BRANDEIS, PROF. HENR",0.0009372071227741331,0.0,0.36079801623083857,0.0007836039056629885,5676,4067,4458,4945
"BRANDT, ELLEN",0.003436426116838488,5.053456298045767e-05,0.3900328987449738,0.002455866547637998,3010,1145,2248,2984
"BRANNEX, ALLESSANDRO",0.0021868166198063103,0.0,0.3759469140877327,0.0017010158689357707,4042,4067,3137,3615
BRANNEX,0.0010934083099031551,0.0,0.3722309436595151,0.0009123376639232808,5492,4067,3400,4748
BRANSON,0.001718213058419244,1.0845610035169656e-08,0.37812296970054926,0.0013364993585331748,4561,3941,2961,4077
BRASS BISHOP / ,0.0037488284910965324,1.4182708116355213e-06,0.3480293558032074,0.0017185010391779505,2830,2883,5255,3600
BRASS / SEAN WATANABE,0.0010934083099031551,0.0,0.3619402985074627,0.000671517783337631,5492,4067,4399,5133
BRAWLER,0.0006248047485160887,0.0,0.3616949152542373,0.000728268645677522,6020,4067,4421,5036
"BRAWN, HUNTER",0.0031240237425804434,3.50284824654564e-08,0.3438792501477145,0.001222528709782431,3214,3810,5575,4247
"BRAWN, TRISTAN",0.00499843798812871,3.3510402333147197e-06,0.3660586654468523,0.0024165706691423464,2281,2506,4132,3006
BREAKER / RAAK,0.0020306154326772885,4.986989970379922e-07,0.34131257663805514,0.0005848845701242898,4200,3225,5742,5303
BREEGAN,0.0007810059356451108,0.0,0.34065875591975736,0.0002783800784421034,5841,4067,5777,5930
BRES,0.0039050296782255542,2.8612828428677584e-06,0.40198417681778226,0.00457996264774973,2721,2586,1724,2034
"BREWER, AMY",0.0023430178069353325,1.5133703236924291e-06,0.360168776371308,0.0025108856053593412,3856,2853,4503,2952
"BREWER, DR. MELINDA",0.0006248047485160887,2.1863823565937943e-08,0.3524360033030553,0.0005664448279454759,6020,3880,4967,5352
"BRICKFORD, CLAY",0.004842236800999687,1.071679609230214e-05,0.37816764132553604,0.0033510353584319465,2327,1887,2958,2504
"BRICKMAN, GLORIA",0.002499218994064355,3.2853587229950497e-06,0.40462646947288583,0.0026141907179712334,3730,2522,1638,2889
"BRICKMAN, SEN. MILES",0.0078100593564511085,7.417415544633878e-05,0.42093497271352487,0.006022966455334419,1526,982,1156,1621
"BRIDGE, GEORGE WASHI",0.044048734770384255,0.0029901999908073717,0.4734856889283337,0.023294094088191015,197,111,299,377
"BRIGGS, AGENT STEPHA",0.004061230865354577,5.748395824142139e-06,0.36191983718695236,0.0013313403318973595,2650,2234,4404,4084
"BRIGGS, AGENT",0.0015620118712902217,1.2998492924424117e-07,0.3441380422512498,0.0011340463338403268,4812,3561,5550,4378
BRIGHTSWORD / CARTER D,0.011090284286160575,0.0001642840794339952,0.3920872121509064,0.005346298888511605,1080,674,2165,1810
BRIGHTWIND,0.01952514839112777,5.007315827977496e-05,0.4372353503619724,0.017860115466600716,575,1147,825,550
"BRINKE, NIOMI",0.0014058106841611997,0.0,0.35717473778174513,0.0008895351657465567,5057,4067,4684,4787
BRIQUETTE / ,0.0021868166198063103,0.0,0.3639361036893866,0.0016618629224911105,4042,4067,4278,3655
BROADSIDE,0.004373633239612621,4.77030259989779e-07,0.37883898455529913,0.0042014258849246465,2505,3231,2899,2155
"BROGIN, BULL",0.005467041549515776,8.365934399887427e-07,0.38307802776448063,0.0046711677453455756,2133,3067,2641,2003
BROKEN MAN,0.00046860356138706655,0.0,0.3257186466547952,0.00011520921497253447,6167,4067,6200,6298
BROKER,0.001718213058419244,0.0,0.3701005896635449,0.0013729213377239654,4561,4067,3656,4011
BROMINE,0.003436426116838488,0.0,0.34125799573560767,0.0012619172667664219,3010,4067,5745,4187
"BROMWELL, DR.",0.008903467666354263,1.6433406171719393e-05,0.41961067051189616,0.007815406419178864,1370,1684,1188,1308
BRONA,0.004529834426741643,8.817869239173289e-07,0.3732509328358209,0.0030405571765182494,2437,3046,3313,2650
"BROOKS, ANNA",0.0014058106841611997,1.1646289883993687e-07,0.385129038079769,0.0016328091363417645,5057,3585,2531,3700
BROOP,0.0032802249297094657,5.21123011072966e-07,0.36950248181923123,0.0018473428592522144,3094,3219,3748,3486
BROTHER AXE,0.0007810059356451108,0.0,0.26313193588162764,6.801187545609133e-06,5841,4067,6394,6386
BROTHER CAESAR,0.001718213058419244,0.0,0.34343651091679633,0.0005081514236940378,4561,4067,5596,5453
BROTHER ROYAL,0.004529834426741643,4.539424277694799e-06,0.4084731704204683,0.007758678310176071,2437,2364,1526,1311
BROTHERS GRIMM II / BA,0.014214308028741018,0.00010360505305717045,0.4255234297108674,0.011629478509532684,803,840,1040,894
BROTHERS GRIMM,0.0009372071227741331,4.0663400127362017e-07,0.3516423157200923,0.0005965273500368838,5676,3275,5046,5273
BROTHER STEPHEN,0.00031240237425804435,0.0,0.3242011444776422,0.0001171150520074343,6269,4067,6224,6294
BROTHER TODE,0.006404248672289909,9.287143028977433e-06,0.3774541595424798,0.0035172513573595993,1854,1965,3010,2443
BROTHER VIRGIL,0.0020306154326772885,4.116616330740483e-08,0.34347336230484465,0.0005855820497373147,4200,3780,5593,5301
BROTHER VOODOO / DANIE,0.02796001249609497,0.0013756077844605523,0.47573753436873,0.027536895745272818,361,207,278,283
BROTHER VOODOO | MUT,0.007497656982193065,0.0,0.34513989972505255,0.00036711039563783697,1588,4067,5422,5715
BROTHER WONDERFUL / DR,0.0021868166198063103,2.536020848334836e-07,0.37285963890506696,0.001227310561916429,4042,3420,3342,4239
"BROWN, ABE",0.007497656982193065,7.697878539379901e-05,0.3974916180305476,0.003908326578802807,1588,969,1915,2259
"BROWN, FRANK",0.0039050296782255542,2.7512895416434463e-07,0.389747960550347,0.003239567688874876,2721,3385,2258,2555
"BROWN, LAURA",0.009215870040612308,0.00010640348774008614,0.447817571348629,0.011067358823144505,1318,829,643,934
"BROWN, MINDY MCPHERS",0.009059668853483286,6.71935830359313e-05,0.4138867339022498,0.006813750212418241,1347,1031,1346,1479
BROWSER,0.001718213058419244,0.0,0.3569556732645665,0.0013465948108383249,4561,4067,4698,4071
"BRUKNER, DR. FRANK",0.0006248047485160887,0.0,0.3544654227340679,0.000554552996798357,6020,4067,4827,5366
"BRUKNER, ILANEY",0.002655420181193377,6.542734479719764e-06,0.34785916105194525,0.0004934486917513377,3591,2159,5264,5479
BRUNNHILDE / MCM-XLI (,0.002499218994064355,6.748539731767412e-08,0.381162181471779,0.0018712731401738384,3730,3693,2763,3463
BRUNO,0.00046860356138706655,0.0,0.3517389154442064,0.00033992172507597027,6167,4067,5021,5777
BRUTACUS,0.006872852233676976,2.3702078026745683e-05,0.41925343811394894,0.007462353419200968,1733,1509,1198,1366
BRUTE II / ,0.0032802249297094657,2.0321580929672456e-08,0.3504488723450843,0.0017900691417574706,3094,3894,5148,3534
BRUTE | MUTANT X-VER,0.01936894720399875,0.00027692277532938997,0.36712925794242457,0.0015517435809007016,582,509,3994,3793
BRUTE / REED RICHARDS,0.004373633239612621,7.980992175807054e-07,0.37661038884640274,0.004106458504394149,2505,3083,3069,2185
BRUTO THE STRONGMAN / ,0.011558887847547642,4.094688553364083e-05,0.44051469070391525,0.011082684287416345,1023,1248,760,931
BRUTUS,0.004373633239612621,4.149985176429673e-08,0.405318138651472,0.006649269185427744,2505,3772,1620,1521
BRUTUS II,0.004529834426741643,1.0573396570139423e-07,0.38970051132213296,0.005137641589465221,2437,3604,2262,1880
BRUTUS KLOR,0.002499218994064355,0.0,0.3541908713692946,0.0008778693727785987,3730,4067,4844,4802
"BRYCE, ARCHER",0.0020306154326772885,0.0,0.37169066418950303,0.0016719208476521418,4200,4067,3458,3634
"BUCHANAN, SAM",0.0032802249297094657,7.2369952375120025e-06,0.3790184121721627,0.0017969891357997093,3094,2113,2883,3530
"BUCHETTO, SALVATORE",0.0014058106841611997,0.0,0.3663519313304721,0.0011694059127355667,5057,4067,4097,4324
"BUCHOVITZ, STANLEY &",0.002655420181193377,0.0,0.3681214421252372,0.002084297651885939,3591,4067,3877,3260
"BUCKMAN, EDWARD",0.0014058106841611997,0.0,0.33921475123191863,0.0005526862375489506,5057,4067,5836,5368
"BUCKNER, GRANT",0.0031240237425804434,4.07586570480299e-08,0.3713241691317209,0.0016174610640709666,3214,3782,3506,3723
BUCKY / BUCKY BARNES,0.020930959075288972,0.0004891382705241946,0.42782678428227744,0.014330613150998728,527,374,991,726
BUCKY II / FRED DAVIS,0.0067166510465479536,4.225195552684731e-06,0.38455069678039405,0.003825357706555332,1774,2396,2567,2301
BUCKY VI / ,0.005935645110902842,4.334514711768226e-05,0.39613885279376276,0.0028195146618115335,1994,1216,2000,2774
BUCKY VII / RIKKI BARN,0.008434864104967197,0.00032956496624576484,0.4368773031254265,0.01033396319558993,1439,469,831,995
BUEL,0.0021868166198063103,2.5747940828528e-07,0.37656608434797956,0.0017781060144367927,4042,3418,3072,3552
BUG,0.005623242736644799,3.122671002513031e-05,0.36924674126196794,0.0020627025804938574,2087,1361,3764,3283
"BUKOWSKI, BUCK",0.0018744142455482662,4.811757412120865e-06,0.3844121532364597,0.0017677346115684662,4385,2326,2576,3555
BULLDOZER / HENRY CAMP,0.027647610121836926,0.00020085182256065107,0.46897663174858983,0.025707144696542172,365,611,348,316
BULLET BIKER,0.0021868166198063103,1.3165698443292838e-07,0.3558841514258714,0.0008465571292716538,4042,3554,4745,4857
BULLET,0.004529834426741643,7.300998643361249e-06,0.3944304109420245,0.0030431495640326125,2437,2109,2067,2647
BULL,0.0007810059356451108,0.0,0.3773651635720601,0.0012749472563962968,5841,4067,3015,4152
BULLSEYE II / BENJAMIN,0.014526710402999063,0.0005489598731091437,0.4283420313127258,0.0074928373875868025,786,350,978,1356
BULLSEYE | MUTANT X-,0.001718213058419244,0.0,0.3444528139459809,0.00029475993801281755,4561,4067,5530,5900
BULLSEYE,0.00046860356138706655,0.0,0.3496450027307482,0.0005211786949794118,6167,4067,5189,5417
BULWARK / ,0.002655420181193377,0.0,0.34787806335923493,0.0012694592292320996,3591,4067,5262,4160
BUMPKIN,0.0032802249297094657,0.0,0.3580937465040832,0.0017828668605943026,3094,4067,4622,3543
"BUMPO, MR.",0.0012496094970321774,0.0,0.3352534562211982,0.00015485482889220957,5271,4067,5961,6219
"BUNYAN, PAUL",0.0037488284910965324,0.0,0.397639751552795,0.005395117576315077,2830,4067,1904,1790
"BURGOS, CARL",0.0009372071227741331,0.0,0.36788874841972186,0.0013018187484600944,5676,4067,3905,4110
BURKE,0.00499843798812871,3.8441267134752e-06,0.36820613101742683,0.0023332293242265367,2281,2444,3867,3070
"BURKE, GWYNETH",0.0018744142455482662,5.169914785114663e-06,0.35811377747944284,0.000837315840882263,4385,2287,4619,4876
"BURKE, JACK",0.0018744142455482662,5.169914785114663e-06,0.35811377747944284,0.0008373158408822635,4385,2287,4619,4875
"BURKE, JOB",0.0018744142455482662,5.169914785114663e-06,0.35811377747944284,0.0008373158408822646,4385,2287,4619,4874
"BURKE, RICKY",0.002499218994064355,0.0,0.34411954418404644,0.0010349046229114393,3730,4067,5556,4496
"BURKE, THERESA TRACY",0.004061230865354577,1.557181125673349e-05,0.3843198463200864,0.0024293829963229333,2650,1706,2582,3000
"BURLEY, MIKE",0.004217432052483598,8.671604479518353e-06,0.3856626506024096,0.002010204369243056,2569,2003,2505,3340
"BURLINGAME, CALVIN",0.0023430178069353325,0.0,0.38003086786180695,0.001686716692463752,3856,4067,2830,3623
BURNING PUDDLE,0.0015620118712902217,0.0,0.36903389439704865,0.0014786064827852527,4812,4067,3784,3889
"BURR, CLAYTON",0.0032802249297094657,2.483429292346629e-06,0.3536039768019884,0.0007140634651032566,3094,2662,4881,5059
"BURRTHROP, T. BARTON",0.00359262730396751,0.0,0.3893923727267198,0.003440930469010407,2918,4067,2284,2472
BURST / ,0.0031240237425804434,0.0,0.3531943065210195,0.0014546563755031903,3214,4067,4910,3914
"BUSH, GEORGE",0.010621680724773508,3.4474499255563e-05,0.4385532264693794,0.012316001035341083,1131,1314,798,849
"BUSHKIN, BARNEY",0.01077788191190253,4.6485869421342665e-05,0.3998750780762024,0.005746747668906285,1109,1181,1812,1688
"BUSHMAN, RAOUL",0.0039050296782255542,6.86922080610215e-05,0.37283792440743113,0.000935593266220151,2721,1014,3346,4685
BUSHMASTER II / QUINCY,0.01499531396438613,0.0001642061512224332,0.432947859606411,0.012094107558816724,759,678,910,863
BUSHMASTER / JOHN MCIV,0.004529834426741643,6.728822629670152e-05,0.3971710403871208,0.004160698269788731,2437,1030,1943,2171
BUSHWACKER / CARL,0.010153077163386441,0.00011684615966591421,0.4224905959215997,0.006694642431402211,1193,792,1117,1506
"BUSIEK, KURT",0.0020306154326772885,0.0,0.3837899406510401,0.002186731807948328,4200,4067,2603,3178
BUTCH,0.015932521087160263,6.974300045219874e-05,0.45036932817446357,0.014996946861164963,718,1007,599,693
BUTTERFLY,0.0031240237425804434,2.7993590093474616e-08,0.3715827964478496,0.0017817249514952822,3214,3845,3483,3546
BUTTONS,0.0015620118712902217,7.669062808014296e-08,0.3640602786465738,0.0008209807282967061,4812,3667,4271,4895
BUX,0.00359262730396751,2.7741550363699602e-05,0.3796702645000593,0.0017512610983031875,2918,1433,2850,3566
BUZZARD,0.0020306154326772885,0.0,0.33953858392999203,0.0004383866061175971,4200,4067,5806,5559
BUZZ,0.01296469853170884,0.00010385018419031237,0.3911290322580645,0.004397148920445576,893,838,2208,2090
"BYRD, NATHANIEL ALEX",0.003436426116838488,1.0575383376751868e-05,0.36138865368331924,0.001363745030529079,3010,1897,4441,4040
"BYRD, SEN. HARRINGTO",0.007653858169322086,4.2583263795286324e-05,0.3998750780762024,0.005565495425996382,1561,1232,1812,1741
BYREL,0.0018744142455482662,0.0,0.32058087130696045,0.0006098631207967216,4385,4067,6268,5245
"BYRNE, JOHN",0.0067166510465479536,5.1210515983353776e-06,0.40193370165745856,0.007747049226727286,1774,2293,1726,1313
"BYRNES, GAYLE WATSON",0.005779443923773821,5.655008608369616e-06,0.39670343289131244,0.003922152864450835,2050,2245,1971,2251
"BYRNES, TIM",0.0039050296782255542,2.7512895416434463e-07,0.389747960550347,0.003239567688874873,2721,3385,2258,2557
BYRRAH [ATLANTEAN],0.007341455795064043,2.9188056915916074e-05,0.4000249937515621,0.0055179383217422925,1640,1392,1804,1764
BYRRAH | HEROES REBO,0.0007810059356451108,0.0,0.34065875591975736,0.00027838007844210297,5841,4067,5777,5933
"CABE, BETHANY",0.017806935332708527,0.00011667556567374168,0.42346871279269743,0.012217393097135142,644,794,1092,853
CABER,0.005779443923773821,1.8718250637959164e-06,0.37001502716448964,0.003549668445149884,2050,2772,3677,2422
CACHE,0.0023430178069353325,6.548268184000768e-07,0.38652418040210107,0.0020959890701484104,3856,3143,2448,3247
"CACHES, FABIAN",0.0010934083099031551,0.0,0.3659749614131367,0.0006473840384985648,5492,4067,4143,5179
"CACHES, PROF. MARINA",0.004686035613870665,8.381419566144702e-07,0.37012198647164246,0.0019776100685516694,2377,3065,3649,3370
CACTUS,0.0020306154326772885,9.639243724731565e-08,0.37652179027230487,0.0025363742019613167,4200,3618,3076,2934
CADAVER,0.0015620118712902217,0.0,0.3346576058546785,0.000810532792789901,4812,4067,5998,4907
CADMIUM,0.00937207122774133,3.837596800048502e-05,0.3935817041682036,0.0045751836780689665,1293,1274,2102,2038
CADUCEUS,0.0067166510465479536,8.753860000430754e-05,0.38492063492063494,0.0029845320880639435,1774,898,2542,2678
CAESAR,0.0020306154326772885,4.116616330740483e-08,0.34347336230484465,0.0005855820497373153,4200,3780,5593,5300
"CAESAR, JONATHAN",0.007497656982193065,5.312964768854373e-06,0.3976891539321655,0.004681421929477109,1588,2275,1902,1999
"CAESAR, JULIUS",0.0010934083099031551,0.0,0.35544944755982455,0.0009866831316715638,5492,4067,4768,4619
"CAGE, LUKE / CARL LUCA",0.09543892533583255,0.008725113744336164,0.5171661685111884,0.06012470336451191,54,41,47,53
"CAGLIOSTRO, ALESSAND",0.004529834426741643,4.970692114311576e-06,0.4066052715147666,0.004910792281080886,2437,2314,1582,1936
"CAIRN, DET.",0.0014058106841611997,4.962368013900082e-08,0.37040037028465633,0.0009819043583925908,5057,3747,3597,4626
CALCULUS / JAHAHAREL P,0.008903467666354263,0.00029911839603249864,0.40611519918802336,0.004976411710172851,1370,492,1596,1925
"CALDERONE, HANNAH",0.002499218994064355,0.0,0.34540059347181007,0.0014013980947705615,3730,4067,5403,3976
"CALDRONE, JAVIER",0.005779443923773821,1.741617293304874e-05,0.42456396312752837,0.006879912275333334,2050,1653,1064,1468
CALEDONIA / ALISANDE S,0.011246485473289597,4.808191106446913e-05,0.4384931506849315,0.009685803758128874,1063,1165,799,1081
CALIBAN / ,0.0345204623555139,0.0005221502241503584,0.4700785667082752,0.02552543606365795,281,360,336,320
CALIFORNIUM,0.005935645110902842,0.0,0.3930500982318271,0.004246168681860293,1994,4067,2123,2146
"CALKIN, SUSAN",0.0012496094970321774,0.0,0.3547010914732118,0.0008020488505843551,5271,4067,4805,4918
"CALLAGHAN, JAMES",0.0014058106841611997,6.100655644782932e-09,0.3823459149546106,0.0013445624985787556,5057,4008,2692,4073
"CALLAHAN, MIKE",0.0009372071227741331,0.0,0.36641483516483514,0.0007980744374584864,5676,4067,4088,4922
CALLISTO,0.030459231490159323,0.000354548327589679,0.449989456666901,0.021459754096156247,324,453,607,425
CALLISTO | MUTANT X-,0.002655420181193377,0.0,0.34456404736275564,0.0003063079697066288,3591,4067,5504,5857
CALUMET,0.0010934083099031551,0.0,0.35133355284820544,0.0004886927720984753,5492,4067,5082,5484
CALYPSO,0.005779443923773821,1.3665134084277217e-05,0.3791530944625407,0.0031410446539782,2050,1768,2876,2588
"CAMBRIDGE, MOXIE",0.0012496094970321774,0.0,0.35464214491469087,0.0007104915010216719,5271,4067,4809,5067
"CAMPBELL, DR. RORY",0.015932521087160263,8.467937457091009e-05,0.4325091203891366,0.012766715795526564,718,921,922,823
"CAMPBELL, MEREDITH",0.0039050296782255542,7.336548461250544e-07,0.3718633828996282,0.0019451676383964243,2721,3114,3437,3394
"CAMPBELL, VALERIE",0.0006248047485160887,0.0,0.33664615870011044,0.00022247059780569384,6020,4067,5905,6043
CANCELLATOR,0.0028116213683223993,0.0,0.3716259360306496,0.0032613962810553,3463,4067,3470,2545
CANCER II / ,0.0039050296782255542,0.0,0.34248114267372815,0.0012164746784806457,2721,4067,5658,4263
CANCER / JACK KLEVENO,0.006560449859418931,3.312646898382057e-06,0.40406463014390304,0.006720536403840202,1811,2516,1659,1498
CANDLEMAS / ,0.0023430178069353325,0.0,0.36670867224195214,0.0017229919388704238,3856,4067,4055,3595
"CANDLER, OWEN",0.0012496094970321774,0.0,0.3802791802791803,0.002093568031508439,5271,4067,2816,3250
CANDRA,0.00499843798812871,1.2453938377584023e-05,0.3649318816622015,0.0019312643835879197,2281,1820,4216,3404
CANDY,0.00999687597625742,9.942487596721258e-06,0.4103583103647202,0.006945492283513932,1215,1930,1454,1453
CANE / ,0.0015620118712902217,0.0,0.33528857232638526,0.00018961203069339008,4812,4067,5954,6115
CANNONBALL II / SAM GU,0.10590440487347703,0.00867010815333566,0.5137629403739667,0.05491715488487935,47,42,50,65
CANNONBALL / JACK PULV,0.020618556701030927,0.00012485044298211838,0.4644852354349561,0.021051998612421366,536,765,412,437
CANNONBALL / SAM GUTHR,0.002499218994064355,6.98201185991452e-07,0.36335773880469946,0.001201402348674977,3730,3128,4315,4278
"CANTOR, VERA",0.02655420181193377,0.00027182101796332175,0.47289112128822575,0.023077456460429288,385,517,307,383
CAPRICORN II / ,0.0039050296782255542,0.0,0.34248114267372815,0.001216474678480646,2721,4067,5658,4262
CAPRICORN / WILLARD WE,0.0078100593564511085,9.105495377760817e-06,0.40991164041490585,0.007469734475962746,1526,1973,1469,1361
CAPTAIN AMERICA,0.29975007810059356,0.05596671589099798,0.5861027190332326,0.11424007133577507,1,2,1,1
CAPTAIN AMERICA DOPP,0.020462355513901905,2.491192343306324e-05,0.46777729066199036,0.024139207283839895,540,1480,362,358
CAPTAIN AMERICA IV / S,0.006560449859418931,2.0329585724781544e-05,0.40254024144869216,0.00501058104066682,1811,1583,1705,1912
CAPTAIN AMERICA | MU,0.013901905654482974,0.00015773782022940677,0.366393864820008,0.0015084685594260376,824,687,4090,3859
CAPTAIN AMERICA V / RO,0.004373633239612621,2.726886259478212e-06,0.3981590894956154,0.0035847673385311384,2505,2608,1890,2410
CAPTAIN BARRACUDA,0.0028116213683223993,1.496203497604685e-05,0.3992516370439663,0.004371783219105151,3463,1728,1837,2095
CAPTAIN BRITAIN 2013,0.0012496094970321774,0.0,0.3367169831168148,0.0002181053035075339,5271,4067,5897,6074
CAPTAIN BRITAIN / BRIA,0.0732583567635114,0.006756637231726222,0.5073302163404391,0.053437867346907586,85,53,70,70
CAPTAIN FATE,0.00015620118712902218,0.0,0.3259010384850336,0.00010119235576290231,6354,4067,6187,6315
CAPTAIN GLORY,0.0006248047485160887,0.0,0.2655109489051095,1.652561130907713e-06,6020,4067,6386,6402
CAPTAIN HAWK,0.008278662917838176,0.00010896724064020229,0.4346822379141771,0.008106508118276021,1467,820,861,1273
CAPTAIN HIP / FRED MAC,0.007966260543580132,4.605787112230039e-05,0.3865008452064719,0.00284071151933891,1509,1190,2450,2759
CAPTAIN MANHATTAN,0.0014058106841611997,0.0,0.3505448173903521,0.0009214780834518967,5057,4067,5140,4726
CAPTAIN MARVEL / CAPTA,0.040456107466416744,0.0005418465593115669,0.4844494892167991,0.03561599080677291,222,352,198,184
CAPTAIN MARVEL III / G,0.022492970946579195,0.0015546500951240892,0.4219615080411284,0.014263602808813709,481,192,1129,732
CAPTAIN MARVEL II / MO,0.08622305529522024,0.0019556212282096194,0.5106484804977267,0.06085963463891243,63,162,59,49
CAPTAIN POWER / DR. CH,0.0015620118712902217,5.37565019134496e-09,0.3662471395881007,0.001047652614764964,4812,4023,4108,4480
CAPTAIN RECTITUDE,0.0009372071227741331,0.0,0.36786760903292537,0.001198890208618538,5676,4067,3908,4291
CAPTAIN TERROR / DAN K,0.0021868166198063103,2.3226410679791778e-07,0.37012198647164246,0.0010184405787763099,4042,3444,3649,4546
CAPTAIN U.K. / LINDA M,0.0060918462980318645,4.322078971843346e-06,0.36755080950740615,0.0037068548664759503,1940,2386,3951,2352
CAPTAIN ULTRA / GRIFFI,0.009215870040612308,5.099463131230443e-06,0.4214060031595577,0.009450303000195028,1318,2303,1147,1103
CAPTAIN UNIVERSE / STE,0.0007810059356451108,1.2873646066908186e-07,0.3527078397884414,0.0006191513364341246,5841,3563,4940,5225
CAPTAIN WINGS / ,0.0020306154326772885,0.0,0.375968992248062,0.001112430043767912,4200,4067,3128,4398
"CAPUTO, DR. JULIA",0.005779443923773821,9.124316640115462e-07,0.37275109170305676,0.0026260159694208125,2050,3033,3350,2876
CARBON,0.005935645110902842,7.452221201640424e-07,0.39719568184638293,0.0055223558517325695,1994,3096,1929,1749
"CARBONE, JULIUS",0.0010934083099031551,0.0,0.3427928892696509,0.00033646655540029894,5492,4067,5636,5800
"CARBONE, ROSALIE",0.0021868166198063103,4.439899901852682e-06,0.34292142053671865,0.000341712541465535,4042,2376,5629,5768
"CARBONE, SALVATORE",0.0010934083099031551,0.0,0.3427928892696509,0.00033646655540029905,5492,4067,5636,5799
"CARDENAS, PACO",0.0009372071227741331,0.0,0.3386584849767245,0.0002347574014557634,5676,4067,5846,6019
CARDIAC / DR. ELI WIRT,0.011090284286160575,7.624618965169611e-05,0.42428258996620055,0.00788810569695267,1080,970,1067,1299
CARDINAL / CLEMDENON,0.015463917525773195,7.619634764278325e-05,0.4014296463506396,0.008054520274558856,735,971,1743,1279
"CARDINALE, CARLOS",0.0015620118712902217,0.0,0.32933792890580793,0.0002536211286546576,4812,4067,6096,5991
CAREGIVER / RUBANNA LA,0.004061230865354577,4.792342712853025e-06,0.4052668228144584,0.004822600600473921,2650,2328,1623,1954
CARETAKER,0.0014058106841611997,0.0,0.35456357997341603,0.0005952738786576185,5057,4067,4819,5280
CARGIL / JOANNA CARGIL,0.03514526710402999,0.00040444717544516496,0.4531426953567384,0.02639001954642167,273,418,545,308
CARGO,0.0015620118712902217,0.0,0.3627606527651859,0.0005791092579147972,4812,4067,4357,5325
CARINA / CARINA WALTER,0.006404248672289909,1.8330366184710902e-06,0.4363710721832186,0.009679039416385692,1854,2787,841,1083
"CARLISLE, JENNA",0.004217432052483598,0.0,0.37716507599858606,0.0026099733631398106,2569,4067,3036,2892
"CARLISLE, MELISSA BO",0.0028116213683223993,3.0865944712868985e-08,0.3489208633093525,0.0013057838256640164,3463,3825,5221,4104
"CARLISLE, PHILLIP",0.006872852233676976,3.931248731001555e-05,0.41576828159501233,0.005342883008422636,1733,1262,1288,1814
"CARLTON, JAKE",0.0015620118712902217,0.0,0.36769858135661365,0.0010966127422404686,4812,4067,3930,4410
"CARLTON, LUCY",0.0015620118712902217,0.0,0.36769858135661365,0.0010966127422404684,4812,4067,3930,4411
CARLY,0.0012496094970321774,0.0,0.36899135446685877,0.0010284990951204772,5271,4067,3793,4516
"CARMODY, MARY",0.002967822555451421,0.0,0.34911113534736615,0.0005823268355001313,3351,4067,5200,5314
"CARMODY, MRS.",0.002655420181193377,0.0,0.368566493955095,0.001267028767541711,3591,4067,3832,4168
CARNAGE / CLETUS KASAD,0.01140268666041862,6.750910900890396e-05,0.4208519589797528,0.007017933437462966,1037,1024,1158,1441
CARNIVORE / COUNT ANDR,0.007029053420805998,3.365508689934564e-05,0.4220171390903098,0.007683966853924503,1704,1326,1128,1324
"CARPATHIAN, ANDREW",0.0010934083099031551,0.0,0.370186191742801,0.000920955012335323,5492,4067,3626,4732
"CARPENTER, LARRY",0.0078100593564511085,1.2103362340655214e-05,0.40881226053639846,0.0059442581653305765,1526,1834,1514,1636
"CARPENTER, RACHEL",0.01515151515151515,0.00010153802581009664,0.4382530120481928,0.01231906677436894,750,846,804,846
"CARRADINE, JESSICA J",0.006560449859418931,4.8050952225909535e-05,0.40386071158213477,0.0041073993520699004,1811,1167,1667,2184
"CARR, DAN",0.0012496094970321774,0.0,0.36899135446685877,0.0010284990951204777,5271,4067,3793,4515
"CARRERA, MIA",0.0031240237425804434,9.56825028220933e-07,0.3985060690943044,0.001968917298795573,3214,3023,1877,3378
CARRION,0.0028116213683223993,3.298408950837469e-07,0.3760352422907489,0.002165606949300399,3463,3341,3120,3191
CARRION III / DR. WILL,0.0009372071227741331,0.0,0.37416715371127995,0.0011854615592490688,5676,4067,3260,4298
CARRION II / MALCOLM M,0.006248047485160887,5.502533153672218e-06,0.3863842114792685,0.0030010655410065363,1895,2264,2457,2668
"CARSON, LT. PAUL",0.004373633239612621,6.28936085109752e-06,0.3925921383454958,0.003953093636915547,2505,2183,2143,2240
"CARTER, BRAD",0.0020306154326772885,1.2957844684146931e-05,0.37216602720613884,0.0012218565378037448,4200,1797,3405,4249
"CARTER, JIMMY",0.010309278350515464,2.823496046017683e-05,0.44970497330710874,0.012750982067772497,1172,1417,613,824
"CARTER, PEGGY",0.05263980006248047,0.001028316969972958,0.4820057220298148,0.03523447556532856,150,244,214,188
"CARTER, SHARON",0.04170571696344892,0.0016115848001420836,0.4696647347956863,0.026919906022701893,213,186,342,300
"CARTER, SHARON II",0.0007810059356451108,0.0,0.3719930273097037,0.0006911659402672277,5841,4067,3426,5111
"CARTER, TAD",0.003436426116838488,9.845393520979065e-07,0.3902230891137389,0.003953096218370788,3010,3009,2237,2239
CARTHUS,0.003436426116838488,8.114474182169323e-07,0.3589168582160677,0.0021264367354555135,3010,3080,4576,3214
CARVER,0.0007810059356451108,0.0,0.382780269058296,0.0009576097134084391,5841,4067,2664,4660
"CASE, COL. PRESTON",0.0060918462980318645,4.2571350273408626e-06,0.3946979038224414,0.004920539683417085,1940,2390,2046,1934
CASEY,0.0010934083099031551,0.0,0.3666876682513317,0.0017473143950672016,5492,4067,4061,3570
"CASIOLENA, QUEEN",0.0039050296782255542,8.517840432143536e-08,0.401530356246864,0.005600865400103145,2721,3640,1738,1731
CASPER,0.0021868166198063103,0.0,0.370614796804446,0.001602642385488026,4042,4067,3578,3737
"CASSADA, CARLOS",0.006560449859418931,4.128481282155735e-06,0.41557935735150925,0.005959962390105886,1811,2405,1296,1629
"CASSADA, MICHAEL",0.006404248672289909,3.99460451607886e-06,0.4155523821887576,0.00592755065021061,1854,2423,1297,1641
"CASSADA, ROBERTO",0.006404248672289909,3.99460451607886e-06,0.4155523821887576,0.005927550650210611,1854,2423,1297,1640
"CASSADA, ROSA",0.008122461730709154,1.0656602521389055e-05,0.42207278481012656,0.006907893499476618,1488,1891,1127,1465
CASSANDRA,0.002655420181193377,5.742961551670249e-09,0.3774764150943396,0.0031176999871903033,3591,4015,3007,2601
CASSIOPEIA,0.004373633239612621,5.592932780232809e-06,0.3825515386913654,0.0022954666451483804,2505,2252,2680,3095
"CASS, LARRY MAD DOG",0.003436426116838488,6.063135174149312e-06,0.3746927308907878,0.0017300176860869216,3010,2201,3222,3588
CATAPHRAX,0.004686035613870665,5.999840877956367e-06,0.39046108807026103,0.0038821582772246067,2377,2209,2226,2274
CAT BURGLAR,0.0023430178069353325,3.612220748595109e-07,0.3685028492488344,0.00153117612624608,3856,3309,3841,3834
CATHERWOOD,0.001718213058419244,5.226213122625531e-06,0.3780559820479509,0.0014640511095017521,4561,2281,2967,3905
CATHODE / ,0.0021868166198063103,1.3310521406799126e-08,0.342316329804299,0.0006496146412201677,4042,3918,5675,5175
CAT III / SHEN KUEI,0.0060918462980318645,0.00011003428610227923,0.40720010176822286,0.00416102150770885,1940,818,1559,2170
CAT II,0.0031240237425804434,7.298842765833412e-07,0.3974669398398212,0.003679791660429049,3214,3116,1918,2357
CAT IV,0.00046860356138706655,0.0,0.3531943065210195,0.000625076639578709,6167,4067,4910,5216
CAT KING,0.002967822555451421,5.181639527509785e-07,0.3974669398398212,0.004305967429899758,3351,3221,1918,2124
CAT MAN / HORGAN,0.006560449859418931,2.2273403527789662e-05,0.4336810730253353,0.008653696175860676,1811,1550,900,1181
CAT MAN III / ,0.0018744142455482662,0.0,0.3925199264255058,0.002125798807745451,4385,4067,2148,3216
CATSEYE / SHARON SMITH,0.012183692596063729,3.749293460347055e-05,0.39645776566757496,0.009146723440692795,970,1283,1981,1129
CATWALK / KIMBERLY DEE,0.0014058106841611997,5.819973391225558e-07,0.3771206409048068,0.0008430310701992353,5057,3174,3042,4862
"CAULDER, SAFRON",0.0009372071227741331,0.0,0.32456273764258553,0.00015571828783406884,5676,4067,6215,6212
"CEAUSECU, IONEL",0.0018744142455482662,0.0,0.3525330396475771,0.0005733849334223179,4385,4067,4954,5346
CELESTE,0.0009372071227741331,0.0,0.35098684210526315,0.0005435068302363208,5676,4067,5107,5384
"CELLANOS, MARCELLA",0.001718213058419244,0.0,0.3523972037210326,0.0007274820046088782,4561,4067,4971,5042
CENTARIUS,0.0031240237425804434,2.3574187633166776e-07,0.37275109170305676,0.0036116766253474963,3214,3438,3350,2392
CENTURIUS,0.0012496094970321774,5.238530555525468e-08,0.35112159271650306,0.0007449536155190759,5271,3742,5099,5004
CENTURY,0.016244923461418308,0.00012060067541098852,0.41412769260624877,0.009953796095781006,707,778,1341,1053
"CENTURY, TURNER D.",0.006404248672289909,1.0453586016004816e-05,0.3924236851783744,0.002839921279346155,1854,1906,2150,2760
"CERA, KAY",0.008278662917838176,3.22853422105377e-05,0.43160520461133955,0.008853005046725114,1467,1345,935,1159
CERANDA,0.004842236800999687,6.534472248839654e-06,0.3907232224595667,0.004760059304632511,2327,2161,2222,1973
CERBERUS,0.006404248672289909,8.791401003710273e-06,0.4189242245779348,0.008025911782990176,1854,1995,1212,1283
CERBERUS II,0.0014058106841611997,0.0,0.37641110065851363,0.0010132181839843353,5057,4067,3084,4559
CEREBRITE ALPHA,0.002655420181193377,6.458412367113179e-08,0.37050755252040046,0.003112252582020896,3591,3702,3589,2610
CEREBRITE BETA,0.0028116213683223993,2.2960089713660885e-07,0.37052899641162174,0.0031201193117831654,3463,3450,3588,2598
CEREBRO MARK XIII |,0.002967822555451421,0.0,0.34727420667209113,0.0004499166866073539,3351,4067,5299,5540
CEREBRO | MUTANT-X V,0.006560449859418931,4.197077955011237e-05,0.3634196185286104,0.0012656575453565255,1811,1239,4304,4173
CEREBRO,0.0037488284910965324,1.3162172157835998e-06,0.37102289191538684,0.003134080443577544,2830,2915,3536,2591
CERISE II [SHI'AR],0.02139956263667604,0.00016500522649241748,0.46190476190476193,0.020984900587192323,513,670,442,441
CERISE,0.002655420181193377,7.296671397711309e-08,0.37207950714866905,0.0027801668865389986,3591,3678,3412,2800
CESIUM,0.005935645110902842,0.0,0.3930500982318271,0.004246168681860292,1994,4067,2123,2148
CETHLANN,0.002499218994064355,0.0,0.3913681379141704,0.0030433869614508637,3730,4067,2195,2645
C.F.,0.0020306154326772885,1.0626048933065056e-07,0.32201599517126905,0.00015980723090579243,4200,3602,6260,6197
"CHADWICK, CHEER",0.004217432052483598,6.714490326898268e-06,0.3789511069018586,0.002222727795212131,2569,2149,2888,3162
"CHADWICK, DR. HESPER",0.004217432052483598,6.714490326898268e-06,0.3789511069018586,0.002222727795212132,2569,2149,2888,3160
CHAIN,0.004061230865354577,3.6237363317869604e-06,0.41528282304099634,0.004421111143419146,2650,2474,1304,2083
CHAINSAW / ,0.004061230865354577,8.520188089824189e-06,0.36470320154950436,0.0014780854935052274,2650,2015,4233,3894
CHAKA KHAN,0.0021868166198063103,3.081719937218477e-07,0.3452888193732808,0.000930981408571042,4042,3353,5414,4700
CHAKA KHAN II,0.0010934083099031551,0.0,0.3441380422512498,0.0007262535185970284,5492,4067,5550,5044
"CHAKARA, KANU",0.0023430178069353325,5.2109644086915755e-06,0.38383596138857246,0.002190543402950988,3856,2283,2601,3176
"CHAKARA, MADAN",0.0006248047485160887,0.0,0.3696091449685353,0.000482184837849111,6020,4067,3736,5493
CHAKRA,0.004686035613870665,3.1675014590497437e-07,0.3716259360306496,0.0019133507441132793,2377,3347,3470,3423
CHAKRA II,0.00015620118712902218,0.0,0.26144484828684605,2.3027234914340847e-06,6354,4067,6400,6398
"CHALIZ, HAZRAM",0.0023430178069353325,0.0,0.3683756257552218,0.0013717347797605613,3856,4067,3852,4013
"CHALIZ, SHANAZ RAYNA",0.0023430178069353325,0.0,0.3683756257552218,0.0013717347797605611,3856,4067,3852,4015
"CHALIZ, TABRIAZ",0.0023430178069353325,0.0,0.3683756257552218,0.0013717347797605618,3856,4067,3852,4012
"CHALKER, PROF. VIC",0.0039050296782255542,9.073136902801371e-07,0.3716259360306496,0.0026228708716933926,2721,3036,3470,2877
"CHALMER, JUDGE",0.0018744142455482662,2.3064271210416353e-07,0.35440655447298497,0.0008171124058051814,4385,3449,4833,4899
"CHALMERS, CYNTHIA",0.0015620118712902217,8.848952790553915e-09,0.3701005896635449,0.0022603926238996446,4812,3967,3656,3121
"CHALMERS, JUDGE ROBE",0.005935645110902842,5.369923173867918e-06,0.4250713764026293,0.008608564862798464,1994,2269,1052,1187
"CHALMERS, MR.",0.001718213058419244,1.9520547680965742e-07,0.3515843813498819,0.0007115486801832497,4561,3484,5061,5064
CHAMBER / JONOTHON STA,0.03295845048422368,0.0015226907751330176,0.4583333333333333,0.01831338059344193,294,195,479,530
"CHAMBERS, MR.",0.0067166510465479536,1.4361982997008867e-05,0.40831685694240705,0.006236672954493873,1774,1751,1531,1593
CHAMBLISS,0.0015620118712902217,0.0,0.33345486744101255,0.0005814286103937434,4812,4067,6010,5320
CHAMELEON / DMITRI SME,0.01936894720399875,0.00020607521466061996,0.45195905400635367,0.013586420440770783,582,602,572,772
"CHAMPION, IMUS",0.008747266479225241,7.565642728250209e-06,0.44504692387904066,0.012062455665494638,1390,2084,689,866
CHAMPION / TRYCO SLATT,0.009840674789128397,2.4285308502601644e-05,0.4507498415827642,0.013351306928610664,1240,1494,594,787
CHANCE,0.0031240237425804434,5.745880024069696e-07,0.37082947173308617,0.00316989291626375,3214,3182,3556,2577
CHANCE II / NICHOLAS P,0.008278662917838176,3.572288070758897e-05,0.3974916180305476,0.004468367577004747,1467,1306,1915,2070
"CHANDLER, PEGGY",0.004686035613870665,1.0003238971778193e-06,0.39867978577656,0.006265165627232193,2377,3005,1863,1587
"CHANDRA, DR.",0.006248047485160887,5.395459062115436e-06,0.3533892691543387,0.002131971989999942,1895,2267,4889,3211
"CHANEY, AMANDA",0.006872852233676976,1.2092190190103874e-05,0.4100166517228129,0.007245370983095484,1733,1835,1465,1398
"CHANG, DR. PHILLIP",0.013120899718837863,2.779064060124183e-05,0.40350434892222364,0.007024728700691159,882,1432,1675,1437
CHANGELING,0.007029053420805998,6.247806341812457e-05,0.42052023121387283,0.007472781981989065,1704,1063,1167,1359
"CHANG, IMEI",0.01140268666041862,0.0001680867026027344,0.42640202477687494,0.007430284953864968,1037,665,1023,1375
"CHAN, SARAH",0.0014058106841611997,0.0,0.38109411274480626,0.001817279820774864,5057,4067,2771,3513
CHAOS / DANIEL DASH,0.0028116213683223993,7.016095890205362e-09,0.3673609915648132,0.0025041258185152333,3463,3985,3970,2959
"CHAPMAN, DEVIN",0.0023430178069353325,0.0,0.37171224525344015,0.002849114536237934,3856,4067,3455,2756
"CHAPMAN, GEN. ULYSSE",0.0012496094970321774,1.2716577416875076e-07,0.37275109170305676,0.0008968308551837617,5271,3569,3350,4771
CHAR,0.0032802249297094657,7.308903966295261e-06,0.3266993263931415,0.00016095198921314423,3094,2101,6160,6175
"CHAR, BRON",0.0021868166198063103,2.953724872689256e-06,0.3793103448275862,0.00140653408708347,4042,2562,2866,3973
CHARCOAL / CHARLIE BUR,0.03608247422680412,0.0005642557399930979,0.45132181882270006,0.021201855794496727,264,342,587,431
CHARLIE 27,0.006560449859418931,2.3519345088805076e-05,0.3938722775932078,0.005620869948129947,1811,1518,2082,1719
CHARLIE,0.001718213058419244,4.8805245158263455e-09,0.3441380422512498,0.0007413727508457554,4561,4027,5550,5009
CHARM,0.013433302093095907,4.4778226188195226e-05,0.4108850523072973,0.008649934734751072,860,1197,1434,1183
"CHASE, DETECTIVE SLO",0.0032802249297094657,2.339436395100193e-05,0.3718633828996282,0.001799786316236644,3094,1526,3437,3528
"CHASE, TREVOR",0.001718213058419244,0.0,0.3569556732645665,0.001346594810838324,4561,4067,4698,4072
"CHASIN, MAJOR",0.0060918462980318645,5.203228730473587e-06,0.409728,0.007703257071601237,1940,2284,1477,1322
"CHATTERTON, DAVE",0.0039050296782255542,2.1343512337572808e-06,0.38132110310322237,0.002646089410932167,2721,2709,2757,2862
CHAUFFARD,0.0015620118712902217,0.0,0.3449353448275862,0.00042094394876607944,4812,4067,5458,5586
CHECK,0.0012496094970321774,0.0,0.32776981363915625,0.00018377703301879425,5271,4067,6137,6126
CHEETAH,0.0060918462980318645,3.963634203495705e-06,0.38657085924762996,0.002952623187045453,1940,2431,2446,2690
"CHEEVER, JOHN",0.005154639175257732,3.885183162476835e-06,0.3879294673695692,0.006014727988537247,2237,2438,2357,1622
"CHEKOV, ARTHUR ANTON",0.014214308028741018,2.2510257038367085e-05,0.4223233722541065,0.008105873775704101,803,1544,1119,1274
CHEMISTRO / CURTIS CAR,0.0032802249297094657,3.3480715584619296e-06,0.39148780040359565,0.0026101442492336125,3094,2508,2189,2891
CHEMISTRO III,0.0023430178069353325,8.316594596179709e-07,0.3710443955024922,0.0017768455961819974,3856,3073,3531,3553
CHEN,0.007966260543580132,7.767069434400197e-05,0.3996753652141341,0.0046714108598332705,1509,964,1820,2002
"CHEN, DR.",0.002655420181193377,0.0,0.34960681520314546,0.0011716010834408408,3591,4067,5190,4321
"CHENEY, LILA",0.024211184004998436,0.00017942806460632778,0.44638125784409427,0.018416854312044206,429,645,663,524
"CHEN, JOANNA",0.0006248047485160887,0.0,0.3827573837139782,0.0009538098178357685,6020,4067,2667,4663
"CHERRYH, RANDOLPH WI",0.004217432052483598,3.5701618945387805e-06,0.38016627078384796,0.002986102131953988,2569,2482,2821,2673
CHESBRO,0.007653858169322086,8.423763284759652e-06,0.3744078601087783,0.0024895607465527255,1561,2026,3241,2969
"CHESNEY, SANFORD",0.004061230865354577,0.0,0.41136027758144317,0.006533956236507956,2650,4067,1417,1532
"CHIANG, PROF.",0.0007810059356451108,0.0,0.31992404177702266,6.488680442863909e-05,5841,4067,6286,6333
CHI-CHEE,0.002499218994064355,4.616815707661473e-05,0.39363010329562226,0.001880590588569099,3730,1185,2096,3454
CHI DEMON / PROFESSOR,0.0023430178069353325,0.0,0.34823759791122716,0.0010611953517652122,3856,4067,5245,4453
CHIEF EXAMINER,0.01077788191190253,6.650704408678844e-05,0.4489795918367347,0.013362963850739214,1109,1034,623,786
CHIMERA II,0.004217432052483598,5.1957132683314604e-06,0.36905516804058336,0.0020982239018226267,2569,2285,3782,3245
CHIMERA / ZUHN,0.001718213058419244,0.0,0.30685903273738196,0.00017715523276413543,4561,4067,6335,6151
CHINA DOLL,0.010621680724773508,2.798309247991871e-05,0.43456421395601413,0.010145991976793117,1131,1423,870,1018
CHINOOK,0.002967822555451421,1.679171763089873e-07,0.3451026898819471,0.0011048107762077165,3351,3512,5444,4403
CHIRA,0.0018744142455482662,0.0,0.3006057191153684,4.3685836788734176e-05,4385,4067,6343,6355
CHLOE,0.0009372071227741331,2.734993216202612e-06,0.3685028492488344,0.0007648219419892334,5676,2605,3841,4977
CHLORINE,0.005935645110902842,7.452221201640424e-07,0.39719568184638293,0.00552235585173256,1994,3096,1929,1760
CH'OD,0.027022805373320836,0.00013255453844518908,0.4553666690376271,0.025763527916296675,376,743,510,314
CHONDU,0.011558887847547642,6.743930885597621e-05,0.4307630197819943,0.00917102695327022,1023,1026,946,1127
"CHORD, ANDREW",0.022649172133708217,0.0002949549936554905,0.4593528018942384,0.01738281151810633,474,495,468,579
"CHORD, MIYAMI",0.004529834426741643,4.466767974622671e-06,0.37491215741391426,0.00274112667111751,2437,2369,3216,2812
CHROME / ,0.004529834426741643,7.15585111486652e-08,0.38882477983601577,0.005692257285056339,2437,3683,2312,1701
CHROMIUM,0.003436426116838488,0.0,0.34125799573560767,0.0012619172667664227,3010,4067,5745,4182
CH'THON,0.0060918462980318645,2.0015418696072524e-05,0.4044219835754896,0.005966580164050904,1940,1595,1646,1627
CHTYLOK,0.0015620118712902217,0.0,0.37906329563621294,0.0015090549943591897,4812,4067,2879,3856
"CHUNG, LAO WEI",0.00359262730396751,0.0,0.4014548190882298,0.0036893482101682407,2918,4067,1741,2354
"CHURCHILL, LORD",0.007497656982193065,8.251652989834182e-06,0.3828031571394403,0.005206872782200128,1588,2036,2662,1859
"CHURCHILL, SIR WINST",0.004842236800999687,1.1960788395271587e-05,0.3799181057504006,0.00278037060386426,2327,1842,2840,2799
"CHURCH, LYNN",0.0032802249297094657,1.386698200037117e-05,0.3991520668370846,0.0027582568972620083,3094,1763,1842,2807
CH'VAYRE,0.0023430178069353325,3.173761696549807e-07,0.36296632271232565,0.0016239932716613384,3856,3346,4345,3718
"CICERO, CAESAR BIG C",0.00999687597625742,7.76282333447189e-05,0.43283077547157056,0.007871399672024059,1215,965,914,1302
CINDER / ,0.0015620118712902217,0.0,0.3603512326916582,0.001053442693319816,4812,4067,4490,4465
"CIR, DYLON",0.004686035613870665,1.4094759786383788e-05,0.3969001859888407,0.004607335753456915,2377,1758,1957,2019
"CIRE, EYLA",0.004373633239612621,8.447066386203847e-06,0.3701647875108413,0.0014478554475340125,2505,2023,3645,3928
"CIRE, EZRA",0.0028116213683223993,0.0,0.34118524834790026,0.0004583694012873017,3463,4067,5756,5527
"CIRE, MANUEL",0.0037488284910965324,1.1219228418096656e-06,0.3486928104575163,0.0007363832701930279,2830,2960,5233,5023
"CISCERNOS, SELENA",0.0023430178069353325,0.0,0.3450840879689521,0.0012676413893490106,3856,4067,5445,4165
CITIZEN V II / HELMUT,0.05263980006248047,0.0019637710470590116,0.4822235613136487,0.03288452082367697,150,160,210,212
CITIZEN V III / DALLAS,0.03655107778819119,0.0007902358416374943,0.45761258041458186,0.020313498827244987,259,282,487,464
CITIZEN V / JOHN WATKI,0.0060918462980318645,7.618926802845352e-05,0.3922073148318324,0.004307916694952493,1940,972,2158,2123
CITYDWELLER / JERRY |,0.0014058106841611997,2.4402622579131724e-08,0.32581810779174514,0.00011804192128091675,5057,3868,6190,6283
"CLAREMONT, CHRIS",0.018900343642611683,7.501523223648166e-05,0.46287325572988214,0.018286731653661455,606,980,429,532
CLARISSA,0.0018744142455482662,0.0,0.37776597627898745,0.0022394024209660295,4385,4067,2987,3138
"CLARIS, SVEN",0.0009372071227741331,0.0,0.35610190232506395,0.0008305702569119695,5676,4067,4731,4884
CLARITY / ,0.004373633239612621,2.1030849701310976e-06,0.34876879494443236,0.0007635089418727178,2505,2717,5230,4982
"CLARKE, GENERAL JERE",0.017806935332708527,0.0003657781147442144,0.4172586847422277,0.009464599312134045,644,442,1248,1101
"CLARK, JOHN",0.010153077163386441,0.00013705120064010014,0.3915356858907712,0.00499702496869694,1193,731,2186,1916
"CLARK, SARAH",0.010153077163386441,0.00013705120064010014,0.3915356858907712,0.004997024968696941,1193,731,2186,1915
CLASH / ,0.001718213058419244,0.0,0.3284592889025704,0.00018214602781074148,4561,4067,6121,6133
CLASS CLOWN / GLASS,0.00015620118712902218,0.0,0.3371780692052457,0.00021335727080273588,6354,4067,5876,6082
"CLAYBORNE, REGINA",0.001718213058419244,5.562301775022399e-08,0.3862443438914027,0.002361469522866061,4561,3728,2461,3042
"CLAY, GORDON",0.0032802249297094657,2.2675551515671024e-07,0.3725558659217877,0.0032491482369236286,3094,3451,3360,2551
"CLAYTON, KATRINKA JA",0.0014058106841611997,5.27270280737081e-08,0.36928934010152287,0.00095958074952149,5057,3740,3763,4656
CLEA,0.03936269915651359,0.002165095050463982,0.4762684124386252,0.027499145289072366,231,150,272,285
CLEARCUT / ,0.0015620118712902217,0.0,0.34244450387804226,0.0008621798583787883,4812,4067,5665,4824
"CLEARWATER, JUDGE MA",0.0021868166198063103,0.0,0.39418755002770767,0.0030077126729574377,4042,4067,2072,2661
"CLEMSON, MIKE",0.005623242736644799,1.8478834454411908e-06,0.40193370165745856,0.004874773988778947,2087,2786,1726,1945
CLEOPATRA,0.0012496094970321774,1.9968492746277202e-08,0.3554691837867851,0.0010279520983217181,5271,3897,4766,4522
"CLINTON, BILL",0.016869728209934393,0.0002202968366210635,0.45430031223389156,0.016820072569164356,679,576,530,604
"CLINTON, CHELSEA",0.0012496094970321774,0.0,0.3595821163783419,0.0012060635197606137,5271,4067,4537,4275
CLOAK / TYRONE JOHNSON,0.043423930021868166,0.002486871854581376,0.49140313171630334,0.033551762526762945,201,130,140,205
"CLOONEY, DR.",0.0020306154326772885,0.0,0.3756160525698193,0.0031089941459241013,4200,4067,3164,2611
CLOUD,0.0067166510465479536,2.249187683224193e-05,0.41128099704484133,0.005730143592329219,1774,1545,1420,1695
CLOWN / CRAFTY ELIOT F,0.02280537332083724,0.0002576795432982864,0.4650588406218219,0.01980026494000413,466,536,395,483
CLUSTER,0.0006248047485160887,0.0,0.33081852004960727,0.00020297391369828745,6020,4067,6073,6104
COACHWHIP,0.01358950328022493,5.793052688189493e-05,0.4361926824282892,0.01398125727237367,850,1095,846,752
COACH,0.0031240237425804434,1.3108700663688165e-05,0.3675719124992823,0.0013840277881737256,3214,1791,3943,3991
COAL TIGER / T'CHALLA,0.002655420181193377,5.742961551670249e-09,0.3774764150943396,0.0031176999871903024,3591,4015,3007,2602
COBALT,0.005935645110902842,7.452221201640424e-07,0.39719568184638293,0.005522355851732568,1994,3096,1929,1750
COBALT II,0.002655420181193377,7.296671397711309e-08,0.37207950714866905,0.0027801668865389973,3591,3678,3412,2801
COBALT MAN,0.004373633239612621,1.470663215872646e-06,0.3922073148318324,0.004811073123929238,2505,2872,2158,1958
COBRA / KLAUS VORHEES,0.037019681349578254,0.0005045622964722418,0.4723677414594555,0.02822454950612762,250,370,312,270
COBWEB,0.0020306154326772885,7.063203535404238e-08,0.3173391494002181,0.00016964376935856395,4200,3685,6309,6160
COCKROACH / ,0.0039050296782255542,2.4277926224069442e-05,0.3747146619841967,0.002328431794699631,2721,1495,3221,3075
"COCKRUM, DAVE",0.00937207122774133,1.0513256159080508e-05,0.4034026465028355,0.008409191327922377,1293,1901,1679,1218
COCO,0.00046860356138706655,0.0,0.3517389154442064,0.0003399217250759712,6167,4067,5021,5775
"CODY, GARY",0.012652296157450796,0.00010745216566198099,0.42637362637362636,0.012326512374687138,912,824,1024,845
CODY,0.0015620118712902217,4.959843719519281e-08,0.35558764718951347,0.0009316881776134264,4812,3748,4753,4693
"COFFIN, RAY",0.0007810059356451108,1.2873646066908186e-07,0.3527078397884414,0.0006191513364341255,5841,3563,4940,5224
"COFFIN, WARDEN JOHNS",0.0014058106841611997,7.724242021245802e-08,0.34240787292078945,0.0007660289055948572,5057,3665,5668,4976
"COFFY, DET.",0.0021868166198063103,1.657624612790756e-07,0.3684180238245957,0.0012658067074690178,4042,3514,3849,4172
COGGER,0.0018744142455482662,2.9184548890893745e-07,0.3568561872909699,0.0009155865870873664,4385,3366,4705,4744
"COHEN, IZZY",0.0018744142455482662,1.2819420919948136e-06,0.37716507599858606,0.0011718036988174944,4385,2923,3036,4320
COIL,0.004061230865354577,1.5823038202172285e-05,0.39081863134118794,0.004174999761580999,2650,1697,2218,2164
COLDBLOOD / ,0.004061230865354577,1.074323407416665e-06,0.4004002751891926,0.005116376023189282,2650,2974,1790,1887
COLDHEART,0.0009372071227741331,0.0,0.36810027598896045,0.0005631515506334314,5676,4067,3878,5359
COLD WARRIOR,0.0009372071227741331,0.0,0.356042489294255,0.0005560911439644619,5676,4067,4733,5365
"COLE, LYNETTE",0.00031240237425804435,0.0,0.35006561679790027,0.0004142459249712554,6269,4067,5166,5601
"COLE, PRISCILLA",0.0028116213683223993,0.0,0.36852406170849644,0.002728853948858581,3463,4067,3839,2822
"COLE, WADE",0.013433302093095907,7.621362986904693e-06,0.3901755241345685,0.01059152513855511,860,2079,2241,973
COLLECTIVE MAN,0.02155576382380506,0.00031743174508621936,0.47758299142111155,0.028549023634548632,507,481,260,264
COLLECTIVE MAN II,0.0031240237425804434,0.0,0.38216332378223494,0.0021022480411934767,3214,4067,2702,3239
COLLECTOR / TANELEER T,0.0303030303030303,0.00048263433756586113,0.4753136832727003,0.03030908478790589,329,380,280,238
COLLETTE,0.0009372071227741331,0.0,0.36774082371187317,0.0008007312756907876,5676,4067,3919,4921
"COLLINS, BRADBURY",0.002499218994064355,0.0,0.3450468901584564,0.0012744465895075108,3730,4067,5449,4153
"COLLINS, DEMITRIUS",0.010309278350515464,5.95883571604185e-05,0.4256931976860164,0.008426545315273528,1172,1081,1037,1216
"COLLINS, EMMA",0.0014058106841611997,3.6257501141418663e-06,0.382368751119871,0.0013690087332719689,5057,2473,2691,4024
"COLLINS, NICK",0.00359262730396751,2.0486791390746677e-05,0.3576536312849162,0.0006659341686499643,2918,1580,4661,5145
"COLLINS, TRACY",0.0037488284910965324,3.738766152879114e-06,0.3536625787205834,0.0007189485824525482,2830,2461,4876,5048
"COLON, CHERYL",0.005623242736644799,8.624646057369114e-05,0.3888956384400437,0.00206708902400628,2087,913,2307,3280
COLOSSUS 2013,0.0060918462980318645,4.9644472640689296e-05,0.38418146903504563,0.005845318600118499,1940,1150,2589,1669
COLOSSUS II DOPPELGA,0.02014995313964386,6.958862219891015e-06,0.467811472415053,0.024616233036973478,552,2131,361,346
COLOSSUS II | MUTANT,0.004529834426741643,3.893482997226594e-07,0.34517711759314174,0.0003754457101142905,2437,3282,5418,5688
COLOSSUS II / PETER RA,0.1635426429240862,0.00832525836193685,0.5388888888888889,0.08750767480544305,24,46,24,19
COLOSSUS,0.00046860356138706655,0.0,0.3745173745173745,0.0011567138977912103,6167,4067,3231,4344
COMANCHE,0.002967822555451421,8.839172112659778e-07,0.3447310322545905,0.0009928375905833957,3351,3044,5483,4602
COMBAT / ,0.0015620118712902217,0.0,0.33528857232638526,0.0001896120306933894,4812,4067,5954,6120
COMET / HARRIS MOORE,0.00499843798812871,3.659178424295393e-06,0.3731639076707857,0.0027101994558949975,2281,2470,3320,2830
COMET MAN / DR. STEPHE,0.002967822555451421,1.4801094692456742e-05,0.3800985572641453,0.0029073409625050336,3351,1734,2827,2712
COMMANDER BLAZE,0.0009372071227741331,0.0,0.36069637726069076,0.000847884411085346,5676,4067,4464,4851
COMMANDER COURAGE / ,0.0018744142455482662,5.860961204518215e-07,0.3702290076335878,0.0025759170663800066,4385,3171,3624,2915
COMMANDO / M-NELL,0.002499218994064355,6.704437632429473e-09,0.368566493955095,0.002075174468481283,3730,3995,3832,3274
COMMCAST / GARABED BAS,0.0031240237425804434,0.0,0.377431906614786,0.0018741872819971837,3214,4067,3012,3459
COMPUTO,0.0007810059356451108,5.955227268727769e-10,0.36308983666061706,0.0010905817458279948,5841,4066,4340,4418
"CONAN, NEAL",0.0060918462980318645,6.919460779914347e-06,0.424507658643326,0.007392524061480009,1940,2134,1065,1381
"CONCIERGE, LE / ",0.0012496094970321774,0.0,0.35464214491469087,0.0007104915010216716,5271,4067,4809,5068
CONDOR,0.004529834426741643,3.6478059611054886e-06,0.3655152726234656,0.0020431565424292157,2437,2471,4193,3303
"CONKLIN, CAPT.",0.005467041549515776,2.8294502789667055e-07,0.370186191742801,0.003787883846725596,2133,3377,3626,2315
"CONNORS, BILLY",0.008434864104967197,0.00012870600604438198,0.4187872048145483,0.006059309615882989,1439,756,1222,1615
"CONNORS, MARTHA",0.008591065292096219,0.00013007222819322144,0.41881460159623185,0.0060748786940978084,1414,750,1219,1611
"CONOVER, ALYSSA",0.004686035613870665,6.823608171524502e-05,0.3658494771129779,0.0011118316597399233,2377,1019,4164,4399
"CONOVER, HANNAH",0.0020306154326772885,0.0,0.37044323573660454,0.002602683424839094,4200,4067,3593,2903
"CONOVER, REV. WILLIA",0.0020306154326772885,0.0,0.37044323573660454,0.0026026834248390946,4200,4067,3593,2902
"CONOWAY, SEKMEHT",0.004061230865354577,1.4597158232174453e-05,0.36511919698870765,0.0020408879553512477,2650,1741,4206,3304
CONQUEST / BRIDGET MAL,0.0060918462980318645,7.86972487643664e-06,0.42190589165678133,0.0076262144938677705,1940,2062,1131,1334
"CONRAD, LUTHER DUTCH",0.00031240237425804435,0.0,0.31997201119552177,0.00012286143387579536,6269,4067,6284,6269
"CONROY, KAREN",0.0009372071227741331,0.0,0.34620376378974693,0.0008156705310129264,5676,4067,5364,4901
CONSTRICTOR / FRANK PA,0.04092471102780381,0.0011690954008015905,0.4760205219718938,0.029084263830491137,217,223,275,255
CONSUELA,0.007497656982193065,9.857491163483973e-06,0.40562630678578215,0.005443892910489826,1588,1936,1613,1778
CONSUMPTION,0.001718213058419244,0.0,0.3421333903377512,0.0007692450241783416,4561,4067,5686,4968
CONTEMPLATOR / TATH KI,0.013120899718837863,7.756802308892128e-05,0.4381930184804928,0.014327417704729383,882,966,805,727
"CONTONI, PAUL",0.001718213058419244,0.0,0.37003641408011095,0.001419516370223365,4561,4067,3670,3962
"CONTRARES, ANASTASIA",0.0020306154326772885,0.0,0.3667506874427131,0.0016354595066561922,4200,4067,4044,3689
CONTROLLER / BASIL SAN,0.016557325835676352,8.043915013082629e-05,0.44510880901063754,0.015054970389685613,693,942,688,691
CONUNDRUM / ,0.0023430178069353325,0.0,0.3683756257552218,0.001371734779760561,3856,4067,3852,4016
"CONWAY, GERRY",0.004373633239612621,8.507043664445769e-06,0.39215926493108727,0.0039959291727238565,2505,2018,2161,2219
"COOPER, COLE",0.004061230865354577,7.252671007226342e-07,0.3759910730017032,0.0025039846907340094,2650,3120,3126,2964
"COOPER, DR. VALERIE",0.0859106529209622,0.0037988759779042816,0.5056472632493484,0.05320434417453731,64,86,74,72
"COOPER, ROGER CAPS",0.007341455795064043,3.9069827402074536e-05,0.4041156419643984,0.004612185278518361,1640,1266,1657,2016
"COOPER, TERI",0.00015620118712902218,0.0,0.3371780692052457,0.00021335727080273588,6354,4067,5876,6082
"COOPER, WHITNEY III",0.00359262730396751,3.4966662345995606e-05,0.3657031874785788,0.0010900503869507273,2918,1310,4180,4419
COPPERHEAD II / ,0.00031240237425804435,0.0,0.3495686360161625,0.00034743710338123665,6269,4067,5191,5761
COPPERHEAD III / DAVIS,0.011558887847547642,1.4950785370222807e-05,0.43192551612467955,0.011405033131036104,1023,1729,932,911
COPPERHEAD IV / ,0.0012496094970321774,0.0,0.373512252042007,0.0010036215863585224,5271,4067,3296,4584
COPPERHEAD / LAWRENCE,0.0009372071227741331,0.0,0.3598246402877698,0.0009216627801929957,5676,4067,4528,4725
"COPPERSMITH, ALFRED",0.0006248047485160887,0.0,0.35683629675045986,0.0006326366268527611,6020,4067,4707,5204
COPPER,0.003436426116838488,0.0,0.34125799573560767,0.0012619172667664225,3010,4067,5745,4185
COPYCAT / VANESSA,0.02374258044361137,0.0004446317117619038,0.44734819369715606,0.01624232266321161,439,401,648,629
CORAL,0.0020306154326772885,0.0,0.369587807412539,0.002303914201517691,4200,4067,3738,3091
"CORBEAU, DR. PETER",0.03217744454857857,0.00040196140717476444,0.4805945499587118,0.027727460556836454,306,419,234,281
"CORD, EDWIN",0.010934083099031553,2.6060039355347317e-05,0.4029709825643608,0.006644477880312579,1098,1461,1692,1523
CORDITE,0.001718213058419244,0.0,0.3284592889025704,0.00018214602781074167,4561,4067,6121,6131
"CORD, JANICE",0.01437050921587004,8.884230261771177e-05,0.42699926632428464,0.012265416201539984,790,895,1011,851
"CORDOVA, JUAN",0.0015620118712902217,0.0,0.3346576058546785,0.0008105327927899016,4812,4067,5998,4905
"CORNELIUS, DR.",0.004529834426741643,2.1444501005184686e-07,0.3809580481999405,0.005520147757495586,2437,3462,2787,1762
CORONA / DAGNY FORREST,0.0015620118712902217,5.978806600628053e-08,0.3670661085946907,0.0010488724126292623,4812,3709,4005,4475
CORONARY / JIMMY SHARP,0.006248047485160887,1.0124895797049668e-05,0.3789286771234093,0.0039851944783516795,1895,1916,2893,2226
CORONER,0.0015620118712902217,1.1352608658861832e-06,0.35090988818241614,0.0008640420904808132,4812,2958,5116,4818
"CORRIGAN, ARCHIBALD",0.0039050296782255542,1.610671521047841e-05,0.38668760570186034,0.0024914721660391514,2721,1690,2440,2968
CORRUPTOR / JACKSON DA,0.010621680724773508,6.389763665384832e-05,0.4185681595292579,0.008405830991123504,1131,1053,1225,1221
CORSAIR,0.03139643861293346,0.0003176533310620036,0.45974865350089766,0.027779837024429432,311,480,461,279
"CORSI, TOM",0.021243361449547016,0.00014018770187407883,0.4405753217259652,0.01703773173578893,518,721,757,596
"CORTES, MARIA PILAR",0.0018744142455482662,2.8302802694383267e-07,0.36846043165467623,0.001953035588310004,4385,3375,3844,3392
"CORTEZ, FABIAN",0.024367385192127458,0.0001701598098767181,0.44307564537338223,0.01982152633612423,425,663,716,482
COSMIC MESSIAH,0.0014058106841611997,1.8366294047308803e-07,0.3669398750501519,0.0013831427383177494,5057,3498,4027,3994
COTTONMOUTH II,0.01999375195251484,0.0001106844345287544,0.4440899001109878,0.016570966397393486,555,812,700,612
COTTONMOUTH,0.00046860356138706655,0.0,0.34131257663805514,0.00028231762430019317,6167,4067,5742,5926
COUNTERWEIGHT II / KAT,0.03420805998125585,0.0007077950459325187,0.46080760095011875,0.024523725041855283,284,298,451,348
COUNTERWEIGHT / JACK P,0.032489846922836615,0.0006771879091500504,0.46080760095011875,0.02397598263798283,302,304,451,363
"COUNT NEFARIA, LUCHI",0.02296157450796626,0.00020247332051024776,0.4485706278026906,0.01922408070569131,461,610,631,498
COURIER / JACOB GAVIN,0.009215870040612308,5.607410170100372e-05,0.3789286771234093,0.003512926119146782,1318,1109,2893,2446
"COURTNEY, DELPHINE",0.002967822555451421,5.6485576573508e-07,0.36771970132107984,0.0027576952371131044,3351,3192,3926,2809
"COVEY, LAWRENCE K.",0.00015620118712902218,0.0,0.2655109489051095,7.95464237315503e-06,6354,4067,6386,6383
"COWAN, EARL",0.0007810059356451108,0.0,0.3504296896381849,0.0003751630046547795,5841,4067,5149,5690
"COWEN, BUCK",0.00499843798812871,3.4272191768371826e-05,0.39043727511130083,0.002792122008404461,2281,1318,2228,2789
"COWEN, ELAINE",0.0018744142455482662,7.608817405154823e-07,0.366393864820008,0.0010287740317603032,4385,3091,4090,4514
"COY, GENERAL NGUYEN",0.012808497344579818,0.000221217654843724,0.4302708515357215,0.00990842755561603,904,574,955,1057
COYOTE,0.0023430178069353325,0.0,0.3553113553113553,0.0011586879589510182,3856,4067,4775,4342
"CRAIG, REV.",0.006872852233676976,5.66284087182255e-06,0.37861493878999347,0.005906062254726984,1733,2244,2916,1650
"CRANDAL, BEN",0.0012496094970321774,1.2964392750946776e-07,0.361960762141686,0.0006146738963200364,5271,3562,4398,5235
CRANUS,0.0020306154326772885,0.0,0.35144927536231885,0.0010118238317173489,4200,4067,5074,4566
"CRAWFORD, GEN.",0.001718213058419244,0.0,0.3850827067669173,0.002181575449868071,4561,4067,2535,3180
"CRAWLEY, BETRAND",0.006404248672289909,0.00019368763630465816,0.4233287046220988,0.006411434148603067,1854,626,1097,1558
CRAZY EIGHT / LESLIE A,0.0010934083099031551,0.0,0.36950248181923123,0.0013376207852022878,5492,4067,3748,4075
"CREED, GRAYDON",0.012027491408934707,9.677100628582521e-05,0.42251847940865894,0.010792271520580595,984,861,1116,956
"CREED, GRAYDON | MUT",0.002967822555451421,0.0,0.34727420667209113,0.0004499166866073539,3351,4067,5299,5540
CREED,0.0018744142455482662,0.0,0.3546225004154434,0.0006230880472292392,4385,4067,4814,5218
CREEP / ,0.0012496094970321774,0.0,0.36807911228655205,0.001184492316555576,5271,4067,3882,4303
CRIMEBUSTER / FRANK MO,0.005310840362386754,6.842199130141904e-06,0.3825515386913654,0.0031301155204431293,2184,2137,2680,2595
CRIME-BUSTER / ,0.0018744142455482662,0.0,0.34558704453441297,0.000946517858895074,4385,4067,5387,4672
CRIME-MASTER / NICK LU,0.002967822555451421,2.5751233833346723e-07,0.3771872974724563,0.0023710009346084616,3351,3417,3032,3032
CRIME-WAVE / HOLLIS,0.0009372071227741331,9.761049031652691e-09,0.35090988818241614,0.0006359129991506746,5676,3948,5116,5196
CRIMEWAVE / ,0.0007810059356451108,0.0,0.36916157305962405,0.000662249673227388,5841,4067,3776,5150
CRIMSON COMMANDO / FRA,0.01499531396438613,8.884969361665877e-05,0.41601143674052893,0.012631754132220743,759,894,1277,832
CRIMSON COWL II / ,0.028272414870353015,0.0003647968637730812,0.4478488982161595,0.017124679582174826,356,444,641,594
CRIMSON CRUSADER / ROR,0.0031240237425804434,0.0,0.3783240751684198,0.0037698551244663195,3214,4067,2937,2327
CRIMSON DAFFODIL,0.0023430178069353325,1.359802740028222e-06,0.3446939105152641,0.0008798941373102355,3856,2899,5486,4800
CRIMSON DYNAMO II / BO,0.0007810059356451108,0.0,0.3675297089385154,0.0009263044173003394,5841,4067,3955,4711
CRIMSON DYNAMO III / A,0.0078100593564511085,6.180009039523641e-06,0.400675929402929,0.00672680496846385,1526,2192,1779,1495
CRIMSON DYNAMO IV / YU,0.0018744142455482662,0.0,0.37272938984629717,0.0018619415093743565,4385,4067,3353,3472
CRIMSON DYNAMO / PROF.,0.0009372071227741331,9.761049031652691e-09,0.36755080950740615,0.0009483015985552424,5676,3948,3951,4667
CRIMSON DYNAMO V / DIM,0.027803811308965948,0.0002565397231669659,0.4811001728413617,0.031041697731208597,363,537,225,233
CRIMSON DYNAMO VIII / ,0.0010934083099031551,0.0,0.34065875591975736,0.00026365560606268063,5492,4067,5777,5970
CRIMSON DYNAMO VI / VA,0.004529834426741643,3.230861949779018e-05,0.3961633663366337,0.0034416021974351075,2437,1344,1999,2471
CRIMSON,0.0032802249297094657,3.0126225359761277e-07,0.37442975786641713,0.003274184379324415,3094,3358,3236,2531
CRIPPLER / KARL STRIKL,0.009528272414870352,0.00011037422443035615,0.41263293586851435,0.005280089318010787,1270,814,1381,1825
CRITICAL MASS,0.0007810059356451108,0.0,0.3819581170574548,0.0010234154402947824,5841,4067,2721,4527
CRITIC,0.0020306154326772885,8.451177274500436e-07,0.35335025941053094,0.0006273016328907757,4200,3062,4893,5213
CRIX,0.001718213058419244,0.0,0.34209682590573903,0.00027078586643990306,4561,4067,5690,5950
"CROIX, ASHLEY",0.003436426116838488,0.0,0.3716259360306496,0.001531032297100144,3010,4067,3470,3838
"CROMWELL, HAMILTON",0.0014058106841611997,0.0,0.36721349087988986,0.0010051156624362656,5057,4067,3987,4580
"CROSSAN, ANNIE",0.0023430178069353325,2.9036387540282978e-09,0.35867555605356044,0.00233681338601321,3856,4052,4588,3067
CROSSBONES / BROCK BIN,0.020306154326772883,0.00024637022590328413,0.4362818590704648,0.014705326756380439,544,543,843,711
CROSSBONES II / ,0.0009372071227741331,0.0,0.2773709977903904,1.2815654767444867e-05,5676,4067,6376,6379
CROSSBOW,0.0010934083099031551,0.0,0.3733597713885811,0.0011228234430228255,5492,4067,3309,4390
CROSSFIRE,0.0039050296782255542,2.0220572099823044e-05,0.3945762711864407,0.002560613489206454,2721,1586,2061,2923
"CROSS, GENEVIEVE",0.0021868166198063103,3.9114217147914957e-08,0.35432809386761127,0.0010661101246481832,4042,3789,4838,4445
"CROSS, HAROLD",0.0010934083099031551,0.0,0.3172447968285431,0.00012879959096831551,5492,4067,6314,6254
"CROSS, JASON",0.0028116213683223993,0.0,0.34118524834790026,0.00045836940128730203,3463,4067,5756,5525
CROSS / ,0.0015620118712902217,9.273144504636105e-09,0.35071765092582446,0.000996469625479564,4812,3962,5128,4599
"CROSS, STANLEY",0.00359262730396751,2.599530083554975e-06,0.3536625787205834,0.0006603430371318351,2918,2635,4876,5153
"CROSS-WALLACE, SIR G",0.0007810059356451108,0.0,0.33116076970825575,0.000157154301478917,5841,4067,6047,6204
CROTUS,0.004061230865354577,7.370916190704488e-07,0.3642467000455166,0.003339649991889874,2650,3111,4264,2508
"CROWE, GERONIMO",0.0015620118712902217,0.0,0.3627606527651859,0.0005791092579147968,4812,4067,4357,5330
"CROWLEY, SEN.",0.00031240237425804435,0.0,0.36142945858973635,0.0004939135951077711,6269,4067,4438,5478
CROWLEY,0.0028116213683223993,0.0,0.31968441026665334,0.0005085867183660445,3463,4067,6293,5444
CROWN,0.002655420181193377,9.945311379145785e-07,0.37085095290505704,0.0014460118337655133,3591,3006,3555,3934
"CROW, REV. JOSHUA",0.0015620118712902217,3.813696756271683e-08,0.3347976153122058,0.0005049366643207974,4812,3795,5991,5459
CR'REEE,0.02014995313964386,2.9982483950159547e-05,0.4406056434962147,0.02080274410745165,552,1380,755,447
CRUCIBLE / BYRON CALLE,0.013745704467353952,4.718972315853445e-05,0.43093699515347333,0.011624899361131206,843,1173,944,895
CRULE,0.004373633239612621,5.476667654610157e-07,0.356042489294255,0.0021774257713347654,2505,3204,4733,3186
CRUSADER II / ARTHUR B,0.0021868166198063103,2.0035641688463183e-05,0.3657658687082215,0.0018027116370439807,4042,1594,4174,3526
CRUSADER X / BRIAN BRA,0.0032802249297094657,1.8872302072139964e-06,0.3637706687879993,0.0022883267868983983,3094,2766,4288,3100
CRUSHER / EL PROFESSOR,0.0031240237425804434,9.952443994692e-08,0.36945983379501385,0.001921350467141123,3214,3614,3752,3417
CRUSHER II / JUAN APON,0.00046860356138706655,0.0,0.3507368651728483,0.0005185443500792142,6167,4067,5127,5423
CRUSHTACEAN,0.0020306154326772885,0.0,0.33953858392999203,0.0004383866061175969,4200,4067,5806,5562
CRUX / CRISTAL LEMIUEX,0.0028116213683223993,7.016095890205362e-09,0.3673609915648132,0.002504125818515231,3463,3985,3970,2962
CRYSTAL [INHUMAN],0.11090284286160575,0.004904569910060946,0.5193477731808226,0.0678769354137454,43,71,43,39
CUDGEL / ,0.002655420181193377,0.0,0.36894882434301524,0.0016278415940289802,3591,4067,3798,3710
CUEBALL / ,0.0006248047485160887,0.0,0.3631722260040844,0.0009793202376720096,6020,4067,4331,4631
CUFFS / ,0.002499218994064355,1.717518359866918e-07,0.36511919698870765,0.0013498838790450829,3730,3509,4206,4059
"CUMMINGS, DIANE",0.0032802249297094657,5.8556900492333674e-05,0.37557198169658573,0.001285531580230092,3094,1089,3167,4134
CURSED LOTUS,0.0007810059356451108,0.0,0.31992404177702266,6.488680442863858e-05,5841,4067,6286,6335
"CURSON, LT. TARA",0.0009372071227741331,2.4402622579131728e-08,0.3828031571394403,0.0009613795714066397,5676,3862,2662,4653
"CURZON, DETECTIVE IN",0.0009372071227741331,0.0,0.35871575054631033,0.0010566623405405449,5676,4067,4586,4460
"CUSHING, KATE",0.026241799437675725,0.0002452684684898616,0.4596166271807021,0.018287027213346033,389,544,463,531
"CUSSLER, PHILLIP JR.",0.001718213058419244,7.374223775288925e-09,0.369587807412539,0.001407605330945453,4561,3982,3738,3970
"CUSSLER, PHILLIP",0.001718213058419244,7.374223775288925e-09,0.369587807412539,0.0014076053309454528,4561,3982,3738,3971
CUT,0.007029053420805998,1.1937086459957093e-05,0.37787746428993035,0.003680831472572462,1704,1843,2981,2356
CUTTER,0.002499218994064355,0.0,0.37399228881878727,0.00272194469520161,3730,4067,3267,2826
CUTTHROAT / DANIEL LEI,0.006404248672289909,1.1102554402174721e-05,0.4066310975609756,0.004521161024398602,1854,1874,1580,2057
CYANIDE JANE,0.005310840362386754,1.2012274428517008e-05,0.3673609915648132,0.0011530596224191625,2184,1840,3970,4354
CYBELE [ETERNAL],0.0067166510465479536,1.2038313103273601e-05,0.3971217666397866,0.005594556661412585,1774,1839,1945,1733
CYBERMANCER / DR. SUZI,0.004842236800999687,1.1130725703556432e-05,0.3860114561350618,0.0038615828484910458,2327,1872,2477,2287
CYBER,0.007653858169322086,2.3794339016508256e-05,0.3923996322402697,0.005509437883614076,1561,1506,2151,1765
CYBERSLIK,0.0032802249297094657,7.308903966295261e-06,0.3266993263931415,0.00016095198921314412,3094,2101,6160,6178
CYBERTOOTH / YEN HSIEH,0.002967822555451421,5.542166370895933e-08,0.3798730196404201,0.0033273274069169217,3351,3729,2845,2515
CYBORG X / ,0.0023430178069353325,5.796411620142182e-07,0.38360596800287616,0.0020159158861854957,3856,3181,2613,3331
CYCLONE,0.007966260543580132,2.1426629978621764e-05,0.39508763268328806,0.0041232211192763855,1509,1563,2034,2181
CYCLONE II / PIERRE FR,0.016557325835676352,5.656281934484006e-05,0.4241139450149056,0.011320297981597227,693,1107,1070,916
CYCLOPS 2013,0.0014058106841611997,0.0,0.3395205770046669,0.00033735990712256865,5057,4067,5813,5787
CYCLOPS DOPPELGANGER,0.019681349578256794,6.219793994297251e-06,0.4677089421390999,0.024439124780276388,569,2189,363,352
CYCLOPS II,0.0015620118712902217,0.0,0.36903389439704865,0.0014786064827852525,4812,4067,3784,3890
CYCLOPS | MUTANT X-V,0.0020306154326772885,5.6939452684640694e-08,0.34448988377098577,0.00030572233388866837,4200,3718,5526,5862
CYCLOPS / SCOTT SUMMER,0.1769759450171821,0.011659453370942681,0.5447583390061266,0.09132176675918977,14,28,13,13
CYLLA II,0.0067166510465479536,3.96941865769644e-06,0.3806862103823512,0.005416248312853075,1774,2428,2803,1782
CYLLA,0.00046860356138706655,0.0,0.34933973589435774,0.00045844140610766347,6167,4067,5194,5524
CYNAS,0.0067166510465479536,3.732375469606743e-07,0.3858486017357763,0.004785802321625913,1774,3295,2487,1966
CYPHER / DOUG RAMSEY,0.05029678225554514,0.0016642072139692171,0.48728878063632214,0.03773019795576479,163,180,174,158
CY-PHYRR 4,0.0012496094970321774,3.581234034925588e-07,0.3493016150152772,0.0007134713316171111,5271,3313,5195,5060
CYPRESS / ,0.0006248047485160887,0.0,0.34981694989344847,0.0009033981261456583,6020,4067,5185,4760
CYRA [ASGARDIAN],0.004061230865354577,1.3861162134823406e-07,0.36920415224913494,0.003042558737683871,2650,3547,3768,2648
CYTTORAK,0.0028116213683223993,4.990430260277858e-06,0.3612662942271881,0.0014953734943935226,3463,2313,4444,3870
"DABOIA, RUSSELL",0.003436426116838488,0.0,0.38573236127010907,0.0023568532417719843,3010,4067,2495,3049
"DABUTA, NIGEL",0.0010934083099031551,0.0,0.3708724365658672,0.001023094351702956,5492,4067,3550,4529
"DA COSTA, EMMANUEL",0.01077788191190253,1.2554668709092125e-05,0.41731308258914024,0.011092227017660666,1109,1812,1247,930
DADDY LONGLEGS / RAMSE,0.0067166510465479536,7.756047204817122e-06,0.403988136555815,0.006743672124310542,1774,2071,1664,1491
DADDY WRONGLEGS,0.0020306154326772885,0.0,0.39230344996629696,0.0031481175839161756,4200,4067,2153,2586
DAGDA,0.0014058106841611997,0.0,0.3335243553008596,0.0009867680514885563,5057,4067,6009,4618
DAGGER / TANDY BOWEN,0.03967510153077163,0.002526967546926312,0.4853309074368888,0.031182609933919123,228,128,187,229
DAGGER / TANDY BOWEN |,0.0020306154326772885,0.0,0.356042489294255,0.0008274120061033635,4200,4067,4733,4889
"DAHN, FARNOQ",0.002655420181193377,1.9522098063305383e-09,0.37557198169658573,0.0025316922528412847,3591,4059,3167,2935
DAI-KUMO,0.0009372071227741331,2.9660803390801712e-08,0.3580937465040832,0.0004646389102258223,5676,3829,4622,5510
"DAKESIAN, NANCI",0.0060918462980318645,0.0,0.4142616798239938,0.00524195422736104,1940,4067,1327,1837
DAKIMH THE ENCHANTER,0.01358950328022493,4.999019181388747e-05,0.4587931775834886,0.016561572387010365,850,1148,476,613
DAKINI,0.0032802249297094657,6.298923473555615e-06,0.3954048545488234,0.0022468141516507156,3094,2181,2026,3131
"DAKOR, YOGI",0.005467041549515776,8.365934399887427e-07,0.38307802776448063,0.004671167745345575,2133,3067,2641,2004
"D'ALEXIS, AMBER",0.0015620118712902217,0.0,0.3725341867908059,0.0019158499780199244,4812,4067,3363,3421
DAMAGE,0.0006248047485160887,0.0,0.33652228763666947,0.00021367904167832153,6020,4067,5914,6081
DAMBALLAH II,0.002655420181193377,8.32556863718542e-07,0.400575647603554,0.004282254683354406,3591,3070,1784,2127
DAMBALLAH,0.00031240237425804435,0.0,0.3224051971596918,0.00020993780316963534,6269,4067,6256,6092
"DAMIAN, DR. DANIEL",0.009684473601999375,3.275938284758711e-05,0.38706166868198305,0.0059628824079908,1251,1340,2409,1628
"DAMIAN, MARGO",0.00999687597625742,1.3004222156537006e-05,0.36986538794846613,0.003972425866713416,1215,1795,3700,2233
DAN-FARR,0.011090284286160575,0.0,0.4496733862471026,0.014705190149828342,1080,4067,614,712
"D'ANGELO, LIEUTENANT",0.0060918462980318645,2.7361808093149404e-05,0.400375234521576,0.003949471427089378,1940,1441,1791,2243
DANGOR,0.0015620118712902217,0.0,0.3675719124992823,0.0022259381215480774,4812,4067,3943,3156
DANIA,0.0015620118712902217,0.0,0.37003641408011095,0.0014437846193604239,4812,4067,3670,3942
"DANIELS, BRIE",0.0020306154326772885,8.65558471165434e-08,0.3683756257552218,0.0013093233823706734,4200,3637,3852,4097
"DANNING, SHEILA",0.002499218994064355,2.0788896564426413e-07,0.4007762614248153,0.004709626487844406,3730,3471,1776,1991
DANSEN MACABRE,0.01437050921587004,6.10071380577446e-05,0.4169597499023056,0.0085618682312831,790,1073,1257,1191
DANTE,0.0014058106841611997,0.0,0.3806862103823512,0.0018958509946077138,5057,4067,2803,3433
"DANTES, DR. EDWINA",0.0023430178069353325,0.0,0.36670867224195214,0.001722991938870424,3856,4067,4055,3594
"DANVERS, JOE",0.0012496094970321774,1.258118714557205e-07,0.3636466912808861,0.0008261179724198264,5271,3570,4293,4890
"DANVERS, MRS. JOE",0.0023430178069353325,4.967773367920603e-07,0.36474475843208753,0.001005047860810185,3856,3227,4225,4583
"DANVILLE, SEN. OWEN",0.002967822555451421,4.595687538536869e-07,0.35146856986000546,0.0016426305026479026,3351,3242,5073,3676
DARCO,0.0039050296782255542,9.495780971356969e-08,0.3772539776075427,0.004478532121686761,2721,3620,3023,2067
DAREDEVIL DOPPELGANG,0.02280537332083724,8.739562806810089e-05,0.4704585537918871,0.02555757428888869,466,904,330,319
DAREDEVIL / MATT MURDO,0.1557325835676351,0.02310957242165293,0.53609110701725,0.07661248587322929,30,12,28,32
DAREDEVIL | MUTANT X,0.008122461730709154,4.147025859701603e-07,0.345214343488811,0.0003727923733763853,1488,3272,5416,5696
"DARE, JOHNNY",0.0018744142455482662,0.0,0.37519779640157064,0.0015153295854205438,4385,4067,3197,3850
"DARE, KATHLEEN",0.007029053420805998,8.525367368409423e-06,0.4157142857142857,0.006920528492073385,1704,2014,1292,1463
"DARE, ROSSALYN",0.0032802249297094657,0.0,0.3735558408215661,0.0022025604039046793,3094,4067,3290,3167
DARGIL,0.002967822555451421,1.5234829960065595e-07,0.34793478260869565,0.001690857156451608,3351,3526,5258,3621
DARIA,0.003436426116838488,4.6520395424314097e-07,0.3562207878922769,0.0016566148213386536,3010,3239,4721,3660
DARK BEAST / HENRY MCC,0.028428616057482037,0.0008445751391546894,0.4645863570391872,0.025320204324642017,354,271,406,327
DARK COUNSEL / VARTU,0.005467041549515776,2.0391568588999324e-05,0.3531943065210195,0.0007132298544699819,2133,1582,4910,5062
DARK CRAWLER,0.005154639175257732,8.958364124636814e-06,0.41125457698978607,0.006073159107914387,2237,1986,1422,1612
DARKHAWK / CHRIS POWEL,0.055607622617931896,0.0036241917836174883,0.49724271844660195,0.0410463301899657,144,90,109,129
DARKHAWK DOPPELGANGE,0.014682911590128085,5.977671827774984e-07,0.4647212543554007,0.020922355406727534,776,3161,401,445
DARK HUNTER,0.0009372071227741331,0.0,0.346372342152248,0.0006168121472356297,5676,4067,5343,5228
DARK MASTER,0.002967822555451421,0.0,0.32045249774752227,9.160873463813137e-05,3351,4067,6275,6319
DARK MOTHER / FINALITY,0.004686035613870665,2.606901550085826e-05,0.3756601337871142,0.002515176363530096,2377,1460,3160,2948
DARK,0.004842236800999687,5.96244509852684e-07,0.35612171107526286,0.0019586513697439118,2327,3164,4727,3382
DARK ONE,0.0012496094970321774,0.0,0.36858771374287524,0.002060225181704457,5271,4067,3827,3287
DARKOTH / MAJOR DESMON,0.004686035613870665,1.6931285624898097e-06,0.4096755615281244,0.006885972448921834,2377,2814,1478,1467
"DARKOVER, PROFESSOR",0.0010934083099031551,0.0,0.3359395497717374,0.0002602602455908849,5492,4067,5930,5978
DARK RAIDER,0.0037488284910965324,1.7288281338858477e-07,0.3769208124816014,0.00304247246712344,2830,3508,3054,2649
DARKSTAR / LAYNIA SERG,0.052171196501093406,0.0008158512919531253,0.5021570319240725,0.04641527038583836,155,276,89,99
DARK WIND / KENJI OYAM,0.002655420181193377,7.786701457280663e-07,0.4028188510665073,0.002951702946006632,3591,3086,1700,2691
DARLA,0.01515151515151515,5.345420980801829e-05,0.4459148847252212,0.014361804366164906,750,1122,674,724
"DARROW, MARISSA II",0.0018744142455482662,0.0,0.3702718334297282,0.0021139213507684984,4385,4067,3615,3228
"D'AURIA, JACK",0.005467041549515776,7.116546732533563e-05,0.376322595814719,0.0027357611794036527,2133,1000,3095,2818
DAVIDOFF,0.0018744142455482662,1.9990536606608627e-07,0.3641845383696456,0.0016032211624510875,4385,3480,4265,3733
"DAVID, PETER",0.0020306154326772885,0.0,0.3837899406510401,0.002186731807948329,4200,4067,2603,3177
"DAVIS, ABBY",0.0014058106841611997,0.0,0.3731421577198811,0.00228386828182323,5057,4067,3324,3106
"DAVIS, PRINCIPAL",0.0014058106841611997,4.436840468933042e-09,0.368566493955095,0.0012203124673720546,5057,4033,3832,4251
DAWN,0.0010934083099031551,0.0,0.3307330681407243,0.00031634743580258935,5492,4067,6074,5833
"DAWSON, DICTIONARY",0.0018744142455482662,0.0,0.370186191742801,0.0023388348222838453,4385,4067,3626,3064
DAYDREAMER / CATHERINE,0.0067166510465479536,8.753860000430754e-05,0.38492063492063494,0.0029845320880639457,1774,898,2542,2675
DAY,0.0020306154326772885,8.247270645796054e-08,0.35125644683419294,0.0011545289799285872,4200,3650,5091,4349
DAYTRIPPER / AMANDA SE,0.03748828491096532,0.0008041246389578266,0.4625054182921543,0.02446042286073795,244,279,434,351
DAZZLER / BURTRAM WORT,0.004686035613870665,1.0185848095273703e-06,0.3796027275422473,0.0042658719703733,2377,2996,2853,2133
DAZZLER II / ALLISON B,0.05935645110902843,0.0017712308729590396,0.4973586078309509,0.04745441984451896,130,173,108,96
DEADAIR,0.0028116213683223993,0.0,0.3716259360306496,0.0032613962810553038,3463,4067,3470,2541
DEADBOLT,0.004842236800999687,1.9300204241202182e-06,0.38193532991289825,0.00380157229996256,2327,2757,2724,2310
DEADEYE / ,0.0009372071227741331,0.0,0.3646201161863538,0.0008646432244669122,5676,4067,4245,4817
DEAD HEAD / ,0.0020306154326772885,0.0,0.3600269935890226,0.0011441447992582177,4200,4067,4511,4362
DEADHEAD,0.004061230865354577,2.112385491702068e-06,0.38494377968853344,0.003116810765764884,2650,2713,2539,2603
DEADLY DORIS,0.0015620118712902217,0.0,0.3435655253837072,0.0005130162246648038,4812,4067,5586,5435
DEADMAKER / GREGORI AN,0.0010934083099031551,0.0,0.3676774638180565,0.0012100988263677001,5492,4067,3938,4268
DEADPOOL / JACK / WADE W,0.03264604810996564,0.0032050455522742074,0.46590495597118115,0.015601432011473904,297,101,381,657
DEAD RINGER / LOU,0.0020306154326772885,0.0,0.3753077734787197,0.0017278433847988136,4200,4067,3191,3589
"DEAN, BETTY",0.0015620118712902217,5.422805017584828e-09,0.3759248385202584,0.001138059396368803,4812,4020,3139,4370
"DEAN, DARBY",0.004842236800999687,2.300160049371228e-06,0.3886359497359315,0.004872909230113165,2327,2687,2323,1946
"DEANGELO, DEVLIN",0.0012496094970321774,5.921334029675917e-08,0.35539025202620184,0.0009316109542448507,5271,3711,4771,4696
"DEAN, SUSAN",0.004842236800999687,2.300160049371228e-06,0.3886359497359315,0.004872909230113164,2327,2687,2323,1947
DEATH,0.04498594189315839,0.0005802990686435629,0.498326457538725,0.04345240215278619,191,336,102,113
DEATH ADDER,0.01640112464854733,5.7664145418320386e-05,0.43134348470556527,0.014769428661144997,701,1098,940,703
DEATHBIRD [SHI'AR],0.03233364573570759,0.0005150689003695791,0.45823491518144727,0.02504425367966136,305,362,482,334
DEATHCRY [SHI'AR],0.016088722274289285,9.087928907000172e-05,0.43280151433207137,0.01316029863674866,710,884,915,805
DEATHLOK / COLONEL LUT,0.007341455795064043,0.0010028239536575402,0.4145030754289414,0.005451946908922873,1640,247,1321,1777
DEATHLOK II / COL. JOH,0.00359262730396751,2.947982380875999e-06,0.3536625787205834,0.0006567578159276851,2918,2564,4876,5164
DEATHLOK III DOPPELG,0.00046860356138706655,0.0,0.32903325281389734,0.00022268168454761566,6167,4067,6103,6041
DEATHLOK III / MICHAEL,0.030146829115901278,0.0021778256581640922,0.4789406747961397,0.023306689322636884,332,147,249,376
DEATHLOK IV,0.0023430178069353325,0.0,0.37789976978926865,0.0030852876380188556,3856,4067,2978,2628
DEATHLOK | MUTANT X-,0.0023430178069353325,0.0,0.34452696157571844,0.0003118937694259633,3856,4067,5507,5844
DEATHRAVEN / JOSHUA RA,0.0012496094970321774,2.6311516858435045e-05,0.3274010432648052,0.00013395834049688735,5271,1454,6153,6240
DEATH'S HEAD,0.0012496094970321774,0.0,0.34977872479921324,0.0007344801477003366,5271,4067,5187,5024
DEATHSHIELD / ,0.001718213058419244,0.0,0.3700791953292098,0.001144315023858321,4561,4067,3662,4360
DEATH-STALKER,0.006248047485160887,2.714063819941795e-05,0.410805954825462,0.005203795141973638,1895,1443,1439,1861
DEATH STING / MIRANDA,0.0010934083099031551,1.5772333640922633e-07,0.3407131452900479,0.0003060951236005108,5492,3520,5773,5860
DEATHSTROKE / ,0.003436426116838488,0.0,0.379985754985755,0.002347759625947273,3010,4067,2834,3055
DEATHTOLL,0.0014058106841611997,3.9044196126610764e-08,0.33238149628783553,0.00024563383324836786,5057,3791,6032,6008
DEATHUNT 9000,0.005467041549515776,2.672064310666003e-07,0.4124202795851317,0.008502894873842955,2133,3400,1385,1202
DEATHURGE,0.015932521087160263,9.128759066314549e-05,0.45925394548063125,0.017323016699728785,718,881,470,585
DEATHWATCH / STEPHAN L,0.0060918462980318645,7.996914796064663e-05,0.3877884790114483,0.0020642051562191214,1940,947,2361,3281
DECAY / ,0.006560449859418931,1.3956620233824985e-06,0.3791980098323758,0.003857637730276997,1811,2893,2872,2290
DECAY II / YOSHIRO HAC,0.005935645110902842,7.769686756197288e-06,0.42168357265182455,0.007505989349484056,1994,2070,1140,1354
DECIBEL,0.0023430178069353325,0.0,0.3544261750539777,0.0013489846131698698,3856,4067,4832,4068
DEFENSOR,0.02139956263667604,5.029370828175033e-06,0.4775473668506639,0.02854857588249918,513,2309,261,265
"DEGANN, KRIS",0.001718213058419244,0.0,0.38522173415969674,0.0025938874012813645,4561,4067,2528,2907
DEIMOS,0.0018744142455482662,0.0,0.35301902398676593,0.0008886118751215853,4385,4067,4924,4789
"DEKKER, GENERAL LYLE",0.0018744142455482662,0.0,0.3877649909145972,0.002278291046386899,4385,4067,2366,3107
"DELACORTE, ARTHUR",0.0028116213683223993,7.74713602663664e-09,0.34659736884846515,0.0012738294402377462,3463,3976,5332,4156
DE LA COURTE,0.0028116213683223993,7.74713602663664e-09,0.34659736884846515,0.0012738294402377468,3463,3976,5332,4155
"DE LA FONTAINE, CONT",0.042018119337706966,0.0011580911077560961,0.48862769042894216,0.03375329323584897,212,226,166,200
"DE LA JOYA, SISTER M",0.0014058106841611997,0.0,0.36589129565068296,0.0015770451884960111,5057,4067,4157,3762
"DELANY, CAPT.",0.005310840362386754,5.818556371434399e-07,0.3806862103823512,0.005533113099872342,2184,3180,2803,1747
"DE LA SALLE, BEATRIC",0.0006248047485160887,0.0,0.3794227463995733,0.0015770583386098167,6020,4067,2858,3761
"DE LA SPIROSA, COUNT",0.0014058106841611997,9.354544484521843e-08,0.36296632271232565,0.0009210832838033084,5057,3627,4345,4730
"DELAZNY, CHARLES L.",0.0018744142455482662,3.498778820822101e-08,0.375968992248062,0.0020216080025078405,4385,3811,3128,3327
"DELAZNY, DORIAN",0.0015620118712902217,1.3579140824195433e-05,0.3525330396475771,0.00038790369610812144,4812,1769,4954,5659
"DELGADO, FATHER",0.008278662917838176,5.147215600678324e-05,0.4400907403588369,0.00853955957264445,1467,1141,774,1194
"DELGADO, LUZ",0.0014058106841611997,0.0,0.32643279624719557,0.00015486677819570246,5057,4067,6177,6216
"DELGADO, RUFUS",0.004529834426741643,1.1624146206324265e-06,0.3749560735621413,0.0035226628498758275,2437,2948,3213,2430
DELGADO,0.005623242736644799,5.663078540112963e-07,0.3957715133531157,0.006429608395838979,2087,3190,2016,1555
"DEL HIERRO, BLANCA",0.0020306154326772885,7.304067883128169e-08,0.3916075360900416,0.002818084814928267,4200,3677,2182,2775
DELILAH,0.009528272414870352,1.517018820354828e-05,0.37665470377125376,0.002728546137608989,1270,1721,3066,2823
DELPHI,0.009528272414870352,0.00011863418884410587,0.4141812770912855,0.007031086811056197,1270,783,1338,1435
DELPHI II,0.0018744142455482662,0.0,0.36226799456767766,0.001789084996314253,4385,4067,4383,3535
"DELPHIS, SIR",0.008903467666354263,1.5513104174533097e-05,0.3879764862735592,0.00561263237805019,1370,1707,2356,1726
DELPHOS,0.004217432052483598,1.871442607860659e-08,0.3463536031162086,0.002348727986632942,2569,3902,5344,3054
DELUGE II,0.0031240237425804434,2.7993590093474616e-08,0.3715827964478496,0.0017817249514952814,3214,3845,3483,3549
DELUGE,0.002967822555451421,6.873097389602615e-07,0.39584492672973476,0.004799814941286831,3351,3132,2014,1960
DEMEITYR,0.0007810059356451108,0.0,0.3404594767070836,0.0006062983188738899,5841,4067,5793,5253
DEMI-GOD,0.0032802249297094657,0.0,0.37035751475182227,0.0024778369494769573,3094,4067,3605,2974
DEMITRIUS,0.0009372071227741331,0.0,0.36153151118138693,0.0004815337426593307,5676,4067,4433,5494
DEMOGOBLIN,0.00499843798812871,1.7999460697334948e-05,0.39392074821560424,0.00306314520540987,2281,1635,2081,2635
DEMOLITION MAN / DENNI,0.026710402999062792,0.00021591811354278515,0.45790715971675844,0.02194209527728354,382,586,483,411
DEMOLITION MAN DOPPE,0.0032802249297094657,1.8749700119824518e-07,0.37857016143338656,0.002117562992084081,3094,3491,2918,3226
DEMON BEAR,0.005935645110902842,6.8118882042004715e-06,0.3725992317541613,0.00414887123095895,1994,2139,3358,2174
DEMONICUS / DR. DOUGLA,0.0060918462980318645,1.4782764489459283e-05,0.3974669398398212,0.005816800507275259,1940,1735,1918,1672
DEMONSTAFF,0.002967822555451421,0.0,0.3517195912537084,0.0013079115245602725,3351,4067,5024,4101
DENAK,0.0021868166198063103,0.0,0.3516230021420333,0.0007476433753012121,4042,4067,5049,4995
"DENNAGER, MICHAEL",0.0015620118712902217,0.0,0.36691884456671253,0.0009973641423850028,4812,4067,4031,4594
"DENNEHY, ROBERT",0.0015620118712902217,0.0,0.3568164084271542,0.0009010518457382615,4812,4067,4709,4765
"DENNIS, MARTY",0.0037488284910965324,1.696059921421746e-06,0.41560633601661906,0.004995331571658728,2830,2813,1295,1918
"DEPALMA, MR.",0.0012496094970321774,0.0,0.37857016143338656,0.0012770752084582558,5271,4067,2918,4148
"DEPAUL, SHIELD SPECI",0.0028116213683223993,1.725681555835967e-08,0.3703360907039972,0.0018639683325360383,3463,3907,3612,3469
DESADIA,0.00015620118712902218,0.0,0.2739175081293856,1.2966446802570795e-05,6354,4067,6381,6376
DESAK / DESAK STERIXIA,0.001718213058419244,0.0,0.36468242665907147,0.0011368576938926265,4561,4067,4234,4373
DESIGNATE / TARENE,0.006560449859418931,2.7017161920686764e-06,0.37661038884640274,0.004405673334553002,1811,2612,3069,2087
DESOLATION / ,0.0012496094970321774,0.0,0.3686513877692042,0.0014838290024075421,5271,4067,3820,3884
"DESTINE, ADAM",0.0031240237425804434,0.0,0.3783240751684198,0.003769855124466321,3214,4067,2937,2323
"DESTINE, NEWTON",0.0031240237425804434,0.0,0.3783240751684198,0.0037698551244663213,3214,4067,2937,2321
DESTINY II / IRENE ADL,0.037019681349578254,0.0005728996098284467,0.4740817535545024,0.029269399561833675,250,340,296,251
DESTINY / PAUL DESTINE,0.0012496094970321774,0.0,0.3512371756185878,0.0006369496978229736,5271,4067,5092,5190
DESTRAK,0.0018744142455482662,0.0,0.32058087130696045,0.0006098631207967221,4385,4067,6268,5244
DESTROYER III,0.020462355513901905,0.000164380182914739,0.4182400209054681,0.013676714500957223,540,673,1230,767
DESTRUCTOR / PROFESSOR,0.004529834426741643,7.395200583077502e-07,0.41128099704484133,0.006549522364766593,2437,3109,1420,1530
DETHSTRYK,0.00046860356138706655,0.0,0.2606571393672896,2.8615667887412183e-06,6167,4067,6401,6396
DEUCE,0.004686035613870665,2.8327483544309135e-05,0.3659749614131367,0.0016813833624162835,2377,1415,4143,3627
"DEUTSCH, GEN.",0.002655420181193377,1.5116007892415133e-06,0.3725992317541613,0.0018482150882243322,3591,2855,3358,3485
DEVASTATOR II / GREGOR,0.0018744142455482662,2.293303487685621e-06,0.3648279006154547,0.0013124438803364205,4385,2689,4220,4096
DEVASTATOR / KIROV PET,0.00046860356138706655,0.0,0.3523390203632361,0.0006410701756988051,6167,4067,4985,5183
"DEVERAUX, INSPECTOR",0.0023430178069353325,0.0,0.34876879494443236,0.001282132216640525,3856,4067,5230,4140
"DEVEREAUX, IRIS",0.0023430178069353325,0.0,0.34823759791122716,0.0010611953517652125,3856,4067,5245,4452
"DEVEREAUX, MICHELLE",0.004529834426741643,4.2931140148741703e-07,0.38540726024923244,0.0038959538863266754,2437,3257,2515,2263
DEVIL DINOSAUR,0.004686035613870665,7.978380082286393e-06,0.40132898696088265,0.0034539374194859493,2377,2053,1749,2463
DEVIL DINOSAUR | MUT,0.007497656982193065,0.0,0.34513989972505255,0.00036711039563783697,1588,4067,5422,5715
"DEVILLE, ARCADIA",0.005310840362386754,2.209019369283069e-06,0.34911113534736615,0.001499744698479028,2184,2701,5200,3867
"DEVILLE, JENNIFER CR",0.0010934083099031551,0.0,0.3676774638180565,0.0012100988263677003,5492,4067,3938,4267
DEVIL-SLAYER / ERIC SI,0.024835988753514525,0.00052727796264609,0.47797521278184263,0.02869564038120464,416,358,259,260
"DEVINE, ANTON",0.002499218994064355,0.0,0.37399228881878727,0.0027219446952016103,3730,4067,3267,2825
DEVLOR,0.013745704467353952,0.00027994262991792634,0.4236929185969557,0.011046499420507996,843,505,1082,935
"DEVOOR, ALBERT",0.0015620118712902217,2.23054925150133e-09,0.3796027275422473,0.0029426763441245058,4812,4057,2853,2701
DEVOS THE DEVESTATOR,0.014682911590128085,1.8860717008711324e-05,0.45151280062063615,0.018139239481510527,776,1613,581,539
DEVOURER,0.003436426116838488,7.829447699319935e-05,0.369587807412539,0.0009590021292074979,3010,959,3738,4657
"DEWITT, KEARSON",0.003436426116838488,1.0248320708420649e-06,0.38694469628286493,0.0037535746565140484,3010,2994,2419,2335
"DEWITT, LUCIUS",0.0018744142455482662,0.0,0.34193238263098863,0.000905564227203257,4385,4067,5714,4758
"DEWOLFF, JEAN",0.01796313651983755,0.0001594357285203995,0.45059121621621623,0.014945879830321127,640,686,597,698
"DEWOLFF, MEREDITH",0.00046860356138706655,0.0,0.34767025089605735,0.00034992221230997246,6167,4067,5279,5759
DEXAM,0.00359262730396751,5.753239349038369e-06,0.35333075776808875,0.001348067564210908,2918,2233,4895,4070
DEX,0.0009372071227741331,8.378233752168559e-08,0.36595404138561793,0.0005443290323924068,5676,3645,4146,5377
"DEZOAN, JOHN",0.0007810059356451108,0.0,0.3702290076335878,0.0009952985868863626,5841,4067,3624,4600
DHEREK,0.0012496094970321774,0.0,0.3355697662228745,0.0005665145516112514,5271,4067,5940,5351
DIABLO / ESTEBAN DE AB,0.027022805373320836,0.0005875099173485627,0.4715674720094284,0.026287211213590945,376,332,317,310
DIAMONDBACK II / RACHE,0.03811308965948141,0.0005806030574477887,0.45741640468705347,0.02473626966375594,238,335,488,340
DIAMONDBACK,0.0007810059356451108,6.100655644782932e-09,0.3409671921602045,0.0003071011277739696,5841,4008,5766,5854
"DIAMOND, BOB",0.012339893783192751,0.000220079678454927,0.4148253741981468,0.0059514357742474055,947,577,1314,1633
"DIAMOND, CHUCKY",0.001718213058419244,0.0,0.39932634730538924,0.001884496450470035,4561,4067,1835,3444
"DIAMONDE, YVETTE",0.0032802249297094657,4.276747861882162e-07,0.36899135446685877,0.002361481046179289,3094,3260,3793,3039
DIAMOND HEAD,0.00046860356138706655,0.0,0.3700791953292098,0.0008226681730443689,6167,4067,3662,4892
DIAMONDHEAD / DYKER,0.012183692596063729,5.600800744951271e-05,0.39086635325721963,0.006360188615886159,970,1110,2216,1575
"DIAMOND, KATHY",0.0009372071227741331,0.0,0.3629251700680272,0.0009479589821389255,5676,4067,4348,4669
DIAMOND LIL / LILLIAN,0.017182130584192438,0.00026222642808682007,0.43429889424055357,0.012069247086507072,667,531,887,865
"DIBBS, LIONEL",0.001718213058419244,0.0,0.38840016987198933,0.0032644577170700545,4561,4067,2333,2535
DIBDEB,0.0031240237425804434,0.0,0.3602701181767023,0.0015433105318114026,3214,4067,4494,3818
DICE / ROB FORTUNE,0.0014058106841611997,5.819973391225558e-07,0.3771206409048068,0.0008430310701992346,5057,3174,3042,4863
"DICHINSON, RICKY",0.00046860356138706655,0.0,0.3661214686034542,0.0004095860433202552,6167,4067,4125,5604
"DIEGO, MANUEL",0.0014058106841611997,0.0,0.3599460249634544,0.0008933989309684672,5057,4067,4516,4777
DIE'ODE / ,0.0023430178069353325,0.0,0.34909209880582365,0.001365791330603378,3856,4067,5205,4032
"DIETZ, SUSAN",0.001718213058419244,0.0,0.3587961665639186,0.001258088707747826,4561,4067,4583,4196
DIGGER,0.006248047485160887,3.7956510160516136e-06,0.39675260287555775,0.0054769394050218885,1895,2450,1969,1772
DIGGER II / ,0.002967822555451421,3.2089154926773817e-06,0.3663309681849393,0.0014940782748248328,3351,2531,4099,3873
"DILLON, ANITA",0.002967822555451421,0.0,0.36708715596330277,0.0010800625517019735,3351,4067,4001,4428
"DILLON, BERNIE",0.004217432052483598,6.136072472897634e-06,0.37852539466682433,0.0017367419372254684,2569,2194,2923,3579
"DILLON, JONATHAN",0.002967822555451421,0.0,0.36708715596330277,0.0010800625517019718,3351,4067,4001,4430
DINAH-SOAR,0.016088722274289285,7.325504975379097e-05,0.4227695965132404,0.012481332603980544,710,986,1109,838
DINU,0.004217432052483598,1.6690489992906248e-06,0.35950134770889486,0.0022268749282877607,2569,2819,4544,3154
DIONYSUS [GREEK GOD],0.004842236800999687,3.3644380900157106e-06,0.40135414707541844,0.0049886865643568165,2327,2501,1747,1920
"DIPALMA, JOHNNY",0.0023430178069353325,0.0,0.3683756257552218,0.0013717347797605613,3856,4067,3852,4013
DIRECTOR X,0.0023430178069353325,0.0,0.3417316109746984,0.0006985395825166822,3856,4067,5726,5099
DIRGE / ,0.0012496094970321774,0.0,0.3686513877692042,0.0014838290024075432,5271,4067,3820,3882
"DIRKSON, GUS",0.0023430178069353325,0.0,0.3448795992027151,0.001394314920193967,3856,4067,5466,3980
DIRT NAP,0.00718525460793502,2.013749836440984e-05,0.3748463024767258,0.0029017121715376073,1664,1591,3219,2717
DIRTY WOLFF,0.0012496094970321774,1.0867775284414733e-07,0.3413853783394657,0.0005202180692039684,5271,3593,5737,5418
DISCUS,0.008278662917838176,7.855061770232355e-06,0.41601143674052893,0.006648430495063749,1467,2063,1277,1522
DISPROSIUM,0.005935645110902842,7.452221201640424e-07,0.39719568184638293,0.005522355851732565,1994,3096,1929,1756
DISTORTER,0.00031240237425804435,0.0,0.3522808562152644,0.00048752689614049363,6269,4067,4990,5487
DIVINITY,0.0039050296782255542,2.7150503372336224e-05,0.40259086907307257,0.004754648139003643,2721,1442,1703,1977
"DIXON, GENERAL",0.0020306154326772885,0.0,0.3655778894472362,0.0011715091550435809,4200,4067,4185,4322
DIZZIE,0.001718213058419244,0.0,0.3783240751684198,0.002089822908562254,4561,4067,2937,3253
D'KAY,0.0009372071227741331,0.0,0.34461969101577217,0.000325559874415371,5676,4067,5491,5813
D.K. / DAVID KALEN,0.002655420181193377,2.9537494156329063e-07,0.3715827964478496,0.001536828174826475,3591,3363,3483,3829
D'KEN [SHI'AR],0.010621680724773508,1.0083122006314018e-05,0.420824295010846,0.010281034472864868,1131,1921,1159,1000
DMITRI,0.0039050296782255542,3.134414010910787e-06,0.41452991452991456,0.006483034592335022,2721,2541,1319,1538
D.O.A.,0.0067166510465479536,6.391286772994545e-06,0.3634815193323114,0.002522615084662404,1774,2175,4298,2944
DOC,0.002655420181193377,1.1078084282260118e-07,0.3567766384306732,0.0007646143346267498,3591,3592,4714,4978
"DOCKERY, RUPERT",0.0018744142455482662,3.958576223722814e-07,0.36771970132107984,0.0009177367382342507,4385,3278,3926,4736
DOC SAMSON / DR. LEONA,0.04779756326148078,0.0015834800899586763,0.49325834039602434,0.039932529187299434,170,189,128,140
DOC SAMSON | MUTANT,0.0021868166198063103,0.0,0.34450842167572515,0.00029762319370408495,4042,4067,5519,5887
DOCTOR DREDD,0.0021868166198063103,1.8581344863366456e-06,0.3553705245628643,0.0010560609897085234,4042,2781,4774,4461
"DOCTOR, DR. JOSHUA",0.0012496094970321774,0.0,0.32359482410028306,0.0001194380068396747,5271,4067,6239,6278
DOCTOR MANDIBUS,0.0010934083099031551,0.0,0.3465598440967899,0.0008092271405209973,5492,4067,5338,4908
DOGGEREL,0.0006248047485160887,0.0,0.35160369068541303,0.0003986700618136326,6020,4067,5057,5628
"DOLAN, CAPT. THOMAS",0.0037488284910965324,1.6036910074403533e-05,0.3623500113199004,0.0010458192269472487,2830,1693,4379,4484
"DOLAN, STACY",0.007497656982193065,0.0002513343437440271,0.40350434892222364,0.003432353689661958,1588,539,1675,2481
DOLLAR BILL,0.009215870040612308,1.5637728916308117e-05,0.45192714951291824,0.010622768731012923,1318,1702,573,970
DOLMAN,0.0039050296782255542,2.044755589148025e-06,0.38223177503134514,0.0021777756200253772,2721,2730,2698,3184
"DOMANI, DINO",0.00031240237425804435,0.0,0.35127572016460906,0.0003595745379267417,6269,4067,5089,5736
DOMINA,0.010621680724773508,6.069868192871271e-05,0.3919671830037348,0.007232740722123477,1131,1076,2171,1400
DOMINEX,0.002499218994064355,0.0,0.38821175186465345,0.003972221468812907,3730,4067,2343,2234
DOMINO II,0.0007810059356451108,0.0,0.3716043649872301,0.0007971390448544397,5841,4067,3482,4923
DOMINO III / BEATRICE / ,0.052014995313964384,0.002597310970671358,0.45433255269320844,0.023092848429534237,156,122,528,382
DOMINO,0.0009372071227741331,4.103589274890397e-06,0.36230899830220714,0.0004929076771583568,5676,2410,4382,5480
DOMINUS II,0.001718213058419244,3.44346392815043e-08,0.3768098881695115,0.0026868899771540877,4561,3812,3060,2842
DOMINUS,0.0012496094970321774,0.0,0.36867261733371726,0.0021625845859457827,5271,4067,3817,3194
DOMO,0.0078100593564511085,2.436063860884423e-05,0.388,0.006236603700084578,1526,1491,2354,1594
"DONALDSON, LINDA",0.004529834426741643,1.9786695914348774e-06,0.40758897306933217,0.005581736708628354,2437,2747,1551,1736
DONAR,0.002499218994064355,6.748539731767412e-08,0.381162181471779,0.0018712731401738386,3730,3693,2763,3462
"DON, GAI NO",0.0009372071227741331,2.5686971135928133e-09,0.3358514321687126,0.00042562668108121884,5676,4055,5935,5575
"DONLEAVY, HANNAH",0.004217432052483598,1.0481891556073505e-05,0.38865954346770276,0.0035303040615684554,2569,1904,2320,2428
"DONNELY, VICTORIA TO",0.0031240237425804434,2.6838882348017514e-07,0.34882580504549665,0.001405152712117364,3214,3397,5227,3974
"DONOHUE, TREVOR",0.0023430178069353325,4.651695720298131e-06,0.38762412206345365,0.002009898653173724,3856,2350,2382,3341
DONYELL,0.0028116213683223993,7.400455878335038e-08,0.35505518274083525,0.002196651171152131,3463,3672,4783,3172
"DOOM, DR. BOB",0.00046860356138706655,0.0,0.35166163141993956,0.00040918530388936176,6167,4067,5041,5606
DOOMSDAY MAN,0.005154639175257732,2.08483451820445e-06,0.4100429129571511,0.006465609659201963,2237,2718,1464,1548
DOOMSDAY MAN II,0.0015620118712902217,0.0,0.3666456674875437,0.0018048647939524435,4812,4067,4064,3523
DOOP,0.0031240237425804434,1.3108700663688165e-05,0.3675719124992823,0.0013840277881737265,3214,1791,3943,3990
DOORMAN,0.016088722274289285,7.325504975379097e-05,0.4227695965132404,0.012481332603980554,710,986,1109,836
DOPPELGANGER,0.017182130584192438,8.092299143949326e-05,0.4563404376648371,0.01910475498519933,667,936,499,505
"DORCAS, LEMUEL DR.",0.00359262730396751,8.209076053918192e-06,0.39038965790596986,0.0023358246138213386,2918,2041,2229,3068
DORMA [ATLANTEAN],0.012808497344579818,0.000165936352870465,0.4342105263157895,0.012499683010398582,904,667,889,834
DORMA II [ATLANTEAN],0.006872852233676976,7.538155444984135e-05,0.4344757380386834,0.009642192469456018,1733,979,879,1085
DORMAMMU,0.02389878163074039,0.00180237158213235,0.4611063094209162,0.01728259818561737,436,170,449,588
"DORNOVA-BLONSKY, NAD",0.005467041549515776,1.3553586462693213e-05,0.41582229150428685,0.005528318129746216,2133,1772,1285,1748
DORREK II,0.001718213058419244,0.0,0.38250582541674133,0.0026038142155975857,4561,4067,2685,2901
DORREK [SKRULL],0.00999687597625742,8.527183751030842e-05,0.4281701444622793,0.009495976555690467,1215,917,986,1097
DOUGHBOY,0.0060918462980318645,8.97712734289861e-06,0.40017502187773474,0.004021647369972454,1940,1983,1797,2210
DOUGLOCK 2013,0.0012496094970321774,0.0,0.3367169831168148,0.00021810530350753406,5271,4067,5897,6073
"DOVER, DONNA-LEE",0.0037488284910965324,5.211179310915797e-06,0.37836879432624115,0.0017039951393344956,2830,2282,2931,3611
DOVINIA,0.0007810059356451108,0.0,0.29992972593113143,3.6632983208634725e-05,5841,4067,6347,6358
DRACCHISS,0.0012496094970321774,0.0,0.31474926253687313,0.0002289409104700166,5271,4067,6320,6025
DRACULA | MUTANT X-V,0.012808497344579818,0.00013632547591839437,0.36472397880704155,0.001299915250141315,904,736,4228,4112
DRACULA / VLAD TEPES,0.026241799437675725,0.0030197329977120655,0.47858264184794796,0.025261439245603045,389,110,255,329
DRAGONA,0.0023430178069353325,0.0,0.36232950365046124,0.001836921778694035,3856,4067,4380,3493
"DRAGONBLOOD, ULYSSES",0.005779443923773821,3.2052695730443685e-06,0.3491682574311426,0.0015119367190898625,2050,2534,5198,3852
DRAGONESS,0.008591065292096219,5.602311146005447e-06,0.394357521251694,0.00823998222616849,1414,2250,2068,1251
DRAGONFIST,0.0032802249297094657,0.0,0.37035751475182227,0.002477836949476958,3094,4067,3605,2972
DRAGONFLY II / MEIKO Y,0.004373633239612621,1.5621541329337131e-06,0.3697158697158697,0.0016305033094880233,2505,2843,3721,3704
DRAGONFLY / VERONICA D,0.026085598250546703,0.00036593962600636504,0.44390514491748717,0.0173031036755542,391,441,704,587
DRAGONHEAD,0.0007810059356451108,0.0,0.3580737177694502,0.0004598252164803597,5841,4067,4624,5520
DRAGON MAN,0.01733833177132146,0.00016528671750357153,0.44495412844036697,0.015679670331685023,659,669,690,656
"DRAGONMEGAS, JESSIE",0.0006248047485160887,0.0,0.3049878519365442,3.3895204414319943e-05,6020,4067,6339,6364
DRAGON OF THE MOON,0.0021868166198063103,1.0310462066288874e-08,0.3894871326884468,0.003113245072764203,4042,3945,2277,2607
DRAGONUS,0.0015620118712902217,3.492592176210992e-07,0.35340877725641734,0.0008448783868778164,4812,3326,4888,4859
DRAGONWING / ,0.002655420181193377,6.306182458815627e-09,0.346916657635201,0.0010194710555654822,3591,3999,5306,4544
"DRAGO, VALERIE",0.00015620118712902218,0.0,0.35170026918639785,0.00033722403510878487,6354,4067,5031,5790
"DRAKE, CARLTON",0.006560449859418931,4.663609250415218e-06,0.38708507164883005,0.004457159814343161,1811,2346,2407,2073
"DRAKE, FRANKLIN",0.006872852233676976,7.614005913608646e-05,0.36831204694511566,0.0023881301854439606,1733,973,3861,3021
"DRAKE, MADELINE BEAT",0.00499843798812871,3.851967106441827e-06,0.3821861381410065,0.005611718080393739,2281,2442,2700,1728
"DRAKE, MALCOLM",0.0014058106841611997,0.0,0.36439182651260743,0.0015170859630132042,5057,4067,4259,3848
"DRAKE, WILLIAM ROBER",0.0078100593564511085,1.6070062107679687e-05,0.41593035343035345,0.008678860056701933,1526,1691,1281,1177
"DRAN, DAMON",0.0023430178069353325,5.289959229932795e-06,0.3867576874282607,0.0019171883251004982,3856,2279,2434,3420
DR. ANGST / FLOYD MANG,0.0015620118712902217,0.0,0.3522808562152644,0.0004463632525763611,4812,4067,4990,5545
DRAX / ARTHUR DOUGLAS,0.04764136207435176,0.0011039149088759644,0.4907627443464929,0.041605778490925886,172,233,149,126
DRAX DOPPELGANGER,0.009215870040612308,0.0,0.44012099546267014,0.014260386113087765,1318,4067,769,735
DRAX | MUTANT X-VERS,0.007497656982193065,0.0,0.34513989972505255,0.00036711039563783676,1588,4067,5422,5724
DR. BONG,0.0028116213683223993,1.037878696211829e-05,0.36495268498460837,0.0010754236094928,3463,1907,4215,4436
DR. DECIBEL / ANTON DE,0.00359262730396751,8.223399785037483e-08,0.3301701908200103,0.0008590701401599481,2918,3651,6082,4831
DR. DOOM CLONE / VICTO,0.002967822555451421,1.3536999887291925e-07,0.3845045045045045,0.0040309923489544675,3351,3550,2572,2206
DR. DOOM DOPPELGANGE,0.0021868166198063103,0.0,0.3930500982318271,0.0021342973964403765,4042,4067,2123,3208
DR. DOOM | MUTANT X-,0.010465479537644486,1.9303469787794206e-06,0.34549379384781437,0.0003925687812893699,1156,2756,5393,5638
DR. DOOM | TIMESLIDE,0.0039050296782255542,0.0,0.38771802325581395,0.003517393750815406,2721,4067,2369,2441
DR. DOOM / VICTOR VON,0.1041861918150578,0.010941802582885624,0.5163736086465559,0.06486177896879589,50,32,49,43
DR. DRUID / ANTHONY LU,0.07716338644173695,0.0023373771661452727,0.5072498217256952,0.05702243313061024,79,137,71,60
DREADFACE,0.003436426116838488,2.9939065381526232e-05,0.4031486146095718,0.004764548612861609,3010,1383,1686,1971
DREADKNIGHT / BRAM VEL,0.011246485473289597,2.7593981407698914e-05,0.4268853770754151,0.01033869424178953,1063,1437,1014,993
DREADNAUGHT,0.002967822555451421,5.843448564911474e-07,0.374254647492108,0.0021200995671127034,3351,3173,3248,3225
DREAMGUARD / DEPUTY WI,0.0010934083099031551,0.0,0.37001502716448964,0.0012476688938186631,5492,4067,3677,4211
DREAMING CELESTIAL / T,0.0060918462980318645,2.360189368890208e-05,0.4009770762871101,0.004757907020161768,1940,1515,1774,1975
DREAM QUEEN,0.0028116213683223993,0.0,0.341567518540255,0.0018218545134925908,3463,4067,5731,3508
"DREYFUSS, RACHEL",0.0039050296782255542,1.4117661227453737e-07,0.37568217827592276,0.0029588846660717405,2721,3543,3158,2689
DR. FAUSTUS,0.0039050296782255542,4.230313287387783e-06,0.4102531239987184,0.003863546279689654,2721,2395,1458,2286
DR. GOODWRENCH,0.0007810059356451108,0.0,0.3740578439964943,0.0016923854949619326,5841,4067,3265,3618
DR. HYDRO,0.0007810059356451108,0.0,0.35521278366531656,0.0007094381271238429,5841,4067,4780,5071
"DRISCOLL, MAYOR",0.0014058106841611997,0.0,0.33490269930947897,0.0005110779614476682,5057,4067,5987,5438
DR. MIDAS / ,0.0014058106841611997,0.001561068303217163,0.36140905498475784,0.0004114903791237069,5057,191,4440,5603
DR. MIME,0.0021868166198063103,0.0,0.3597841969203102,0.0006563176082911296,4042,4067,4533,5167
DR. NEMESIS / DR. STOC,0.0012496094970321774,1.0248911621770013e-05,0.3871084774458822,0.0021993986034755607,5271,1911,2403,3171
DR. OCTOPUS II / CAROL,0.009684473601999375,0.00011234943512602314,0.42383316782522346,0.005225887275235992,1251,809,1078,1857
DR. OCTOPUS | MUTANT,0.007497656982193065,0.0,0.34513989972505255,0.00036711039563783697,1588,4067,5422,5715
DR. OCTOPUS / OTTO OCT,0.038425492033739454,0.0008562063851696181,0.48204201490851595,0.027258252328931015,235,268,213,290
DROMEDAN,0.002967822555451421,1.066455218726504e-06,0.3633164973611032,0.001711212510827849,3351,2977,4320,3606
DR. PHOBOS,0.001718213058419244,0.0,0.38193532991289825,0.00217830290417757,4561,4067,2724,3183
DR. POWER / DR. MAXIMU,0.0006248047485160887,0.0,0.3660586654468523,0.0006650212712994716,6020,4067,4132,5147
DR. SPECTRUM II / DR.,0.006248047485160887,3.7569796676430545e-06,0.41763976776045403,0.00811671262671267,1895,2458,1238,1270
DR. SPECTRUM III / REV,0.00359262730396751,0.0,0.4110169491525424,0.006170140187059289,2918,4067,1427,1601
DR. SPECTRUM / JOSEPH,0.028116213683223992,0.0010808275542263735,0.4652616279069767,0.021201336006114,358,238,392,432
DR. STRANGE DOPPELGA,0.0015620118712902217,0.0,0.3713241691317209,0.0016289865333771064,4812,4067,3506,3705
DR. STRANGE | MUTANT,0.010153077163386441,2.068230298127953e-06,0.34545650766242175,0.0003902125781480584,1193,2720,5396,5648
DR. STRANGER YET,0.0007810059356451108,0.0,0.3515843813498819,0.0007060209839010212,5841,4067,5061,5077
DR. STRANGE / STEPHEN,0.16994689159637613,0.02930500929361343,0.5398431570958766,0.0823386965069404,20,6,21,26
DR. SUN,0.004373633239612621,1.2080307301680052e-05,0.3751318410875425,0.0027029848627928327,2505,1836,3200,2834
DR. SYNNE,0.0012496094970321774,7.326596921972644e-08,0.3473872700634869,0.0005072333092645688,5271,3673,5295,5455
DRUID / DREDMUND CROMW,0.005935645110902842,5.8812611831200765e-06,0.41509433962264153,0.005851804689165323,1994,2221,1308,1667
DRUIG,0.00718525460793502,3.3554132543205064e-06,0.364765540425047,0.002695450926742699,1664,2503,4224,2836
"DRUMM, COLLETTE",0.0012496094970321774,0.0,0.36715031255376496,0.0006681491427415749,5271,4067,3990,5140
"DRUMM, JERICHO",0.022336769759450172,0.0007300735720316064,0.47411686291935123,0.02536942120005399,485,289,294,326
DR. VAULT,0.0015620118712902217,1.3579140824195433e-05,0.3525330396475771,0.00038790369610812106,4812,1769,4954,5660
DR. VOLKH / VLADIMIR O,0.0020306154326772885,0.0,0.3932915591596019,0.0028029743272522346,4200,4067,2114,2782
DRY,0.004842236800999687,5.96244509852684e-07,0.35612171107526286,0.0019586513697439083,2327,3164,4727,3383
DR. ZEUS,0.0014058106841611997,0.0,0.37641110065851363,0.0010132181839843347,5057,4067,3084,4561
D'SPAYRE,0.014682911590128085,0.0005062375605085777,0.43906453604005213,0.010406764514100846,776,369,788,990
D'SPRYTE,0.00015620118712902218,0.0,0.3262996941896025,0.00010896371948607745,6354,4067,6184,6312
"DUBOIS, DR. CLAUDIA",0.0012496094970321774,0.0,0.35464214491469087,0.0007104915010216715,5271,4067,4809,5069
"DUBOIS, HERVE",0.0018744142455482662,0.0,0.36801563577833984,0.002051518700096414,4385,4067,3889,3295
"DUBOIS, NOAH",0.006248047485160887,0.00011815572602773643,0.4082387450580283,0.0046002380546254894,1895,788,1533,2022
DUCHARME,0.0006248047485160887,0.0,0.31990805516689985,8.953882303238317e-05,6020,4067,6292,6326
"DUCRESTE, ABRIAN",0.00046860356138706655,0.0,0.339268680445151,0.00022064578124219867,6167,4067,5832,6054
"DUFFY, SGT. MIKE",0.00031240237425804435,0.0,0.3698226561146092,0.0005638190073904916,6269,4067,3701,5355
"DUGAN, DUM DUM | MUT",0.0039050296782255542,2.3482883251160875e-06,0.34882580504549665,0.0004856308667579763,2721,2682,5227,5490
"DUGAN, TIMOTHY ALOYI",0.07872539831302718,0.0063699310018193595,0.5018814675446849,0.04821395971828082,78,57,90,91
DULB,0.002499218994064355,0.0,0.3913681379141704,0.0030433869614508633,3730,4067,2195,2646
"DULTRY, MARGARET",0.00031240237425804435,0.0,0.33746244267566283,0.00026118781535371084,6269,4067,5869,5977
"DUNCAN, FRED",0.0037488284910965324,4.1095312162742624e-06,0.38102606832519936,0.0036186381775969835,2830,2408,2779,2388
"DUNER, MAJOR",0.0009372071227741331,0.0,0.3696518274727178,0.0004624926565373799,5676,4067,3725,5514
"DUNHAM, LAURA",0.006872852233676976,1.531028272308963e-05,0.3735558408215661,0.003089475747877709,1733,1714,3290,2625
"DUNLEAVY, GEN. ARLEN",0.0009372071227741331,0.0,0.36858771374287524,0.0007826234764390227,5676,4067,3827,4947
"DURAN, CONAL",0.006560449859418931,2.407807919371112e-07,0.38753026634382565,0.007746604211660385,1811,3432,2385,1314
DUSK III,0.0010934083099031551,0.0,0.3307330681407243,0.00031634743580258876,5492,4067,6074,5835
DUSK,0.0007810059356451108,4.436840468933042e-09,0.3666246707135494,0.0006989781576718648,5841,4033,4067,5097
"DUVALL, SNAKY",0.0009372071227741331,0.0,0.3668347467338987,0.0007390294446695356,5676,4067,4036,5014
DWELLER IN DARKNESS,0.005154639175257732,4.210944210100603e-05,0.4028949024543738,0.0039907848753200316,2237,1238,1695,2224
D'WON,0.0020306154326772885,0.0,0.34367618638608544,0.0007282845060667657,4200,4067,5582,5035
"DWORMAN, JIM",0.0031240237425804434,1.0011869986241252e-05,0.35481904339633097,0.0006361422683500094,3214,1923,4792,5192
"DWYER, MARISSA",0.0031240237425804434,2.0468065047048567e-06,0.36595404138561793,0.0014095748104752323,3214,2728,4146,3968
DYNA-MITE / ROGER AUBR,0.01296469853170884,8.772243803853337e-05,0.40147999498306786,0.005762195147978794,893,897,1740,1682
"EARLE, CARYN",0.001718213058419244,4.183306727851153e-08,0.36776194852941174,0.0011435587655843236,4561,3766,3915,4366
EARTH-LORD / KYLE BROC,0.0032802249297094657,2.059237301756759e-07,0.363069245165315,0.0020829652424309156,3094,3472,4341,3262
EARTHQUAKE,0.017182130584192438,6.293885066610478e-05,0.4228533685601057,0.016113098709353797,667,1061,1107,636
EBONY,0.02218056857232115,0.00023051515740037166,0.46963028169014087,0.024729399745256033,488,560,343,341
ECCE [WATCHER],0.0012496094970321774,0.0,0.3634608833882139,0.0015690343232940926,5271,4067,4299,3771
ECHO / MAYA LOPEZ,0.0007810059356451108,0.0,0.3620835925569821,0.0009862600791468326,5841,4067,4388,4621
ECLECTA / ,0.001718213058419244,8.492985847621892e-08,0.34255444379046496,0.0006345794856025644,4561,3641,5651,5199
ECLIPTIC,0.0032802249297094657,2.4565913693538714e-08,0.34271948608137043,0.0009902219967334077,3094,3861,5641,4613
ECSTACY / MME. RENE DE,0.002967822555451421,2.81741134110147e-06,0.3616949152542373,0.001323827564449254,3351,2591,4421,4088
EDDA,0.005310840362386754,0.0,0.3718849840255591,0.0038753928121514542,2184,4067,3432,2280
"EDGERTON, GAYLE",0.010621680724773508,2.5816716337266778e-05,0.3946979038224414,0.009770452989713978,1131,1466,2046,1073
"EDGERTON, MR.",0.007966260543580132,0.0,0.39343657817109146,0.008673965520186015,1509,4067,2107,1178
EDITOR,0.00015620118712902218,0.0,0.3405500292568754,0.0002573783278177379,6354,4067,5792,5986
"EDWARDS, MARTIN / DR.",0.0060918462980318645,1.473912598737154e-05,0.3666246707135494,0.0026946534347918024,1940,1738,4067,2837
EELAK,0.0078100593564511085,2.543368394503833e-06,0.39460059171597633,0.0064701130422094005,1526,2651,2055,1545
EEL II / EDWARD LAVELL,0.02296157450796626,0.0001804969119516143,0.4563404376648371,0.0171725609131995,461,642,499,592
EEL III,0.0007810059356451108,0.0,0.36459935076029387,0.001199483275926098,5841,4067,4246,4284
EEL / LEOPOLD STRYKE,0.014214308028741018,4.4039278771174625e-05,0.45556109015868496,0.01532453879857876,803,1205,508,669
EENY,0.012652296157450796,8.706483510246229e-05,0.43735482989479435,0.011072707346871095,912,905,821,932
EFFIGY / LT. VELMAX / JA,0.012183692596063729,0.00025900085845996144,0.4070965280427318,0.005955609119444166,970,534,1564,1630
EGGHEAD / PROF. ELIHAS,0.01140268666041862,6.233751845736575e-05,0.4522783468738962,0.014136966509921751,1037,1065,566,741
EGMA,0.005310840362386754,0.0,0.3718849840255591,0.0038753928121514525,2184,4067,3432,2281
EGO,0.023586379256482347,0.00048440179789137734,0.46573548668703624,0.021152241758424787,446,376,384,433
EGO-PRIME,0.0078100593564511085,9.416181261345522e-06,0.372317534166909,0.004335309488075823,1526,1956,3386,2106
"EHMAN, HEIDI",0.0010934083099031551,0.0,0.38545366969715217,0.002237027473407423,5492,4067,2512,3140
EIGHTBALL,0.007029053420805998,4.776096254467578e-06,0.42560829676904666,0.005884177172608186,1704,2330,1038,1655
EILIF DRAGONSLAYER,0.0032802249297094657,0.0,0.38166209610110885,0.003357336149351262,3094,4067,2738,2500
"EISMAN, BETTY",0.00046860356138706655,0.0,0.35245540629817224,0.0004545085582462161,6167,4067,4964,5534
EITRI,0.011246485473289597,7.204004775071357e-06,0.41881460159623185,0.012194076540414723,1063,2116,1219,855
EJULP,0.00359262730396751,2.0945229324630995e-08,0.3793103448275862,0.005348071270071048,2918,3888,2866,1808
EKAK,0.0021868166198063103,0.0,0.3699722607489598,0.0012970855358761513,4042,4067,3685,4119
EL AGUILA,0.00359262730396751,6.458974417109892e-06,0.37539580157147884,0.0019292628242297582,2918,2172,3181,3406
ELAMRON,0.0015620118712902217,0.0,0.35458321794516756,0.0008338319354251614,4812,4067,4818,4883
ELATHAN,0.002499218994064355,0.0,0.3913681379141704,0.003043386961450864,3730,4067,2195,2643
EL CONQUISTADOR,0.0012496094970321774,5.402511811922045e-07,0.3679521811598368,0.0018649884221819885,5271,3210,3901,3467
ELECTRA,0.0009372071227741331,0.0,0.35098684210526315,0.0005435068302363209,5676,4067,5107,5383
ELEC'TRIX / ,0.0023430178069353325,0.0,0.34909209880582365,0.0013657913306033772,3856,4067,5205,4033
ELECTRO / MAX DILLON,0.04514214308028741,0.0010166837897306758,0.4874743013782076,0.03325174369745186,188,245,173,209
ELECTRON,0.014839112777257107,0.00011151118220418468,0.43253834200391866,0.013418694595826544,770,810,920,781
ELECTRYON,0.001718213058419244,0.0,0.34354708881137647,0.0010282322714738352,4561,4067,5588,4518
ELEJEA,0.002967822555451421,2.141166456900335e-07,0.34710474951203646,0.0016867112694888985,3351,3463,5303,3624
ELEKTRA / ELEKTRA NATC,0.01577631990003124,0.0005404952585464268,0.4399092970521542,0.009125666924373443,722,353,776,1131
ELEKTRA | MUTANT X-V,0.012652296157450796,1.452213813908481e-05,0.3487877962408063,0.0005911712405477957,912,1746,5229,5291
"EL GIBAR, ACHMED",0.0028116213683223993,2.645266960239209e-07,0.37897353933581956,0.003515225570615563,3463,3411,2887,2445
ELITE / ,0.0012496094970321774,0.0,0.3352534562211982,0.00015485482889220954,5271,4067,5961,6220
EL JAGUAR,0.007653858169322086,1.1005568366586333e-05,0.3914638620520973,0.0038252731219868773,1561,1877,2192,2302
"ELLENTHORPE, MARIAH",0.002967822555451421,1.1549796990889083e-06,0.3655778894472362,0.0020986628754529803,3351,2950,4185,3244
"ELLINGTON, DR. / TRAVI",0.00015620118712902218,0.0,0.34901597339584584,0.00030400636272246074,6354,4067,5211,5868
"ELLIS, KEN",0.01999375195251484,0.00017178698024112126,0.39155963302752295,0.005834745548589411,555,660,2184,1670
ELO,0.0018744142455482662,0.0,0.3593600898119562,0.0014480959222274818,4385,4067,4548,3926
ELSIE DEE,0.008747266479225241,5.874855824829466e-05,0.4057548485232602,0.006931674075523445,1390,1086,1608,1456
EL TIGRE,0.0023430178069353325,1.608460063417246e-06,0.38148015731140505,0.0030612987133121342,3856,2831,2749,2636
EL TORO NEGRO / SERGIO,0.006404248672289909,3.3739463014695354e-05,0.3727076905163882,0.0018517979376918502,1854,1324,3354,3481
EL TORO ROJO,0.00046860356138706655,0.0,0.35649849649181425,0.000396290254423029,6167,4067,4715,5633
EL UNO,0.0018744142455482662,7.146028529119473e-08,0.369587807412539,0.0011630634934094756,4385,3684,3738,4331
EL VAMPIRO,0.00046860356138706655,0.0,0.35649849649181425,0.00039629025442302945,6167,4067,4715,5632
ELWOOD,0.003436426116838488,0.0,0.34411954418404644,0.0011615767157695759,3010,4067,5556,4333
ELYSIA,0.004529834426741643,1.1624146206324265e-06,0.3749560735621413,0.0035226628498758257,2437,2948,3213,2431
ELYSIUS,0.01577631990003124,0.00035853334342038503,0.46227164416203337,0.01938859299132898,722,448,439,495
EMBER,0.005310840362386754,1.2328454136324037e-05,0.3993512569396794,0.005413677074359565,2184,1827,1831,1784
EMPATH / MANUEL ALFONS,0.00937207122774133,7.237766040168317e-06,0.41763976776045403,0.009751020680061492,1293,2112,1238,1075
EMPLATE / MARIUS ST. C,0.01671352702280537,0.000152186295635969,0.3977879955262831,0.010983990278734174,687,694,1899,941
EMPRESS R'KILL [SKRU,0.006248047485160887,1.1871618254734289e-05,0.3988785046728972,0.006310874396301299,1895,1848,1849,1580
EMPRESS S'BYLL [SKRU,0.005467041549515776,2.634076982425613e-06,0.41843137254901963,0.005692299742070595,2133,2627,1228,1700
ENCHANTER,0.0009372071227741331,0.0,0.3535258711138108,0.0008760834635405455,5676,4067,4884,4811
ENCHANTRESS / AMORA / HE,0.057638238050609185,0.0015715670121778645,0.48900091659028416,0.04396541948947386,135,190,162,111
"ENDO, DR. SUZI",0.004686035613870665,3.8008138734350864e-06,0.3782346685572492,0.002634987474117539,2377,2449,2953,2872
ENFORCER / DELAZNY,0.007653858169322086,5.7450920368948935e-05,0.41255316406753445,0.0052351850711615106,1561,1101,1383,1855
"ENGLEHART, STEVE",0.0021868166198063103,1.3930129730413066e-06,0.375263774912075,0.0017073279878626346,4042,2894,3193,3610
ENRAGED,0.006404248672289909,0.0,0.42405775981983174,0.01043589384571293,1854,4067,1071,987
ENRAKT,0.005310840362386754,2.725294811537806e-06,0.387131886073653,0.0038115457860860296,2184,2609,2402,2308
ENTITY II,0.0021868166198063103,0.0,0.3758806951620479,0.0026823899666629193,4042,4067,3143,2847
ENTITY,0.0031240237425804434,4.229653429712949e-08,0.3780336581045173,0.0043228130085019925,3214,3764,2971,2112
ENT,0.004529834426741643,0.0,0.37102289191538684,0.0028329601812104106,2437,4067,3536,2768
EON,0.020306154326772883,0.00022741213229066906,0.44610131698139505,0.015214012387553153,544,562,671,679
EPHESUS,0.0012496094970321774,1.0512676788732868e-06,0.3681426106958022,0.0008631405300374073,5271,2981,3875,4822
EPOCH,0.02389878163074039,0.00021070123709108625,0.46887359015673064,0.022783979767082657,436,593,350,390
"EPSTEIN, MORRIS",0.0012496094970321774,0.0,0.317260518360672,0.00012757197777644053,5271,4067,6310,6259
"EPSTEIN, MRS.",0.0012496094970321774,0.0,0.317260518360672,0.00012757197777644088,5271,4067,6310,6257
"EPSTEIN, PROF. NORA",0.0012496094970321774,0.0,0.3233170041917075,0.00014925816494598557,5271,4067,6253,6233
"EPURER, GISCARD",0.001718213058419244,3.963228929009988e-06,0.36008774396760224,0.0007952677107650952,4561,2432,4508,4927
EQUILIBRIUS,0.00499843798812871,2.573197504692525e-06,0.40670859538784065,0.0063822707333354815,2281,2637,1576,1565
EQUINOX / TERRY SORENS,0.0020306154326772885,1.515186619705798e-07,0.4041156419643984,0.0032899457498998075,4200,3527,1657,2526
ERBIUM,0.005935645110902842,7.452221201640424e-07,0.39719568184638293,0.0055223558517325634,1994,3096,1929,1759
ERG,0.009215870040612308,2.748819263436681e-06,0.39155963302752295,0.007388197260608973,1318,2604,2184,1383
ERIC THE RED II,0.00359262730396751,0.0,0.38125297760838495,0.004477432438258504,2918,4067,2760,2068
ERIC THE RED [SHI'AR,0.015463917525773195,0.00010150260452652272,0.44124336618650495,0.015862407864436864,735,848,749,640
ERISHKIGEL II / HOLLY,0.014682911590128085,9.638636520463785e-05,0.44313698345677305,0.015742641245915432,776,864,713,652
ERISHKIGEL,0.0028116213683223993,0.0,0.3616336214200983,0.002284570602140258,3463,4067,4429,3105
EROS,0.0037488284910965324,1.4876132923246968e-05,0.39375115320745435,0.004498557489592906,2830,1731,2091,2062
"ERWIN, CLYTEMNESTRA",0.009528272414870352,2.046662622706807e-05,0.39685097941978675,0.006217860099403141,1270,1581,1965,1596
"ERWIN, MORLEY",0.012027491408934707,4.951243899199403e-05,0.4234126984126984,0.00896018175547198,984,1153,1094,1147
ESON [CELESTIAL],0.01515151515151515,8.265158620233226e-05,0.44273858921161824,0.013576020464289847,750,929,722,773
ESON II,0.004061230865354577,0.0,0.34620376378974693,0.002268173540660831,2650,4067,5364,3118
ESSEX,0.0010934083099031551,0.0,0.340423269169414,0.0005353799071299698,5492,4067,5794,5392
"ESSEX, REBECCA",0.0007810059356451108,0.0,0.35717473778174513,0.0009022629921737139,5841,4067,4684,4763
"ESTAVES, DR. ROSA",0.0015620118712902217,1.4771022065274057e-06,0.3480293558032074,0.0003852640204089305,4812,2869,5255,5668
"ESTAVES, MARIE",0.0015620118712902217,1.4771022065274057e-06,0.3480293558032074,0.00038526402040893026,4812,2869,5255,5669
ETERNAL BRAIN / PROFES,0.006404248672289909,3.020244885247625e-05,0.392231344198015,0.0030067704228509554,1854,1376,2154,2666
ETERNITY / ADAM QADMON,0.04951577631990003,0.0005644337830213793,0.4967411545623836,0.043129433099630285,164,341,110,115
ETUBAN,0.0020306154326772885,2.8962086140294674e-06,0.358494792249972,0.0012354795570062292,4200,2580,4603,4221
"ETZION, GENERAL",0.001718213058419244,0.0,0.36805795101759226,0.0021804066563387305,4561,4067,3884,3182
EUROPIUM,0.007497656982193065,2.8888509544757545e-05,0.3932915591596019,0.004313263572145116,1588,1399,2114,2116
"EVANS, DORIS",0.005935645110902842,1.8594818276939847e-05,0.40857744591231093,0.006586428551327985,1994,1619,1522,1525
"EVE 3,031",0.0023430178069353325,8.221052966798176e-08,0.3526689803338291,0.0003700787835019478,3856,3655,4942,5703
"EVERETT, BILL",0.0060918462980318645,0.0,0.4142616798239938,0.005241954227361034,1940,4067,1327,1845
EVER,0.004842236800999687,2.995478299768381e-05,0.41933582236195716,0.005206503281091975,2327,1381,1196,1860
EVERWRAITH / ,0.0012496094970321774,0.0,0.33698284029897885,0.0003355990651369105,5271,4067,5893,5801
EVERY-MAN,0.006404248672289909,3.0427669004355567e-05,0.41549844236760125,0.005109108688916183,1854,1373,1301,1889
EVILHAWK / DARGIN BOKK,0.002499218994064355,4.932821683460065e-07,0.3666456674875437,0.0013492553895833245,3730,3228,4064,4062
EXALTED ONE,0.0015620118712902217,0.0,0.34579237333909474,0.0004519889204967513,4812,4067,5384,5538
EXALT,0.0018744142455482662,0.0,0.36801563577833984,0.002051518700096415,4385,4067,3889,3294
EXECUTIONER III / BRUT,0.0028116213683223993,0.0,0.3883766076195098,0.0031222782030733737,3463,4067,2335,2597
EXECUTIONER II / SKURG,0.03655107778819119,0.00031887723974762157,0.4774049217002237,0.03390205767714224,259,479,262,198
EXECUTIONER IV,0.0031240237425804434,7.020277619589863e-08,0.36453706867099417,0.002309534894985658,3214,3687,4252,3086
EXECUTIONER,0.00046860356138706655,0.0,0.3571946660715282,0.0004945077403328801,6167,4067,4683,5477
EXECUTIONER V,0.0014058106841611997,0.0,0.3546028580923895,0.0010183513095505952,5057,4067,4817,4548
"EXETER, LT.",0.0028116213683223993,0.0,0.3516423157200923,0.0012587887993382595,3463,4067,5046,4190
EXILE,0.0006248047485160887,0.0,0.36645678305666857,0.0015614092641138754,6020,4067,4086,3780
EXITAR,0.0007810059356451108,6.276108791506833e-09,0.3575936993799922,0.0007285153426961,5841,4006,4667,5032
EXODUS / BENNET DUPARI,0.02155576382380506,0.0002008325402467278,0.4345937139365963,0.017876536070038515,507,612,867,547
EXPEDITER II / ZOE CUL,0.01140268666041862,0.0002095907315578981,0.41509433962264153,0.007392301432702216,1037,595,1308,1382
EXPEDITER / JOHN WRAIT,0.002499218994064355,3.30174554149353e-06,0.379985754985755,0.0025493111864592407,3730,2519,2834,2929
EZEKEEL,0.0010934083099031551,0.0,0.33523590092684713,0.0001559901170403732,5492,4067,5966,6205
FACADE,0.0021868166198063103,1.7451572511136628e-08,0.37171224525344015,0.001726929466432989,4042,3906,3455,3590
FACE / COL. EISEN,0.0010934083099031551,0.0,0.37574832726845875,0.0010638557775877221,5492,4067,3154,4450
FAHE,0.002499218994064355,0.0,0.3802791802791803,0.0034099255192813916,3730,4067,2816,2485
"FAIRMONT, AMANDA MAN",0.007653858169322086,1.8415354549794836e-05,0.39535601803248316,0.005603287618848544,1561,1623,2027,1730
"FAIRMONT, HANNAH",0.013433302093095907,9.413739432307599e-05,0.4268853770754151,0.009840173187264423,860,872,1014,1065
FAITH,0.0031240237425804434,0.0,0.3592390999382751,0.0020218579310483016,3214,4067,4556,3325
FALCONA [INHUMAN],0.004842236800999687,4.266129493585422e-06,0.3838129496402878,0.0049099407454773385,2327,2389,2602,1937
"FALCONER, CALVIN",0.0021868166198063103,3.7158930064503603e-07,0.3701005896635449,0.0014438883554207804,4042,3300,3656,3939
FALCON / SAM WILSON,0.08497344579818807,0.002666806370144172,0.509591658043461,0.05670584356014662,67,119,63,61
"FALK, DR. JENNIE",0.001718213058419244,0.0,0.380143696930111,0.0031589262095744267,4561,4067,2823,2580
FALLEN | MUTANT X-VE,0.011246485473289597,9.118948988556206e-06,0.3459792477302205,0.0004407229861798505,1063,1972,5374,5555
"FALLON, HOWARD",0.0014058106841611997,0.0,0.3506792287467134,0.0009726479402923883,5057,4067,5134,4636
"FALLON, MEG",0.0021868166198063103,1.573068790126455e-06,0.3608793686583991,0.0013855133033202672,4042,2839,4456,3988
"FALLON, RIGBY",0.002499218994064355,3.566385181437156e-08,0.3724908360970501,0.0027062104369947526,3730,3806,3367,2831
"FALSWORTH, KENNETH",0.00046860356138706655,0.0,0.32433253964233244,0.00012612158987698385,6167,4067,6217,6263
FALZON,0.005154639175257732,1.2546832803968487e-05,0.4041666666666667,0.004503187120635919,2237,1813,1655,2060
FAMINE / AUTUMN ROLFSO,0.012027491408934707,1.4457659253005714e-05,0.4258347745111081,0.012191687359680662,984,1748,1034,858
FAMINE | MUTANT X-VE,0.0023430178069353325,0.0,0.3449167609503798,0.0003532733492679975,3856,4067,5461,5746
FANCY DAN,0.008903467666354263,2.5733315266396708e-05,0.4060379273165472,0.005638143594802355,1370,1467,1600,1714
FANDRAL [ASGARDIAN],0.06357388316151202,0.001892757901483256,0.48896356831894905,0.04079186736091165,116,165,165,132
FANDRAL | MUTANT X-V,0.007497656982193065,0.0,0.34513989972505255,0.0003671103956378366,1588,4067,5422,5726
FANG,0.00046860356138706655,0.0,0.36995088124819414,0.0005686300820510908,6167,4067,3694,5350
FANG III,0.0031240237425804434,5.820749928363185e-06,0.3775654635527247,0.0011277363938396751,3214,2225,3001,4380
FANG II,0.008747266479225241,7.617684192329173e-06,0.3935817041682036,0.0070432435604142005,1390,2080,2102,1431
FANTASIA,0.002967822555451421,0.0,0.38107142857142856,0.002620120155047729,3351,4067,2774,2886
FANTASMA,0.0067166510465479536,1.7890153259618134e-05,0.4014548190882298,0.006456702773196146,1774,1641,1741,1550
FARAHD,0.002655420181193377,0.0,0.36894882434301524,0.0016278415940289793,3591,4067,3798,3712
"FARGO, FLAGG",0.0012496094970321774,5.296375483292023e-07,0.3373735244519393,0.00038982437338603497,5271,3214,5874,5652
FAROUK,0.0014058106841611997,3.506559928469361e-09,0.3443601742778764,0.0008230011119150139,5057,4041,5540,4891
"FARREL, MIKE",0.01077788191190253,6.704978334344335e-05,0.43423997829478395,0.008879573932811165,1109,1032,888,1157
FATALE / PAMELA GREENW,0.008903467666354263,4.239091437310773e-05,0.39134421419402166,0.006425678190909853,1370,1234,2201,1556
"FATE, IAN",0.002499218994064355,5.197480912828539e-07,0.4024390243902439,0.003402426979889282,3730,3220,1711,2487
FATHER TIME,0.0037488284910965324,0.0,0.397639751552795,0.005395117576315074,2830,4067,1904,1793
FATH,0.00937207122774133,5.744906002120604e-05,0.4306471142203686,0.009733491714414259,1293,1102,949,1076
"FAVERSHAM, DAPHNE",0.00046860356138706655,0.0,0.29818351187703773,4.2260193922866296e-05,6167,4067,6353,6357
FAWKES,0.004529834426741643,1.0573396570139423e-07,0.38970051132213296,0.005137641589465219,2437,3604,2262,1882
"FAWN, FELICIA",0.0039050296782255542,1.867396966979236e-07,0.3842967765171979,0.0035935245082502577,2721,3492,2584,2405
FAYRELYTE STRONGHEAR,0.013120899718837863,7.907088224160278e-05,0.4522463972873693,0.015798845256132638,882,954,567,645
FAZE,0.0010934083099031551,4.8805245158263455e-09,0.3662471395881007,0.0007708147640905999,5492,4027,4108,4964
FEAR EATER / KKALLAKKU,0.0028116213683223993,1.4303285791947067e-06,0.35450467910737027,0.0010683919496957534,3463,2880,4824,4439
"FEIFFER, DEPUTY BEAU",0.0020306154326772885,0.0,0.3667506874427131,0.0016354595066561915,4200,4067,4044,3695
"FELDSTADT, DR. HANS",0.00015620118712902218,0.0,0.35170026918639785,0.00033722403510878487,6354,4067,5031,5790
"FENSTER, RICHARD",0.004061230865354577,7.944258207182588e-06,0.3827573837139782,0.002964698790181174,2650,2058,2667,2688
"FENTON, BARNEY",0.0012496094970321774,0.0,0.3661633493479753,0.0008923202124667151,5271,4067,4119,4783
FENWAY,0.0020306154326772885,1.0626048933065056e-07,0.32201599517126905,0.00015980723090579238,4200,3602,6260,6198
FERAL / MARIA CALLASAN,0.0303030303030303,0.0003977086862782757,0.45430031223389156,0.02041851348323504,329,425,530,458
FERA,0.002499218994064355,0.0,0.34467535264348015,0.0009736107524970104,3730,4067,5490,4634
FER DE LANCE / TERESA,0.012339893783192751,1.812864348630857e-05,0.4338574139333153,0.013146321092138894,947,1632,895,806
"FERGUSON, ISABEL",0.0015620118712902217,4.2078378669924556e-07,0.3415492957746479,0.0006176251453230426,4812,3266,5732,5227
FEROCIA / ,0.008747266479225241,1.0798576213996697e-05,0.4033772289080713,0.005158183370786318,1390,1884,1681,1874
FERON,0.006404248672289909,1.1468934685854454e-05,0.3872021289464134,0.00517628083080351,1854,1859,2401,1867
"FERRARI, CONNIE",0.006560449859418931,2.8477814351433362e-05,0.39759036144578314,0.0046023514458579115,1811,1411,1912,2021
FERRIS,0.007341455795064043,1.6189205008030236e-06,0.3893450100346652,0.007065170677324325,1640,2828,2287,1426
FERRO2,0.010621680724773508,2.798309247991871e-05,0.43456421395601413,0.010145991976793122,1131,1423,870,1013
FEUER,0.0020306154326772885,0.0,0.3519709714662708,0.0013716303084425016,4200,4067,5007,4018
FEVER PITCH / ,0.00359262730396751,2.6773367348763053e-07,0.3478213625991525,0.0012876150859305977,2918,3398,5265,4129
"FIDDLER, BARNEY",0.0018744142455482662,0.0,0.3790184121721627,0.0019233236111536878,4385,4067,2883,3415
FIELDER,0.0014058106841611997,2.4402622579131724e-08,0.32778659566842455,0.0001844710313581937,5057,3868,6136,6125
"FIELDING, CLARENCE",0.003436426116838488,1.259534497883063e-08,0.3734468879426005,0.001889827662349408,3010,3921,3303,3438
"FIELDS, MARJORIE",0.0018744142455482662,0.0,0.36774082371187317,0.0012314713628852397,4385,4067,3919,4232
"FIELDS, PROF. WILLIA",0.0018744142455482662,0.0,0.36774082371187317,0.0012314713628852397,4385,4067,3919,4232
"FIELDS, TODD",0.0018744142455482662,0.0,0.36774082371187317,0.0012314713628852419,4385,4067,3919,4230
FIELDSTONE / ,0.0039050296782255542,0.0,0.36055417886911467,0.0015470775633951155,2721,4067,4474,3804
"FIELDS, TRACI",0.002499218994064355,5.771024699037882e-06,0.37732068132256735,0.0016363882845310902,3730,2230,3017,3683
"FIELSTEIN, FIREWORKS",0.012339893783192751,4.6952830825607395e-05,0.4262600705772688,0.010026369268760355,947,1179,1025,1037
FIFOLET,0.005623242736644799,8.451608959857665e-06,0.3702718334297282,0.002036926673633485,2087,2021,3615,3308
"FILLMORE, BETTY",0.0012496094970321774,0.0,0.32359482410028306,0.0001194380068396748,5271,4067,6239,6277
"FILLMORE, GARRET",0.0012496094970321774,0.0,0.32359482410028306,0.00011943800683967483,5271,4067,6239,6276
"FILLMORE, SHERIFF DO",0.0015620118712902217,4.525775680765845e-06,0.35761367444978215,0.0008216742836187286,4812,2366,4664,4894
FIM,0.001718213058419244,0.0,0.34209682590573903,0.000269098824220255,4561,4067,5690,5955
FIN FANG FOOM / MIDGAR,0.009684473601999375,0.0006003715640669581,0.4238051105520985,0.00708568754203234,1251,327,1079,1422
FIN FANG FOOM | MUTA,0.007497656982193065,0.0,0.34513989972505255,0.0003671103956378366,1588,4067,5422,5726
FIN / PETER NOBLE,0.002967822555451421,8.269193922028383e-05,0.3984316654219567,0.003642890627350799,3351,928,1882,2376
FIREARM / ,0.005623242736644799,5.115471373520027e-06,0.37627835899847184,0.002621991413265948,2087,2297,3101,2882
FIREBALLS / JACK FARLE,0.005467041549515776,9.322915353135015e-06,0.3726426076833527,0.002678974861662492,2133,1962,3356,2850
FIREBIRD / BONITA JUAR,0.03342705404561074,0.00019555684585865587,0.48404657492817177,0.03657519230810945,289,623,202,168
FIREBOLT,0.00015620118712902218,0.0,0.30927536231884056,5.5772593662818334e-05,6354,4067,6333,6348
FIREBRAND / GARY GILBE,0.009684473601999375,1.9907194743826802e-05,0.3982086210113827,0.006425121305629063,1251,1596,1887,1557
FIREBRAND II / BROXTEL,0.0067166510465479536,1.3953827842624734e-05,0.3873426911907067,0.0047414227403031715,1774,1762,2394,1982
FIREBRAND III / RICHAR,0.001718213058419244,2.8924112374186683e-07,0.36901262320594846,0.0012201076564420455,4561,3367,3791,4252
FIREBUG / ,0.008434864104967197,1.486625577721649e-07,0.42366487988882273,0.009991233364682994,1439,3530,1083,1042
FIRE EATER / TOMAS,0.004529834426741643,6.0261422680732e-06,0.4031486146095718,0.00367523493712045,2437,2205,1686,2362
FIREFALL III / ARCHIE,0.00499843798812871,2.245948765965077e-05,0.36302806918060676,0.0022415142020194953,2281,1546,4344,3136
FIREFALL II,0.005779443923773821,3.9806682222715194e-05,0.38494377968853344,0.0026457207309615633,2050,1257,2539,2863
FIREFALL IV / TARN,0.0037488284910965324,2.5702186759067048e-06,0.32763561924257933,0.0002199828629503153,2830,2638,6141,6057
FIREFALL / KARAS,0.0032802249297094657,3.335672583672421e-07,0.33753361100859386,0.0009675580982507563,3094,3338,5868,4646
FIREFIGHT / ,0.00718525460793502,8.197699377265603e-06,0.41143958868894603,0.005241221116480421,1664,2042,1409,1849
FIREFIST II / ,0.0015620118712902217,0.0,0.37003641408011095,0.001349333132220126,4812,4067,3670,4061
FIREFIST / RUSTY COLLI,0.034364261168384876,0.00027040622942841675,0.4625722543352601,0.02637908542710308,282,519,433,309
FIREFLY II,0.00015620118712902218,0.0,0.3238075969854838,0.0001234518645405743,6354,4067,6234,6268
FIREFLY,0.0031240237425804434,4.564883808468493e-06,0.3558643690939411,0.0013387964616278806,3214,2362,4746,4074
FIRELORD / PYREUS KRIL,0.03264604810996564,0.0004414133520223911,0.4763392857142857,0.028945361082181216,297,402,271,257
FIRESTAR / ANGELICA JO,0.09746954076850983,0.005738693567842168,0.5124879923150817,0.05847964446758287,52,64,54,56
FIRESTAR DOPPELGANGE,0.012652296157450796,2.4975210444769324e-06,0.4499578296317121,0.018458918930775864,912,2661,609,521
FIRESTAR | MUTANT X-,0.0021868166198063103,0.0,0.34450842167572515,0.0002976231937040853,4042,4067,5519,5886
FIRESTRIKE / DALTON BE,0.00499843798812871,7.140764872935045e-06,0.37665470377125376,0.0024512435513630937,2281,2121,3066,2986
FIREWALL / THEARY / MIN,0.007341455795064043,8.346101039450437e-06,0.3842737094837935,0.003766238478124373,1640,2030,2585,2329
"FISHER, PROF. FRANCE",0.0015620118712902217,2.0916533639255763e-08,0.36344024978711326,0.0009965690348424747,4812,3890,4301,4595
"FISHMAN, DR. JONATHA",0.0007810059356451108,0.0,0.37703180212014137,0.0008472179800891564,5841,4067,3052,4856
"FISK, VANESSA",0.010465479537644486,2.3044849212250818e-05,0.4170412350986906,0.006875444414837262,1156,1532,1254,1469
FIST / ,0.0018744142455482662,5.745896495534609e-08,0.37521978666041494,0.0020552473800709847,4385,3715,3195,3289
FITCH / ,0.0015620118712902217,9.273144504636105e-09,0.35071765092582446,0.0009964696254795662,4812,3962,5128,4598
"FITZGERALD, KENNY",0.0012496094970321774,0.0,0.373512252042007,0.0010036215863585224,5271,4067,3296,4584
"FITZGERALD, MOLLY",0.0018744142455482662,0.0,0.37070063694267513,0.0013534140557532608,4385,4067,3573,4053
"FITZPATRICK, WILL",0.0021868166198063103,1.61806818147108e-06,0.37765455403492215,0.0014505132352034948,4042,2829,2996,3919
"FITZROY, TREVOR",0.012027491408934707,0.000529888503907903,0.4065536292627167,0.007573905409351041,984,357,1584,1341
FIXER II / PAUL NORBER,0.04623555139019057,0.0013836376459897915,0.47944282183778925,0.02994048915550529,183,206,244,244
FIXER / SWEENEY,0.001718213058419244,0.0,0.355508662816526,0.001042654400101662,4561,4067,4760,4488
FIXX,0.0039050296782255542,6.4638375835008365e-06,0.36397748592870544,0.0019941409056795528,2721,2169,4274,3356
FIZGIG / ,0.0039050296782255542,0.0,0.36055417886911467,0.0015470775633951162,2721,4067,4474,3801
FIZ [SKRULL],0.019681349578256794,0.00013943232641637217,0.4666520883446315,0.022186879604402066,569,723,375,402
FLAG-SMASHER,0.009215870040612308,7.792891042930926e-05,0.4336810730253353,0.009210098562085543,1318,961,900,1122
FLAMBE / ,0.0021868166198063103,0.0,0.3639361036893866,0.0016618629224911113,4042,4067,4278,3652
FLAME,0.0021868166198063103,0.0,0.35327226575433174,0.0006163263750972361,4042,4067,4901,5229
FLAME II,0.0015620118712902217,0.0,0.3602295746117488,0.0011652598504273567,4812,4067,4502,4328
FLARE / ,0.001718213058419244,0.0,0.3284592889025704,0.0001821460278107414,4561,4067,6121,6135
FLASH / BARRY ALLEN / BU,0.0028116213683223993,0.0,0.3627400985891552,0.0018753558207571421,3463,4067,4365,3457
FLATIRON / RUSSELL,0.006872852233676976,3.569365357234646e-05,0.3982086210113827,0.004067802806028762,1733,1307,1887,2198
FLATMAN,0.016088722274289285,7.325504975379097e-05,0.4227695965132404,0.012481332603980539,710,986,1109,839
"FLEET, JONAS",0.00046860356138706655,0.0,0.326332959526965,0.00010983539618240208,6167,4067,6181,6310
"FLEET, TAMARA",0.00046860356138706655,0.0,0.326332959526965,0.00010983539618240205,6167,4067,6181,6311
"FLEMING, PHILIP",0.0014058106841611997,1.2974709296034343e-06,0.38360596800287616,0.0019897881896594723,5057,2919,2613,3363
FLEX / ADRIAN CORBO,0.012652296157450796,0.00011742923433013755,0.38743645606390703,0.005239839293247197,912,791,2390,1852
FLINCH / ,0.002655420181193377,0.0,0.33946656768651573,0.0008566673192129293,3591,4067,5818,4838
"FLINN, LANCELOT LANC",0.00031240237425804435,0.0,0.3517195912537084,0.0003413228972764818,6269,4067,5024,5772
"FLINT, LT.",0.0020306154326772885,4.470396405252702e-08,0.33606299212598423,0.00036879957479039703,4200,3757,5923,5706
FLO,0.002655420181193377,0.0,0.32663265306122446,0.00016026132993014535,3591,4067,6168,6183
"FLORESCU, ANTON",0.0014058106841611997,0.0,0.3242011444776422,0.00013191816688057343,5057,4067,6224,6244
"FLORES, DAHLIA",0.001718213058419244,0.0,0.35006561679790027,0.0012802166920005123,4561,4067,5166,4143
"FLORES, JAMIE",0.010934083099031553,5.872735923545345e-05,0.456763698630137,0.015183403092352084,1098,1088,497,680
"FLORES, SHANICE",0.001718213058419244,0.0,0.35006561679790027,0.0012802166920005114,4561,4067,5166,4144
FLUFFY,0.0012496094970321774,7.44414648279101e-08,0.3660377358490566,0.0009154232820479368,5271,3669,4135,4745
FLUX / PRIVATE BENNY T,0.0014058106841611997,0.0,0.3633164973611032,0.0009716594531686671,5057,4067,4320,4637
FLY,0.008122461730709154,2.863423705569329e-05,0.4087600561869493,0.007044467617370731,1488,1408,1515,1430
FLYING DUTCHMAN,0.002967822555451421,2.709946635739662e-07,0.39508763268328806,0.0038242339811338515,3351,3395,2034,2303
FLYING FOX,0.0020306154326772885,0.0,0.33953858392999203,0.00043838660611759706,4200,4067,5806,5560
FLYING TIGER,0.01811933770696657,6.808447297525198e-05,0.42882979435997054,0.013761986243821961,635,1020,973,760
FLYNN,0.0006248047485160887,0.0,0.3717985945757593,0.0008305039719815334,6020,4067,3444,4885
"FOGELSTROM, HIRAM",0.0012496094970321774,0.0,0.3434917909646958,0.001012704128117235,5271,4067,5591,4565
"FOGG, ARCHIMEDES ARC",0.0015620118712902217,0.0,0.3616744816677024,0.001512761566677549,4812,4067,4427,3851
FOGG / THOMAS FOGG,0.0023430178069353325,2.9606208085224706e-07,0.3711734693877551,0.0015438536141994907,3856,3361,3519,3810
FOLD,0.0021868166198063103,2.8859585235338793e-07,0.331023784901758,0.00021272218663585536,4042,3368,6058,6087
"FONDOZZI, MICKEY",0.0037488284910965324,3.468104155227418e-05,0.36179711782989543,0.0011533524685392387,2830,1311,4416,4353
"FONG, DR. CHARLES WA",0.003436426116838488,1.238674083103226e-05,0.3890374331550802,0.0024547225256353103,3010,1823,2297,2985
"FONG, KATY",0.00015620118712902218,0.0,0.3070209092652983,6.084054451655824e-05,6354,4067,6334,6345
"FONG, LI",0.0028116213683223993,5.964947896776861e-06,0.3862210424710425,0.0026571506916300757,3463,2214,2462,2859
"FONTAINE, CINDER",0.004061230865354577,6.828670869659329e-05,0.4162548764629389,0.0030305980154619124,2650,1018,1270,2654
FONTANELLE / GLORIA DA,0.009059668853483286,4.424618926950122e-05,0.37890625,0.00351242162646386,1347,1202,2897,2448
"FONTREAUX, GUY",0.0020306154326772885,0.0,0.3435655253837072,0.0007189216789197823,4200,4067,5586,5049
FOOL,0.005623242736644799,5.719990237185562e-07,0.40844710986346816,0.00727584690303667,2087,3186,1527,1392
FOOLKILLER II / GREG S,0.010309278350515464,0.000868169634223214,0.40951832661677223,0.005299636513884759,1172,266,1487,1822
FOOLKILLER III / KURT,0.0009372071227741331,7.950851128400728e-05,0.366393864820008,0.0004154746653361293,5676,948,4090,5592
FOOLKILLER / ROSS EVER,0.00031240237425804435,0.0,0.3264827375184864,0.00012826943872929614,6269,4067,6176,6256
FORCE / CLAYTON WILSON,0.004842236800999687,1.2535906433660387e-05,0.4180215475024486,0.004899387014749697,2327,1815,1234,1940
"FORD, GERALD",0.0006248047485160887,0.0,0.35235841268094004,0.0006554312801594858,6020,4067,4983,5169
FORD,0.0015620118712902217,1.2134107668479403e-06,0.35952153647442014,0.0010204686219291257,4812,2937,4542,4536
FOREARM,0.01811933770696657,0.00011031916271042323,0.4293474616055261,0.013313998348824631,635,815,968,791
FOREIGNER / RAFAEL BAS,0.020618556701030927,0.0002758417459148734,0.4562103612912421,0.01715462080497447,536,512,501,593
FORGE,0.07685098406747891,0.002689857386603512,0.5087008343265793,0.05107109073376304,80,117,65,78
FORGE | EARTH 998,0.00046860356138706655,0.0,0.3257186466547952,0.00011520921497253428,6167,4067,6200,6299
FORGE | MUTANT X-VER,0.003436426116838488,3.6534576996240024e-07,0.3473307291666667,0.00045464119973451824,3010,3305,5297,5533
FORGOTTEN ONE / GILGAM,0.029209621993127148,0.0003041989577947736,0.4486020601219256,0.023715812478472473,342,487,629,370
FOROPULIST,0.0021868166198063103,4.880524515826344e-08,0.3524748114298299,0.000366188020659752,4042,3750,4963,5730
"FORRESTER, CAPT. ALE",0.015620118712902217,2.2909707156263875e-05,0.4034534913032518,0.013170136904804102,730,1538,1677,803
"FORRESTER, DR. CEDRI",0.0015620118712902217,5.978806600628053e-08,0.3670661085946907,0.0010488724126292632,4812,3709,4005,4474
"FORTHWARD, KENT",0.0023430178069353325,0.0,0.36691884456671253,0.0020160896905943673,3856,4067,4031,3330
FORTUNATO,0.010465479537644486,6.360037340864896e-05,0.4071742033962984,0.00439162999422192,1156,1058,1562,2092
"FORTUNATO, GIACOMO J",0.009684473601999375,2.3758471806266095e-05,0.38335329341317365,0.0036010745110147398,1251,1508,2631,2399
"FORTUNATO, JAMES",0.0015620118712902217,0.0,0.36610053182364044,0.0008534828844895752,4812,4067,4127,4841
"FORTUNATO, MARY",0.0015620118712902217,0.0,0.36610053182364044,0.0008534828844895754,4812,4067,4127,4840
"FORTUNE, DOMINIC",0.0023430178069353325,3.4844531708497676e-06,0.39845646355884734,0.0021073601222458046,3856,2487,1880,3232
FORTUNE,0.00046860356138706655,0.0,0.3405862637654945,0.0002594372763517621,6167,4067,5788,5981
FOUNDRY,0.0031240237425804434,2.7993590093474616e-08,0.3715827964478496,0.0017817249514952818,3214,3845,3483,3548
"FOWLER, RED",0.0006248047485160887,0.0,0.32773625473533324,0.0001601406340433291,6020,4067,6138,6190
FOXBAT,0.011715089034676662,1.4666044838010774e-05,0.423132848645076,0.011873929812362453,1013,1739,1103,876
FOXFIRE / OLIVIA UNDER,0.00359262730396751,8.223399785037483e-08,0.3301701908200103,0.0008590701401599483,2918,3651,6082,4830
"FOX, PHIL",0.0007810059356451108,1.2201311289565864e-08,0.3409671921602045,0.00030433209769639274,5841,3924,5766,5867
"FRANKENSTEIN, BASIL",0.0012496094970321774,0.0,0.3759248385202584,0.0010941653333368128,5271,4067,3139,4415
FRANKENSTEIN MONSTER,0.007029053420805998,5.342774966761581e-05,0.43145976546704407,0.007620098315099158,1704,1123,938,1335
FRANKENSURFER / BORGO,0.0015620118712902217,1.4636480835434583e-06,0.36010799865001686,0.0010994634941473567,4812,2875,4507,4407
FRANKIE THE FISH,0.0015620118712902217,0.0,0.39631051132846357,0.0020606696718540604,4812,4067,1989,3286
"FRANKLIN, JEREMY",0.0028116213683223993,8.251998459023478e-07,0.3724908360970501,0.001573918695805949,3463,3076,3367,3767
"FRASER, DET. KATE",0.0014058106841611997,1.7736219461266605e-06,0.347632493483927,0.0005227427249486887,5057,2796,5283,5412
FREAK QUINCY,0.0006248047485160887,0.0,0.3616540503897865,0.0005127781475347708,6020,4067,4428,5436
FREDD,0.0015620118712902217,0.0,0.34884481255448996,0.0008595351316184718,4812,4067,5225,4828
"FREDERICKS, GENERAL",0.007341455795064043,8.551031127649193e-06,0.4115453844175881,0.008537623615351552,1640,2012,1407,1195
"FREDERICKSON, KOLINA",0.0014058106841611997,6.131202298347763e-08,0.3670661085946907,0.0009171097548977398,5057,3706,4005,4737
"FREEMAN, DEREK",0.008747266479225241,8.938024991639232e-06,0.4063729846388219,0.006813412798728151,1390,1988,1587,1480
"FREEMAN, DUANE JEROM",0.020306154326772883,0.00010027720732597196,0.45407475707496986,0.01938398701880171,544,851,534,496
FREE SPIRIT / CATHY WE,0.009215870040612308,1.7761641598065686e-05,0.4007010076985667,0.007101288253869933,1318,1645,1778,1420
FRENCHIE / JEAN-PAUL D,0.019212746016869727,0.0011479361333556956,0.4561128526645768,0.015179274367326488,589,228,502,681
FRIDAY,0.009215870040612308,6.887463410141283e-05,0.389747960550347,0.006989860182428735,1318,1013,2258,1445
"FRIEDLANDER, SHARON",0.019681349578256794,3.956555202385947e-05,0.4247611464968153,0.016956652704744526,569,1259,1058,598
FRIGGA,0.018431740081224616,0.00011649306743320648,0.4360144384662535,0.013390909187987913,623,797,849,785
FROG MAN / FROG LE BLA,0.006248047485160887,1.7711807477323765e-05,0.42027177837589447,0.008242167661368633,1895,1646,1174,1250
FROG-MAN II / EUGENE P,0.005310840362386754,2.8084062039360564e-05,0.4133522727272727,0.004440774658496128,2184,1422,1359,2077
FROH,0.002499218994064355,6.748539731767412e-08,0.381162181471779,0.0018712731401738397,3730,3693,2763,3461
"FROST, ADRIENNE",0.006248047485160887,8.559371372011418e-06,0.3637706687879993,0.0024390578928994012,1895,2011,4288,2996
FROSTBITE / DR. SLOANE,0.0018744142455482662,0.0,0.37143188674866556,0.001824244964969393,4385,4067,3496,3506
"FROST, BYRON",0.0060918462980318645,4.766276559142916e-06,0.4122609311610535,0.0074702209105142236,1940,2333,1394,1360
"FROST, CARMILLA",0.004373633239612621,0.0003984633729009365,0.3529606351306649,0.0003914809591163513,2505,423,4929,5641
"FROST, CORDELIA",0.004686035613870665,1.0183093959050729e-06,0.3490350016355904,0.0018248174170537716,2377,2997,5210,3504
"FROST, DEACON",0.0009372071227741331,0.0,0.32456273764258553,0.00015571828783406878,5676,4067,6215,6213
FROST,0.002499218994064355,1.1081718380998976e-07,0.36255521576622496,0.0012639703110091454,3730,3590,4371,4174
"FUANARO, RENEE",0.0028116213683223993,2.2285173849490414e-07,0.3332639250390422,0.00033860394175583167,3463,3456,6016,5780
FUGUE,0.0007810059356451108,0.0,0.382780269058296,0.0009576097134084393,5841,4067,2664,4659
"FUJIKAWA, KENJIRO",0.0012496094970321774,0.0,0.3632134346987405,0.0008908790877154489,5271,4067,4329,4786
"FUJIKAWA, RUMIKO",0.01140268666041862,0.0002058075071968466,0.43373983739837396,0.00937086953241262,1037,603,897,1107
"FULLERTON, MARY ELLE",0.0009372071227741331,0.0,0.36740315638450505,0.0007297942418009268,5676,4067,3968,5031
"FULLERTON-SMITH, CAS",0.0006248047485160887,0.0,0.3568164084271542,0.0006127984917916627,6020,4067,4709,5236
FU MANCHU,0.006560449859418931,0.00014251656880522718,0.40406463014390304,0.00344413153142183,1811,716,1659,2468
"FUNARO, DONNA",0.005779443923773821,1.3524710126034842e-05,0.3815711050184766,0.0037936158266113755,2050,1774,2746,2313
FURGAR,0.0067166510465479536,3.732375469606743e-07,0.3858486017357763,0.004785802321625908,1774,3295,2487,1967
"FURMAN, RICHARD",0.002655420181193377,0.0,0.3764775066157013,0.0016357308420340783,3591,4067,3077,3685
"FURMINTZ, HARMON",0.0078100593564511085,1.0951229207636014e-05,0.4066827594968873,0.0069202887993170415,1526,1880,1578,1464
"FURY, COL. NICHOLAS",0.14839112777257107,0.02211162714565926,0.5323465824047896,0.07206065420205576,31,14,32,36
"FURY, DAWN",0.00359262730396751,0.0,0.407718761941154,0.005070444715629888,2918,4067,1549,1899
"FURY, NICK II",0.0007810059356451108,0.0,0.3719930273097037,0.0006911659402672275,5841,4067,3426,5112
"FURY, NICK L.M.D.",0.0018744142455482662,4.643906562788697e-06,0.379985754985755,0.0018950784913093783,4385,2352,2834,3434
"FURY, NICK | MUTANT",0.005467041549515776,6.2951852617165925e-06,0.34901597339584584,0.0005015006638395378,2133,2182,5211,5467
FU'SE,0.004373633239612621,1.1115418256946338e-05,0.37552792116377287,0.0032957857821217245,2505,1873,3171,2524
FUSION / MARKLEY,0.001718213058419244,4.183306727851153e-08,0.36776194852941174,0.0011435587655843251,4561,3766,3915,4364
FUTURIST,0.0012496094970321774,0.0,0.38741301059001515,0.002732412947951973,5271,4067,2392,2819
GAARD / JOHNNY STORM E,0.0032802249297094657,2.619894642027646e-06,0.3763889705450056,0.0030645325323748734,3094,2630,3090,2634
GAARK,0.0021868166198063103,0.0,0.3699722607489598,0.0012970855358761506,4042,4067,3685,4120
GABRIEL III,0.0015620118712902217,3.067226424595798e-08,0.3629251700680272,0.0012199968071907705,4812,3826,4348,4253
GADFLY / RUTH MACRAE,0.005310840362386754,1.1923605159404032e-05,0.3920632004409333,0.002979121407851659,2184,1844,2168,2681
GADRIEL,0.001718213058419244,1.676025666110277e-05,0.35883638809483775,0.0006263083156928045,4561,1667,4581,5215
GAEA,0.02374258044361137,0.00020470444501999064,0.4439359267734554,0.01844460370942809,439,605,703,523
GAFF / SIDNEY E. LEVIN,0.010465479537644486,3.603872673971492e-05,0.4340633263272086,0.011479858671686197,1156,1300,891,908
GAIA,0.009059668853483286,1.259108386011491e-05,0.35624060987145956,0.0022269908676155427,1347,1810,4720,3152
GALACTUS / GALAN,0.06279287722586692,0.002224832910739438,0.4980163360560093,0.048163330671974536,120,144,103,92
GALADRIEL,0.002655420181193377,0.0,0.36894882434301524,0.0016278415940289784,3591,4067,3798,3715
"GALANNAN, BILL",0.0015620118712902217,0.0,0.3673609915648132,0.0009597105476027376,4812,4067,3970,4655
GALEN,0.0032802249297094657,0.0,0.38673432403044583,0.004309502924495126,3094,4067,2438,2122
"GALEN KOR, ADMIRAL [",0.005779443923773821,1.653103351563421e-05,0.4000999937503906,0.005953259326383164,2050,1678,1802,1632
"GALE, SHERIFF",0.0012496094970321774,0.0,0.32359482410028306,0.00011943800683967442,5271,4067,6239,6281
"GALLAGHER, BOB",0.0021868166198063103,0.0,0.37123804001159755,0.0014944649705829528,4042,4067,3511,3872
GALTUS,0.0009372071227741331,0.0,0.35098684210526315,0.0005435068302363213,5676,4067,5107,5381
"GALVIN, TOMMY",0.0009372071227741331,0.0,0.3668347467338987,0.0007390294446695349,5676,4067,4036,5015
GAMBIT DOPPELGANGER,0.014526710402999063,7.32596593815676e-07,0.46475499092558986,0.0208633327758106,786,3115,400,446
GAMBIT | MUTANT X-VE,0.012652296157450796,0.00013335673272407038,0.3655778894472362,0.0013670327503469382,912,742,4185,4027
GAMBIT / REMY LEBEAU,0.09637613245860668,0.008452260528396333,0.5133509742602839,0.055163537385908755,53,44,51,64
"GAMBLE, GRACIE",0.0031240237425804434,0.0,0.3783240751684198,0.0037698551244663226,3214,4067,2937,2319
"GAMBONNO, ERNESTO",0.01999375195251484,0.00012569967512879912,0.46455264494594006,0.020385336836101615,555,762,407,460
"GAMBONNO, LUIGI",0.01999375195251484,0.00012569967512879912,0.46455264494594006,0.02038533683610161,555,762,407,461
GAMECOCK / ,0.0031240237425804434,7.011445347819967e-07,0.3859416445623342,0.002647066719725293,3214,3126,2481,2861
"GAMELIN, JOHN T J.T.",0.004061230865354577,1.5214226987333777e-05,0.39520958083832336,0.0027177335244799226,2650,1719,2032,2828
GAMESMASTER / JEREMY,0.00499843798812871,1.3280111257486514e-06,0.38529128550794417,0.006025008021868924,2281,2912,2521,1620
GAMMA-BURN / ,0.0006248047485160887,0.0,0.3504105090311987,0.0004669366616191304,6020,4067,5153,5508
GAMMENON [CELESTIAL],0.02218056857232115,0.00023742936639538378,0.45125819412137874,0.020043095246845586,488,552,590,474
GAMORA,0.036394876601062165,0.0003438681874999307,0.4825143201688272,0.034070684914928685,261,458,208,194
"GANCE, TABITHA TABBY",0.002655420181193377,0.0,0.3463910832161022,0.0012196678120479027,3591,4067,5342,4254
"GANGER, CARMEN",0.0012496094970321774,0.0,0.373512252042007,0.0010371253225097074,5271,4067,3296,4495
"GANGER, DR. ALEXEI",0.0023430178069353325,5.835652741141084e-06,0.3852680989348258,0.0018917367444930468,3856,2224,2526,3436
"GANNON, RICH",0.0014058106841611997,2.370540479115654e-08,0.36903389439704865,0.0011722589798475534,5057,3874,3784,4319
"GANNON, SGT. FRANK",0.0014058106841611997,0.0,0.3670661085946907,0.0007182873070382536,5057,4067,4005,5052
GANTRY,0.002655420181193377,0.0,0.3699722607489598,0.0016426330229587038,3591,4067,3685,3672
GANYMEDE,0.0012496094970321774,1.3426462673360329e-06,0.3427928892696509,0.0005135413906159792,5271,2904,5636,5432
G'ANYM,0.005154639175257732,1.8508745972593926e-06,0.37539580157147884,0.003924857676212229,2237,2782,3181,2249
"GAPON, DZHOKHAR",0.0032802249297094657,4.7079897547061875e-07,0.3903658536585366,0.0026521687359620455,3094,3234,2230,2860
GARABALDI,0.0021868166198063103,0.0,0.36742424242424243,0.0017863497240121196,4042,4067,3964,3537
GARABED / BASHUR,0.0031240237425804434,0.0,0.377431906614786,0.0018741872819971834,3214,4067,3012,3460
"GARCIA, REV.",0.001718213058419244,1.2549628650268542e-08,0.37863733144073813,0.00166520404615985,4561,3922,2914,3646
GARDENER / ORD ZYONYZ,0.008903467666354263,1.6647154701266752e-05,0.41601143674052893,0.007578954779531837,1370,1673,1277,1339
"GARFIELD, MURRAY",0.0032802249297094657,0.0,0.36383268924755624,0.0023759934090075777,3094,4067,4286,3029
GARGOUILLE / ,0.006248047485160887,1.118517123799414e-06,0.3791530944625407,0.003830812647658478,1895,2962,2876,2299
GARGOYLE / IGOR DRENKO,0.0021868166198063103,0.0,0.36079801623083857,0.0017240588330347517,4042,4067,4458,3592
GARGOYLE II / ISAAC CH,0.041237113402061855,0.0014132254260919017,0.48665906499429873,0.037479748951005365,215,203,177,160
GARGOYLE | MUTANT X-,0.007497656982193065,0.0,0.34513989972505255,0.00036711039563783676,1588,4067,5422,5724
GARM,0.0007810059356451108,0.0,0.33302122347066165,0.0005652266561429805,5841,4067,6022,5353
GARNOK REBBAHN,0.00015620118712902218,0.0,0.34191412091433454,0.00025459647730846646,6354,4067,5716,5988
GAROKK,0.008122461730709154,6.807328089313981e-05,0.39452763911998523,0.007436316915237347,1488,1021,2063,1374
GAROTTE / ,0.0015620118712902217,0.0,0.33528857232638526,0.00018961203069338953,4812,4067,5954,6119
"GARRETT, JOHN",0.0023430178069353325,2.051906694420639e-06,0.37515382361558747,0.0015385485382274746,3856,2727,3199,3828
"GARRISON, DR.",0.001718213058419244,0.0,0.36685576757778926,0.0008619697639605974,4561,4067,4035,4826
GARTHAN SAAL,0.004061230865354577,4.516806874437763e-07,0.35288281336126115,0.001865049638471332,2650,3249,4934,3466
"GARTH, DONNA",0.0023430178069353325,0.00016455010823274372,0.36774082371187317,0.0009022696566764676,3856,672,3919,4762
GARTH,0.0018744142455482662,3.357321351341592e-07,0.3545243105548787,0.0006703793333909326,4385,3336,4823,5136
GAR-TOOM,0.0007810059356451108,0.0,0.33302122347066165,0.0005652266561429805,5841,4067,6022,5353
"GARVIN, GEARS",0.007653858169322086,1.0960630147072696e-05,0.43400447427293065,0.0096279113880602,1561,1879,893,1088
GATECRASHER,0.00999687597625742,1.321305501728783e-05,0.4344167741059917,0.010094209204859967,1215,1788,882,1026
"GATES, JUNIOR",0.0021868166198063103,0.0,0.3859183796491651,0.003753169281924575,4042,4067,2484,2336
GATEWAY,0.029053420805998126,0.00024323911214293087,0.43663893056881736,0.01898636228964374,344,546,834,507
"GATOR, LORD",0.012496094970321774,3.9059181011809626e-05,0.4062956146474583,0.009357700206864548,931,1267,1589,1109
GATTLING / ,0.0014058106841611997,0.0,0.3370005790387956,0.0004502443694767703,5057,4067,5892,5539
"GATZ, WILLIAM BILLY",0.0012496094970321774,0.0,0.36029039338173224,0.001017012650279126,5271,4067,4492,4552
"GAULTHING, ANDERSON",0.0012496094970321774,0.0,0.3655361425145598,0.0009248040220079727,5271,4067,4191,4715
GAUNT II,0.00359262730396751,3.135581391169051e-06,0.3700578034682081,0.001434578275959252,2918,2540,3666,3951
GAUNTLET,0.014214308028741018,3.920846485834087e-05,0.42685691425523403,0.013020525070033567,803,1264,1016,816
GAUNT / MENDEL STROMM,0.009528272414870352,1.1207592392871447e-05,0.3755940158404224,0.003238912626003166,1270,1869,3166,2558
"GAUNT, OFFICER KIM",0.0032802249297094657,5.665663191195261e-06,0.37095839610615366,0.0015320461356288786,3094,2243,3545,3833
GAZA,0.012496094970321774,3.065586740847035e-05,0.4407876618011567,0.013095984861242532,931,1367,752,812
GAZELLE,0.006404248672289909,1.9039008617488466e-05,0.4175852847172396,0.007107696787688915,1854,1610,1242,1419
GEATAR,0.0021868166198063103,1.3728462754503823e-06,0.36191983718695236,0.0016576233563708883,4042,2896,4404,3658
"GEDDINGS, JUDITH GHO",0.0006248047485160887,0.0,0.3542692712080128,0.0006274789196813382,6020,4067,4840,5211
GEE / ALEX POWER,0.04217432052483599,0.0015209786705702084,0.47097770911498565,0.02694848949030693,208,196,322,299
"GEESEY, KARL",0.0009372071227741331,0.0,0.3375870069605568,0.0002044437928754016,5676,4067,5865,6102
GEIGER / DELILAH DEEDE,0.0012496094970321774,1.481859402761591e-06,0.37169066418950303,0.0012378005820733178,5271,2865,3458,4217
GEIRRODUR,0.006560449859418931,3.7352936347279507e-06,0.3988039618762848,0.004541327570233851,1811,2463,1855,2052
GEIST,0.0010934083099031551,0.0,0.35986509274873524,0.0006840141862904883,5492,4067,4525,5116
"GELLER, URI",0.0006248047485160887,0.0,0.35006561679790027,0.0003876038305556588,6020,4067,5166,5663
GEMINI / JOSHUA LINK,0.010621680724773508,4.395842697142208e-05,0.4239173619388161,0.010172456599331144,1131,1207,1075,1010
GENECIDE,0.004373633239612621,2.6485181452285094e-06,0.3574539363484087,0.002128106119811907,2505,2624,4671,3213
GENERAL ADMISSION,0.004061230865354577,9.59393707007577e-07,0.357813547954393,0.0016920602479900608,2650,3021,4651,3620
GENERAL OBSIDIAN,0.005935645110902842,1.5210555830695758e-06,0.35731428252497627,0.002509739555618606,1994,2851,4681,2953
GENESIS / TYLER DAYSPR,0.007497656982193065,6.130632100783958e-06,0.392231344198015,0.005328886871869084,1588,2196,2154,1816
GENII / JASON KIMBALL,0.011090284286160575,0.0001642840794339952,0.3920872121509064,0.005346298888511602,1080,674,2165,1812
GENTRY,0.005779443923773821,9.90418482777447e-06,0.3635640865466523,0.0024483810192649945,2050,1935,4296,2988
"GENUARDI, MR.",0.0020306154326772885,6.372071526087072e-07,0.37539580157147884,0.0009508247316670297,4200,3150,3181,4665
"GEORGE, DAVID LLOYD",0.0012496094970321774,0.0,0.37577038210952635,0.0011104271029847574,5271,4067,3152,4400
"GERARD, TERENCE",0.0023430178069353325,0.0,0.3711949904331188,0.0015192239991631132,3856,4067,3514,3844
"GERASI, DON MARIO",0.004217432052483598,7.093132154744633e-05,0.37552792116377287,0.0015064945279785063,2569,1002,3171,3862
"GERASI, JOEY",0.0028116213683223993,7.738097307289413e-06,0.34220654265554845,0.0003148638809250455,3463,2073,5680,5836
"GERASI, LESLIE",0.0018744142455482662,9.761049031652691e-09,0.33534126027971295,0.0001797259761807847,4385,3948,5947,6144
"GERASI, MARY ROSE",0.001718213058419244,0.0,0.33532369578881205,0.00017903983245435486,4561,4067,5952,6149
"GERHARDT, JOSEPH HEI",0.0015620118712902217,3.813696756271683e-08,0.3347976153122058,0.0005049366643207975,4812,3795,5991,5458
GESTALT,0.00046860356138706655,0.0,0.35454394417677354,0.0006375686920476124,6167,4067,4822,5188
GHAUR [DEVIANT],0.030615432677288345,0.000531626574861723,0.48146198390614425,0.028643006471354208,320,355,221,262
GHOST,0.007497656982193065,1.644246981281194e-05,0.4087600561869493,0.0055089754040898746,1588,1683,1515,1766
GHOST GIRL II / LILLI,0.0078100593564511085,3.664157139532858e-05,0.3815256257449344,0.003974548291991091,1526,1291,2747,2232
GHOST GIRL / ,0.0020306154326772885,0.0,0.375968992248062,0.001112430043767913,4200,4067,3128,4393
GHOST RIDER III / DAN,0.04623555139019057,0.007608104026693711,0.4843028973447311,0.027459890461052072,183,49,200,288
GHOST RIDER II / JOHNN,0.04279912527335208,0.004491109824489976,0.4818243395800406,0.02934440938468896,205,78,216,250
GIBBON / MARTIN BLANK,0.005310840362386754,3.1529910307926416e-06,0.3746927308907878,0.0025893022000479772,2184,2537,3222,2910
"GIDEON, CLAIRE",0.0018744142455482662,0.0,0.36988675756875433,0.0025210906005982063,4385,4067,3698,2946
GIDEON,0.019681349578256794,0.00017786032857166646,0.4381930184804928,0.013446578211850677,569,648,805,779
"GIDEON, GREGORY HUNG",0.0021868166198063103,4.822974843781742e-08,0.3699722607489598,0.0025660083904916714,4042,3752,3685,2920
GIGANTO,0.0032802249297094657,2.3604885891611757e-06,0.3777213994925954,0.0032136362352044993,3094,2677,2991,2565
GIGANTUS,0.0028116213683223993,1.2490468943309225e-05,0.40720010176822286,0.003981540455610572,3463,1819,1559,2230
"GILBERTI, ROSE",0.001718213058419244,1.0023693993564706e-06,0.3625141562853907,0.0012986907723129058,4561,3002,4373,4114
"GILBERT, PROFESSOR G",0.002499218994064355,1.3207629609156706e-06,0.401530356246864,0.0034498464917745264,3730,2914,1738,2465
"GILBERT, ROXANNE",0.005310840362386754,2.7274840546623206e-06,0.3942118226600985,0.004686046331640874,2184,2607,2071,1997
GIL,0.0021868166198063103,0.0,0.34411954418404644,0.0010513022074157584,4042,4067,5556,4472
"GILLISPIE, ANDREW AN",0.005779443923773821,0.0,0.365098374679213,0.0025272721551032533,2050,4067,4210,2940
"GILMORE, BERT",0.0009372071227741331,0.0,0.3743859649122807,0.0011734267569193009,5676,4067,3243,4318
GIN GENIE / BECKAH,0.0015620118712902217,0.0,0.3580737177694502,0.0004144083942755928,4812,4067,4624,5594
GIRABOOR,0.001718213058419244,0.0,0.35839444662150816,0.001584555258459789,4561,4067,4604,3750
GLABOO,0.0078100593564511085,2.543368394503833e-06,0.39460059171597633,0.006470113042209407,1526,2651,2055,1540
GLADIATOR II,0.03530146829115901,0.0006853924305782209,0.4732756708804613,0.030055133244296928,271,303,301,243
GLADIATOR / MELVIN POT,0.01936894720399875,0.0002240923665431958,0.4468797989669133,0.014096626532233782,582,570,658,745
GLADIATRIX,0.002967822555451421,0.0,0.38107142857142856,0.0026201201550477304,3351,4067,2774,2885
GLAMOUR GIRL / GLORIA,0.004217432052483598,0.0,0.37716507599858606,0.0026099733631398075,2569,4067,3036,2894
"GLAZER, FAST FREDDY",0.0018744142455482662,0.0,0.37519779640157064,0.0015153295854205453,4385,4067,3197,3849
"GLEASON, KAREN",0.0028116213683223993,0.0,0.34118524834790026,0.00045836940128730176,3463,4067,5756,5526
GLEEG,0.0010934083099031551,0.0,0.3525912871069009,0.0007070206781125,5492,4067,4950,5076
"GLENN, HEATHER",0.012027491408934707,0.00015480671923519571,0.4419744563341388,0.009296494130620411,984,689,738,1117
GLITCH / CHARLES J. AM,0.0009372071227741331,0.0,0.3655361425145598,0.0008842126234663504,5676,4067,4191,4792
GLITTER / ,0.0014058106841611997,0.0,0.3505448173903521,0.0009214780834518961,5057,4067,5140,4729
GLOB / DR. SUMNER BECK,0.0014058106841611997,2.1659048440865195e-08,0.35865546218487393,0.001333619900137522,5057,3882,4590,4081
GLOM,0.006872852233676976,1.4364670702024624e-06,0.3798730196404201,0.005411777663278048,1733,2878,2845,1785
GLORIAN / THOMAS GIDEO,0.003436426116838488,3.342174005125473e-06,0.37836879432624115,0.003586080596181602,3010,2509,2931,2409
GLORIOLE,0.00015620118712902218,0.0,0.3270498084291188,0.00012646777591913906,6354,4067,6159,6261
GLOUCESTER,0.0039050296782255542,0.0,0.36055417886911467,0.0015470775633951155,2721,4067,4474,3804
GLUB,0.0039050296782255542,9.495780971356969e-08,0.3772539776075427,0.004478532121686765,2721,3620,3023,2065
"GNUCCI, MA",0.0012496094970321774,0.0,0.3352534562211982,0.00015485482889220968,5271,4067,5961,6218
GOBLYN,0.013901905654482974,7.350566198031661e-05,0.4387636214104585,0.01439462092161699,824,984,795,723
GO-DEVIL / GO ISHIMORI,0.0031240237425804434,3.415015404569021e-06,0.360899712497886,0.0012293842929841023,3214,2497,4455,4234
GODSTALKER,0.002655420181193377,1.1876952887219653e-05,0.34659736884846515,0.0009653216684588844,3591,1847,5332,4650
GODWULF,0.00031240237425804435,0.0,0.2930647745479515,2.172982876042968e-05,6269,4067,6359,6370
GOG,0.006404248672289909,1.7985955844223678e-05,0.40860352310441667,0.0062836076110390415,1854,1636,1520,1584
GOG II,0.0015620118712902217,0.0,0.36607959743824336,0.001540642638656774,4812,4067,4129,3823
GOG III,0.006248047485160887,6.478686806685707e-06,0.3985308764940239,0.0069317604247147195,1895,2167,1874,1454
GOGO TAMAGO / ,0.00359262730396751,3.339052560819153e-06,0.34665367121507473,0.0014254978554213034,2918,2510,5323,3957
GOLDBUG,0.004842236800999687,1.240192666730509e-05,0.38868314006435556,0.0028658566508553583,2327,1822,2319,2745
GOLDDIGGER,0.011715089034676662,1.7889532775696242e-05,0.39375115320745435,0.00592078102326257,1013,1642,2091,1644
GOLDEN ARCHER II / WYA,0.010465479537644486,0.00014523737491138543,0.4406056434962147,0.01013870092183727,1156,708,755,1020
GOLDEN-BLADE,0.004061230865354577,8.026559358140055e-06,0.3868979271166979,0.002879418497163755,2650,2051,2421,2735
GOLDEN GIRL / GWENNY L,0.003436426116838488,3.0673059571819726e-07,0.3763004761065068,0.0014760601683632749,3010,3356,3099,3896
"GOLDFARB, AARON",0.0009372071227741331,0.0,0.35574572127139364,0.0005499321204285673,5676,4067,4748,5370
GOLDFIRE / AMEIKO SABU,0.00718525460793502,5.308940262158846e-06,0.38475869944107216,0.003918911460711248,1664,2276,2556,2253
GOLDIELOCKS / ,0.001718213058419244,0.0,0.3413853783394657,0.0003529205358185563,4561,4067,5737,5748
GOLD,0.005935645110902842,0.0,0.3930500982318271,0.004246168681860298,1994,4067,2123,2141
GOLEM II,0.00015620118712902218,0.0,0.35170026918639785,0.00033722403510878487,6354,4067,5031,5790
GOLEM III,0.0009372071227741331,0.00045600504308774295,0.360128255611183,0.0006093540113129931,5676,396,4506,5248
GOLEM / JACOB GOLDSTEI,0.0014058106841611997,1.3944355759503844e-08,0.3757924395397981,0.0010759682165371787,5057,3915,3151,4434
GOMURR,0.0014058106841611997,3.825540763362101e-06,0.382094897045658,0.002288310944988728,5057,2447,2715,3101
"GONZALEZ, RAYMOND",0.0007810059356451108,0.0,0.3365930599369085,0.00022041791840365192,5841,4067,5912,6056
GOOM,0.00015620118712902218,0.0,0.2931855651218172,3.525207015392051e-05,6354,4067,6358,6363
"GOONER, MELVIN",0.0014058106841611997,1.1646289883993687e-07,0.385129038079769,0.0016328091363417647,5057,3585,2531,3699
GORGEOUS GEORGE,0.002499218994064355,4.6569553459121814e-08,0.36580766813324955,0.0019279627415138007,3730,3755,4171,3410
GORGILLA,0.00499843798812871,3.742402711157327e-05,0.41030571044029995,0.005594530794937858,2281,1284,1457,1734
GORGON [INHUMAN],0.07091533895657606,0.0023434643088236493,0.5027880311002906,0.050195082152605444,93,136,85,82
GORGON | MUTANT X-VE,0.004217432052483598,0.0,0.34474959612277867,0.0003220150927605304,2569,4067,5474,5816
GORILLA-MAN,0.001718213058419244,0.0,0.38211770323504834,0.0021238479474435246,4561,4067,2706,3219
GORNKAI,0.002499218994064355,0.0,0.38227742282199795,0.003271713805910909,3730,4067,2697,2532
GORN,0.0010934083099031551,7.194102878182953e-07,0.355508662816526,0.0006115864658491647,5492,3122,4760,5239
GOROTH,0.0032802249297094657,0.0,0.3730769230769231,0.0031520127188517377,3094,4067,3330,2584
GORR,0.0015620118712902217,1.8656639345662112e-08,0.3714749912962748,0.0022404225416847515,4812,3903,3495,3137
GOSAMYR,0.005623242736644799,1.0358057411418046e-06,0.37040037028465633,0.004144441295350526,2087,2992,3597,2175
GOTH,0.003436426116838488,7.648847247444084e-08,0.3783240751684198,0.0038593877707658445,3010,3668,2937,2288
"GOTTFRIED, WILLIS",0.0015620118712902217,0.0,0.36875756004838434,0.0014185456089705203,4812,4067,3811,3963
"GOULDING, DR.",0.0014058106841611997,0.0,0.3715827964478496,0.0010550747090175136,5057,4067,3483,4462
"GOYER, SAUL",0.0023430178069353325,1.3420231681459751e-06,0.3592592592592593,0.0010642046085668074,3856,2906,4552,4449
GRACE,0.0039050296782255542,9.495780971356969e-08,0.3772539776075427,0.004478532121686762,2721,3620,3023,2066
GRANDE DAME,0.0018744142455482662,0.0,0.34249946501176975,0.0009290994509310437,4385,4067,5654,4704
GRANDMASTER / EN DWI G,0.03264604810996564,0.0006373599718233994,0.4799460229402504,0.032984823288632364,297,314,239,211
GRAND OVERSEER,0.0039050296782255542,1.0947139527431662e-06,0.3423529411764706,0.0002948273881352686,2721,2970,5674,5899
GRANITOR,0.0014058106841611997,0.0,0.30124223602484473,5.20125123730241e-05,5057,4067,6341,6350
"GRANT, DONALD",0.003436426116838488,0.0,0.38573236127010907,0.0023568532417719864,3010,4067,2495,3045
"GRANT, GATOR",0.0007810059356451108,2.627960519162181e-07,0.3649110807113543,0.0007213201887909718,5841,3413,4217,5047
"GRANT, GLORIA GLORY",0.046079350203061545,0.0012868505724603898,0.4646875226827321,0.021140403334629094,185,213,403,434
"GRANT, MARY MEEKS",0.003436426116838488,0.0,0.38573236127010907,0.0023568532417719834,3010,4067,2495,3051
"GRANT, PHILLIP",0.004061230865354577,2.798427955337955e-06,0.39175131562844207,0.0037452289922097386,2650,2595,2176,2337
"GRANT, SILAS",0.006404248672289909,4.247222486357882e-06,0.3902706656912948,0.0054355895850596355,1854,2392,2235,1779
"GRANT, SILAS II",0.0018744142455482662,0.0,0.3539558799137502,0.0007045575653546743,4385,4067,4865,5080
GRAPPLER,0.0060918462980318645,7.614573895669212e-06,0.3799181057504006,0.002494320447299883,1940,2081,2840,2967
GRASP,0.004061230865354577,3.6237363317869604e-06,0.41528282304099634,0.004421111143419151,2650,2474,1304,2081
"GRASSWIND, Z'OOFREY",0.0032802249297094657,2.5906967092881944e-05,0.3466724427356907,0.0010665600359191262,3094,1465,5322,4443
G'RATH,0.0007810059356451108,0.0,0.26313193588162764,6.80118754560902e-06,5841,4067,6394,6387
GRAVEMOSS,0.0020306154326772885,0.0,0.368800046085604,0.0026396478185126216,4200,4067,3809,2867
GRAVITON / FRANK HALL,0.021868166198063105,0.00025026507481190125,0.4561128526645768,0.019150082887673753,499,540,502,500
"GRAY, CHARLES",0.005467041549515776,5.362479456085619e-06,0.37749867327082964,0.0028451463005006194,2133,2270,3005,2758
"GRAY, SGT.",0.0021868166198063103,0.0,0.3718849840255591,0.0026072503207811687,4042,4067,3432,2898
"GRAZIA, VINCENT VINN",0.0012496094970321774,1.4213107849933998e-08,0.3542300669506999,0.000787530373884308,5271,3914,4842,4936
GREASE,0.00015620118712902218,0.0,0.3506024096385542,0.0003267285658607025,6354,4067,5136,5806
GREASY,0.004373633239612621,3.5406327201126865e-07,0.3477457903313417,0.0013797791562899326,2505,3316,5270,4004
"GREEN, ARNIE",0.0007810059356451108,0.0,0.3511601118973178,0.0005601526446907082,5841,4067,5098,5361
GREEN GOBLIN III / BAR,0.0028116213683223993,4.413025306735665e-07,0.37366485729294346,0.002129514655194901,3463,3255,3286,3212
GREEN GOBLIN IV / PHIL,0.012027491408934707,8.285304463870013e-05,0.3946735712964675,0.004246922245190636,984,927,2050,2140
GREEN GOBLIN | MUTAN,0.0039050296782255542,1.2549920183553465e-07,0.3447124703855266,0.0003214290853787805,2721,3571,5485,5824
GREEN GOBLIN / NORMAN,0.04748516088722274,0.0018154632944161985,0.4818243395800406,0.028262427408763766,176,169,216,269
GREEN GOBLIN V / ,0.007497656982193065,1.347470817078335e-05,0.3984068703715228,0.0044562549570708685,1588,1777,1883,2074
"GREEN, JAMES",0.0007810059356451108,0.0,0.37025041929327396,0.0005272076878871145,5841,4067,3620,5406
"GREEN, LILA",0.0015620118712902217,7.320786773739518e-08,0.3515650741350906,0.0006822841988889919,4812,3674,5066,5117
GREENSONG,0.009215870040612308,6.00268184801688e-06,0.40309784661881376,0.01008570303376698,1318,2208,1688,1032
"GREER, DAVID",0.0021868166198063103,0.0,0.3665197229060514,0.0009166241490317436,4042,4067,4077,4739
"GREER, GABRIELLE",0.004842236800999687,9.133389423259859e-05,0.370186191742801,0.0015779739377248662,2327,880,3626,3760
GREGOR,0.00359262730396751,1.865952622226788e-05,0.3745611982213901,0.002039839492837525,2918,1614,3228,3306
"GREGORY, TODD",0.00046860356138706655,0.0,0.3517389154442064,0.000339921725075971,6167,4067,5021,5776
"GREICO, LINDA",0.00031240237425804435,0.0,0.3658494771129779,0.0005905693794359861,6269,4067,4164,5292
GREMLIN / ,0.011246485473289597,9.207927972331886e-05,0.43625212947189096,0.014026534562436153,1063,878,845,749
GRENDEL'S MOTHER,0.0009372071227741331,0.0,0.34687906371911575,0.0006450669226392458,5676,4067,5314,5181
GRESIG,0.0020306154326772885,0.0,0.3523196301799571,0.0006812150200200676,4200,4067,4987,5118
"GREY, DR. JOHN",0.027022805373320836,0.00012883457505384862,0.45167207563143785,0.023335625714405797,376,755,577,374
"GREY, ELAINE",0.02280537332083724,7.21689705668668e-05,0.43816302785572514,0.02015089631029609,466,993,807,468
GREY GARGOYLE / PAUL P,0.022649172133708217,0.0004514346689017169,0.46057553956834535,0.02097681882007546,474,400,456,442
"GREY, JEAN | MUTANT",0.011871290221805685,6.734685099514805e-05,0.3572943408862596,0.0009252760119624067,1000,1027,4682,4714
GREY KING / ADDISON FA,0.0028116213683223993,7.016095890205362e-09,0.3673609915648132,0.002504125818515233,3463,3985,3970,2960
GREYSTONE / BRIAN YOUN,0.0039050296782255542,6.4638375835008365e-06,0.36397748592870544,0.0019941409056795515,2721,2169,4274,3358
GRID,0.0015620118712902217,0.0,0.35761367444978215,0.0012317817314934124,4812,4067,4664,4228
GRIEFSAVOR,0.001718213058419244,0.0,0.3517582417582418,0.0007789523705772313,4561,4067,5016,4955
GRIFFIN III,0.0014058106841611997,0.0,0.33574575204531154,0.0007954799557579398,5057,4067,5937,4926
GRIFFIN II / JOHNNY HO,0.01296469853170884,9.496981208526108e-05,0.45148095909732017,0.01410909570708114,893,868,583,744
GRIFFIN,0.0006248047485160887,0.0,0.35110233629483384,0.0005097451492730651,6020,4067,5101,5440
"GRIFFITH, D.W.",0.013901905654482974,0.0003494291355024683,0.43831302204573463,0.011028742653480373,824,456,802,936
GRIM HUNTER / KRAVINOF,0.0037488284910965324,1.947714931734317e-06,0.3711949904331188,0.0016573124383346014,2830,2753,3514,3659
"GRIMM, BEN | EARTH-A",0.0021868166198063103,1.4330114099083294e-07,0.3750439367311072,0.002686257121170175,4042,3539,3209,2843
"GRIMM, BEN | MUTANT",0.004529834426741643,2.0527844043553016e-07,0.3447867298578199,0.00033011388916175203,2437,3474,5472,5805
"GRIMM, BEN | TIMESLI",0.0039050296782255542,0.0,0.38771802325581395,0.003517393750815407,2721,4067,2369,2439
"GRIMM, JAKE",0.002499218994064355,2.666956827391883e-07,0.38529128550794417,0.004153628255800905,3730,3407,2521,2173
"GRIMM, PETUNIA PENNY",0.0015620118712902217,0.0,0.37537379067722076,0.0027281116236345677,4812,4067,3187,2824
"GRIMM, SUE STORM EAR",0.0020306154326772885,2.9158425325787568e-08,0.3750219670786714,0.0026741447982920833,4200,3842,3210,2854
GRIM REAPER / ERIC WIL,0.01733833177132146,8.483070902110309e-05,0.45426807634996097,0.017869353807145105,659,920,532,549
"GRIPPO, BILLY",0.0010934083099031551,0.0,0.35432809386761127,0.0008107499663541571,5492,4067,4838,4904
GRIS-GRIS,0.0067166510465479536,1.487013930255066e-05,0.37102289191538684,0.002294036714871295,1774,1732,3536,3096
GRIZZLY II / THEODORE,0.006560449859418931,3.348097743591568e-06,0.3724041649700425,0.0034480878735697732,1811,2507,3379,2467
GRIZZLY / MAXWELL MARK,0.005310840362386754,1.5834626076213774e-06,0.3711304347826087,0.0022879303661018347,2184,2838,3522,3103
GROK,0.0032802249297094657,7.699126896858952e-07,0.35282446955084046,0.00039078234356666145,3094,3088,4936,5642
GRON,0.0018744142455482662,0.0,0.4032501889644747,0.003095057788038333,4385,4067,1684,2621
GRONK,0.012183692596063729,1.4233468687630741e-05,0.41117533718689786,0.011732781892225519,970,1755,1425,887
"GROSS, CLIFFORD",0.00031240237425804435,0.0,0.3370183196462413,0.00024398225355618992,6269,4067,5887,6009
"GROSS, IRA",0.0010934083099031551,0.0,0.36618429331350455,0.0006586496076715122,5492,4067,4114,5159
GROTESK,0.008278662917838176,2.3506023664135398e-05,0.4294050573479107,0.010211533179090956,1467,1523,966,1007
GROTTU,0.0009372071227741331,0.0,0.3433996674354986,0.0005579198332345062,5676,4067,5599,5364
GROUNDHOG / SEAN BENAR,0.001718213058419244,0.0,0.3634196185286104,0.0013596186746952946,4561,4067,4304,4044
GROVEL,0.005623242736644799,7.621497162035181e-06,0.40534380144358617,0.006236919559617445,2087,2078,1619,1592
"GROVES, GEN. MCALLIS",0.0014058106841611997,0.0,0.3780783086281226,0.0013219900276863256,5057,4067,2965,4091
GROWING MAN,0.008903467666354263,3.7572009908399905e-05,0.41091142490372273,0.00929654677403654,1370,1281,1432,1116
"GRUENWALD, MARK",0.006248047485160887,0.0,0.41649860126211696,0.00872261011239683,1895,4067,1265,1171
"GRUNCH, ALESTAIRE FI",0.0023430178069353325,4.534659507775336e-06,0.347764680319409,0.0004862050118009128,3856,2365,5268,5488
GRUX,0.0015620118712902217,0.0,0.342078546620358,0.0002681722854611046,4812,4067,5702,5963
GRYPHON / COMMANDER EK,0.0032802249297094657,4.315234100704243e-07,0.3517582417582418,0.001717673077414587,3094,3256,5016,3603
GUARDIAN III,0.0006248047485160887,0.0,0.33744465528146744,0.000340654026971327,6020,4067,5870,5773
GUARDIAN IV,0.0018744142455482662,0.0,0.3695664723200369,0.0014388573224023017,4385,4067,3745,3947
GUARDIAN / JAMES MACDO,0.04764136207435176,0.0016365918120608617,0.4939433685672402,0.039468252366582905,172,182,123,145
GUARDIAN | MUTANT X-,0.0023430178069353325,0.0,0.34452696157571844,0.00029677513645138317,3856,4067,5507,5889
GUARDIAN V / JAMES MAC,0.012808497344579818,0.00011797670482863949,0.38757718852161277,0.00538916433814669,904,789,2383,1797
GUARDSMAN / KEVIN O'BR,0.005154639175257732,2.9344960683079212e-05,0.406993006993007,0.0059543165289970635,2237,1390,1566,1631
GUDRUN [ASGARDIAN],0.005467041549515776,2.2200173098832736e-06,0.38061831153388825,0.0036171502497150906,2133,2700,2807,2389
GUILOTINE,0.004529834426741643,9.47221561594372e-06,0.4060379273165472,0.0031034642874536835,2437,1955,1600,2615
GUINNESS,0.0009372071227741331,0.0,0.2773709977903904,1.2815654767444943e-05,5676,4067,6376,6378
GULADKIN,0.0021868166198063103,0.0,0.40112781954887217,0.0029458804665233817,4042,4067,1766,2698
GULLIN,0.008591065292096219,0.0,0.4394865106061646,0.013256411643638867,1414,4067,780,799
GULLO,0.0020306154326772885,0.0,0.35144927536231885,0.0010118238317173482,4200,4067,5074,4567
"GUNDERSON, COL. ROLA",0.0023430178069353325,0.0,0.3711949904331188,0.0015192239991631143,3856,4067,3514,3842
GUNSHIP / CARY ROUNTRE,0.0018744142455482662,2.4402622579131728e-08,0.3324332744833316,0.0002468063684202569,4385,3862,6026,6007
GUNTHAR II,0.008278662917838176,8.309118519052521e-06,0.41810344827586204,0.009312670498104183,1467,2031,1232,1115
GUNTHAR,0.0015620118712902217,0.0,0.3583743842364532,0.0015878987011531548,4812,4067,4607,3748
"GUNTLY, DAVID",0.001718213058419244,0.0,0.3560226893560227,0.0010476800417751227,4561,4067,4737,4479
"GUTHRIE, JOELLE",0.0021868166198063103,0.0,0.36742424242424243,0.0017863497240121191,4042,4067,3964,3538
"GUTHRIE, JOSH",0.004373633239612621,2.773157021339357e-06,0.3713026331052082,0.002867445681837153,2505,2600,3509,2743
"GUTHRIE, LUCINDA",0.005310840362386754,8.807084982183405e-06,0.363048656005444,0.0026907238207932354,2184,1994,4343,2839
"GUTHRIE, LUKE",0.0021868166198063103,0.0,0.3440085975282106,0.0010111178749921076,4042,4067,5570,4569
"GUTHRIE, TYLER",0.0021868166198063103,0.0,0.3440085975282106,0.0010111178749921074,4042,4067,5570,4570
GYPSY MOTH,0.028897219618869104,0.00022623412099755563,0.47534897534897536,0.028761115873318043,348,566,279,259
GYRE,0.004061230865354577,1.5823038202172285e-05,0.39081863134118794,0.004174999761580997,2650,1697,2218,2166
"GYRICH, HENRY PETER",0.06544829740706029,0.003421070235061713,0.5026301326843056,0.04552376587864485,111,92,86,103
HAAG,0.002967822555451421,0.0,0.34249946501176975,0.001179139771085116,3351,4067,5654,4312
HACK / ,0.0014058106841611997,0.0,0.3633164973611032,0.0009716594531686671,5057,4067,4320,4637
"HADDOCK, DR. MYRA",0.00718525460793502,3.974783075512275e-06,0.34689785965862907,0.0020070697331131472,1664,2427,5313,3345
HAFNIUM,0.00999687597625742,1.8897976014374873e-05,0.42464844786415495,0.008465856333052996,1215,1611,1061,1210
"HAGER, GENERAL",0.0009372071227741331,0.0,0.3696518274727178,0.00046249265653738,5676,4067,3725,5513
"HAGGERT, BOB",0.004529834426741643,7.688037174956846e-07,0.3717554149004123,0.002880636257675162,2437,3089,3449,2734
HAG / ,0.0037488284910965324,1.6287207517182483e-05,0.3719281938070063,0.0014587236892322647,2830,1687,3429,3911
HAIRBAG / SUGGS,0.004373633239612621,1.3972988976491845e-06,0.37716507599858606,0.003231255353533137,2505,2892,3036,2561
"HALBERG, DONALD",0.0020306154326772885,0.0,0.37749867327082964,0.0029389034984394435,4200,4067,3005,2703
"HALDEMAN, CALVIN",0.0010934083099031551,0.0,0.3875537260124705,0.0017179499013600238,5492,4067,2384,3601
"HALE, JONAS",0.011871290221805685,5.967832881742334e-05,0.41212823483970645,0.007954007096011947,1000,1079,1398,1286
"HALE, NAN",0.003436426116838488,0.0,0.38573236127010907,0.002356853241771984,3010,4067,2495,3050
"HALE, TOM",0.003436426116838488,0.0,0.38573236127010907,0.002356853241771985,3010,4067,2495,3047
HALF-FACE,0.00046860356138706655,0.0,0.3617153511497825,0.0005456883052296392,6167,4067,4420,5374
HALFLIFE,0.0009372071227741331,0.0,0.34224313054634875,0.0006083562767555007,5676,4067,5678,5250
"HALFTREE, HORACE",0.0018744142455482662,9.761049031652691e-09,0.33534126027971295,0.00017972597618078466,4385,3948,5947,6145
"HALLER, GABRIELLE",0.018900343642611683,5.0735417204115704e-05,0.43444625407166126,0.01731828061701314,606,1144,881,586
"HALL, MORGAN",0.0018744142455482662,9.761049031652691e-09,0.3683756257552218,0.0012576201288181184,4385,3948,3852,4198
HALLOWEEN JACK,0.0012496094970321774,0.0,0.3434917909646958,0.001012704128117236,5271,4067,5591,4564
HAMES,0.005310840362386754,1.4009785674293393e-06,0.3473872700634869,0.001940576845632764,2184,2890,5295,3399
"HAMID, SHEIK",0.004373633239612621,8.447066386203847e-06,0.3701647875108413,0.0014478554475340134,2505,2023,3645,3927
"HAMILTON, JEROME",0.0028116213683223993,3.999625927136551e-08,0.3866408986592584,0.0038961016473648678,3463,3784,2443,2262
"HAMILTON, MICKY",0.0039050296782255542,3.369068698982613e-05,0.3809580481999405,0.0019747596274536845,2721,1325,2787,3372
"HAMILTON, PAUL",0.0006248047485160887,0.0,0.37581449955972995,0.0010078197714522836,6020,4067,3147,4578
HAMIR,0.004061230865354577,3.968356428982539e-05,0.3988536539779453,0.00425256370338885,2650,1258,1852,2137
HAMMERHAND II / BRON,0.0037488284910965324,2.5702186759067048e-06,0.32763561924257933,0.00021998286295031458,2830,2638,6141,6063
HAMMERHAND,0.00359262730396751,1.1526535410097768e-06,0.34424907243103725,0.0010454544481464975,2918,2954,5547,4485
HAMMERHEAD,0.02218056857232115,0.0002894415927933397,0.44656808035714285,0.012293596197692635,488,501,660,850
HAMMER II / ,0.0015620118712902217,0.0,0.35620096811884494,0.0009975037595009544,4812,4067,4722,4593
HAMMER III / EISENHOWE,0.003436426116838488,3.817266140578434e-08,0.3529022655862411,0.0015597140933083062,3010,3794,4933,3782
HAMMER IV / ,0.0014058106841611997,8.105092753353893e-09,0.3377294787929943,0.0005024456598842622,5057,3972,5860,5465
"HAMMER, JUSTIN",0.02530459231490159,0.000557351821972474,0.44286109573879356,0.01456277950011549,407,347,720,718
HAMMER / LEROY JACKSON,0.0015620118712902217,1.4059146590779352e-06,0.39110513776040073,0.0014911353148910698,4812,2887,2209,3879
"HANCOCK, CALISTA",0.001718213058419244,2.5241654120800014e-07,0.37989556135770236,0.0015758325947926137,4561,3424,2843,3763
HANGMAN,0.0039050296782255542,2.567013796889132e-06,0.352048391531482,0.001640459166555132,2721,2647,5005,3679
HANGMAN II / JASON ROL,0.004217432052483598,2.4811539127866954e-07,0.38438907235064546,0.0036536929004299186,2569,3427,2577,2372
"HANRAHAN, GORDON",0.004061230865354577,0.0,0.40115295444576726,0.0032558273502892037,2650,4067,1762,2547
"HANRAHY, JIM",0.002655420181193377,0.0,0.3449167609503798,0.0014683880888743896,3591,4067,5461,3898
HANRANSHA / ASAHI,0.0010934083099031551,0.0,0.34229802705448326,0.0007283274092126403,5492,4067,5676,5033
"HANSEN, BILLY",0.002499218994064355,1.3379186388500503e-07,0.35025713973082395,0.0004556895597624701,3730,3553,5159,5530
HARBINGER,0.0032802249297094657,5.2760233160026405e-06,0.4026921625361681,0.0038682842887409296,3094,2280,1701,2285
HARDBALL,0.002967822555451421,0.0,0.3699295042181902,0.002700943734199919,3351,4067,3695,2835
HARD BOILED HENWY,0.007029053420805998,7.733881881101134e-06,0.4207136754945127,0.0069521985845924445,1704,2074,1161,1449
HARDCASE / HAROLD HARR,0.0067166510465479536,7.89008790318346e-06,0.37787746428993035,0.0036422630257352986,1774,2061,2981,2377
HARDCORE / ,0.004217432052483598,2.300825657341851e-05,0.3890374331550802,0.0026931754037694067,2569,1534,2297,2838
"HARDERMAN, QUENTIN",0.0039050296782255542,5.548745498685863e-06,0.4041921838499905,0.005011454536462721,2721,2256,1654,1911
HARDRIVE,0.013901905654482974,2.9868602631837162e-05,0.4344167741059917,0.013113612996754573,824,1385,882,811
HARDWIRE / ,0.0015620118712902217,0.0,0.3627606527651859,0.0005791092579147972,4812,4067,4357,5325
"HARDY, LYDIA",0.00359262730396751,7.595653317235328e-09,0.3740578439964943,0.0025702263036215946,2918,3979,3265,2919
"HARDY, MORGAN MACNEI",0.0012496094970321774,2.359646584726051e-06,0.38631426502534394,0.0020712955345535996,5271,2678,2460,3277
"HARDY, STAN",0.004686035613870665,6.623200548306889e-06,0.41936329097340497,0.00628150992403197,2377,2155,1193,1585
HARGEN,0.00999687597625742,2.1928589797220473e-05,0.3947709194055621,0.006250231347121545,1215,1557,2045,1589
"HARGROVE, ELIAS",0.0023430178069353325,1.5143944899277385e-07,0.3712165139742549,0.001927599595803817,3856,3528,3512,3411
"HARKER, QUINCY",0.0020306154326772885,5.941424142360495e-07,0.35397545062479263,0.0008998033679021491,4200,3167,4862,4769
"HARKNESS, ABIGAIL",0.0007810059356451108,0.0,0.3253379408476471,0.00011769460007124617,5841,4067,6207,6286
"HARKNESS, AGATHA",0.05607622617931896,0.0008237387174150931,0.49386716037954176,0.04495946972173197,141,275,126,107
HARMONY,0.0015620118712902217,0.0,0.36903389439704865,0.001478606482785252,4812,4067,3784,3893
HARNESS / ERIKA BENSON,0.00999687597625742,2.9288894050224896e-06,0.4127659574468085,0.010117017411167143,1215,2568,1376,1022
HAROKIN [ASGARDIAN],0.007029053420805998,4.8797573472318946e-06,0.40221147201105734,0.006693004349623655,1704,2322,1717,1507
HARPOON,0.014058106841611996,1.2178733809814329e-05,0.408838367711859,0.011550847786989896,813,1833,1511,903
HARPY II,0.0014058106841611997,0.0,0.37641110065851363,0.0010132181839843345,5057,4067,3084,4563
HARQUIS TEY,0.002967822555451421,4.49705473243999e-07,0.34224313054634875,0.00027937076657397826,3351,3250,5678,5929
"HARRAS, BOB",0.0014058106841611997,0.0,0.3748902031972829,0.0019799891818560087,5057,4067,3218,3369
"HARR, DR.",0.0007810059356451108,0.0,0.35208711433756806,0.0005865073056717353,5841,4067,5000,5297
HARRIER,0.0009372071227741331,0.0,0.36069637726069076,0.0008478844110853463,5676,4067,4464,4850
"HARRIGAN, CHESTER CH",0.00046860356138706655,0.0,0.3627400985891552,0.0005862644851872802,6167,4067,4365,5299
"HARRIGAN, PATRICIA P",0.005779443923773821,0.0,0.365098374679213,0.002527272155103251,2050,4067,4210,2941
"HARRINGTON, PRINCIPA",0.0006248047485160887,0.0,0.3658494771129779,0.00039899216264437733,6020,4067,4164,5624
"HARRIS, BERNARD",0.0015620118712902217,1.1288652293902934e-07,0.3512371756185878,0.0008274468960915504,4812,3589,5092,4888
"HARRIS, CHRISTINE",0.0039050296782255542,9.736632384002524e-06,0.3658703851868785,0.001411975456946096,2721,1945,4161,3966
"HARRIS, EDDIE",0.006872852233676976,1.3453889120746058e-05,0.4157952847957394,0.005880352227337775,1733,1778,1287,1656
"HARRIS, MONROE",0.0020306154326772885,2.4230078783117662e-08,0.3354818424775979,0.0003167563786970238,4200,3872,5941,5832
"HARRISON, COL. EDWAR",0.0014058106841611997,0.0,0.38418146903504563,0.0013517079621477555,5057,4067,2589,4056
"HARROW, DR. JONAS",0.004529834426741643,1.4095251948754707e-06,0.3895582329317269,0.003205274453542842,2437,2885,2273,2568
HARVEST / CHI LO,0.011090284286160575,0.0001642840794339952,0.3920872121509064,0.005346298888511603,1080,674,2165,1811
HARVEST II,0.0020306154326772885,6.978946675770186e-07,0.36432961529706354,0.001958067297077293,4200,3130,4261,3384
"HARVEY, SUE",0.0012496094970321774,0.0,0.3867576874282607,0.0018568685851450052,5271,4067,2434,3476
"HASARD, SAMANTHA",0.0031240237425804434,0.0,0.3783240751684198,0.00376985512446632,3214,4067,2937,2325
HASSAN,0.0007810059356451108,0.0,0.32575179361929474,0.00011616639980466569,5841,4067,6198,6297
"HASTINGS, PROF. LOUI",0.0032802249297094657,7.2369952375120025e-06,0.3790184121721627,0.0017969891357997078,3094,2113,2883,3531
HATCHET-9,0.00046860356138706655,0.0,0.3574339791189772,0.0007937460094524597,6167,4067,4674,4933
HATCHET MAN / HACHIMAN,0.0015620118712902217,0.0,0.33530613313779917,0.00017360086852808714,4812,4067,5953,6159
"HATCHWAY, VERNON",0.005310840362386754,1.2341842495393894e-06,0.3730334459853164,0.0027995626432026576,2184,2933,3333,2786
HATE,0.008434864104967197,3.446969260714764e-05,0.4477236170361564,0.01063777946966166,1439,1315,644,968
HATE-MONGER / ADOLF HI,0.007497656982193065,2.509172629672075e-05,0.40665692688814076,0.007768303474419465,1588,1477,1579,1310
HATE-MONGER II,0.0009372071227741331,0.0,0.35092912349942446,0.0007862065617542694,5676,4067,5113,4939
HATE-MONGER IV,0.002499218994064355,9.17170207155675e-08,0.4017319277108434,0.0037972067901539492,3730,3631,1731,2311
HATE-MONGER V,0.00359262730396751,3.7463148302630328e-06,0.3901993051746206,0.003403470294101069,2918,2459,2238,2486
"HATORI, DESMOND",0.0014058106841611997,0.0,0.3410943577175129,0.0008882175662313036,5057,4067,5761,4791
HAUPTMAN,0.0010934083099031551,0.0,0.3708724365658672,0.0010230943517029565,5492,4067,3550,4528
HAUPTMANN DEUTSCHLAN,0.0060918462980318645,2.3824943697220033e-05,0.3809127149402035,0.003114581826103688,1940,1504,2791,2606
HAUPTMANN ENGLAND,0.005310840362386754,2.1889856801717244e-06,0.3634608833882139,0.00278659762224699,2184,2703,4299,2793
HAUS,0.0020306154326772885,0.0,0.3519709714662708,0.0013716303084425013,4200,4067,5007,4019
HAV-AK,0.0021868166198063103,0.0,0.35333075776808875,0.001365103325251655,4042,4067,4895,4036
HAVEN / RADHA DASTOOR,0.0018744142455482662,0.0,0.3581338106959051,0.001453999733089047,4385,4067,4618,3916
"HAVERSHAW, ANDREA",0.001718213058419244,0.0,0.3523972037210326,0.0007274820046088775,4561,4067,4971,5043
"HAVERSHAW, JASON",0.001718213058419244,0.0,0.3523972037210326,0.0007274820046088784,4561,4067,4971,5041
HAVOK / ALEX SUMMERS,0.12246173070915338,0.03517288987994831,0.5249692496924969,0.06651796562166416,38,5,36,42
HAVOK | MUTANT X-VER,0.0014058106841611997,0.0,0.3444157520981278,0.00029200806029507884,5057,4067,5535,5906
HAV-ROGG,0.0015620118712902217,0.0,0.3096193838564589,0.00011968453458086361,4812,4067,6327,6273
HAWK,0.1846298031865042,0.02455606166395241,0.5433251294237461,0.08724368456392866,13,8,14,20
HAWKEYE DOPPELGANGER,0.011715089034676662,0.0,0.46371142981312474,0.019141416134179964,1013,4067,421,501
HAWKEYE | MUTANT X-V,0.0023430178069353325,0.0,0.34452696157571844,0.0003118937694259637,3856,4067,5507,5843
"HAWKINS, DR. EDWIN E",0.00046860356138706655,0.0,0.3358866736621196,0.00027601548193563247,6167,4067,5933,5939
HAWKSHAW,0.00937207122774133,2.764503301332403e-05,0.4069671349564554,0.009451715981513453,1293,1436,1567,1102
"HAWLEY, PAMELA",0.0015620118712902217,0.0,0.3771206409048068,0.0011593956828339711,4812,4067,3042,4337
HAYDEN,0.0020306154326772885,1.3697371478996919e-06,0.34778357235984353,0.0007857774932232601,4200,2898,5267,4941
HAYWIRE / ,0.00937207122774133,6.69553103223961e-05,0.39960052431184073,0.006671770206140192,1293,1033,1824,1513
HAZARD / CARTER RYKING,0.0023430178069353325,0.0,0.3808220807804414,0.0031432919751190444,3856,4067,2797,2587
HEADCASE,0.0039050296782255542,9.495780971356969e-08,0.3772539776075427,0.004478532121686766,2721,3620,3023,2063
HEADGEAR / ,0.00359262730396751,6.261213697594173e-06,0.39677719243879767,0.0042936980137387145,2918,2186,1968,2125
HEADHUNTER / ,0.0039050296782255542,4.378557244277794e-06,0.38161659513590845,0.002593982192759341,2721,2380,2745,2906
HEADLOK,0.0031240237425804434,2.6278201343885933e-08,0.3763668430335097,0.003758138496687661,3214,3856,3093,2333
HEADMISTRESS / ,0.0031240237425804434,1.115127903027582e-06,0.3745392850874627,0.0019054083999371892,3214,2963,3229,3427
HEALER,0.005623242736644799,5.599665619781022e-07,0.38125297760838495,0.006678712847793438,2087,3198,2760,1509
HEATER DELIGHT,0.0009372071227741331,9.893512166774506e-10,0.34271948608137043,0.000883737732735391,5676,4064,5641,4795
HEAT-RAY / ,0.0018744142455482662,0.0,0.3694171956145413,0.002191573602410992,4385,4067,3755,3175
HECATE,0.00031240237425804435,0.0,0.3377472962279082,0.0002250637127954811,6269,4067,5859,6034
"HECK, DON",0.0015620118712902217,0.0,0.35407333665173385,0.000927223769860985,4812,4067,4856,4707
HECTOR II,0.010465479537644486,8.698336974408626e-05,0.40421770425558784,0.0056878291014168915,1156,907,1653,1702
HECTOR,0.0007810059356451108,0.0,0.2929843027779049,6.304233451686916e-05,5841,4067,6360,6339
"HEDERMAN, LOTTIE",0.0006248047485160887,0.0,0.3607573537698636,0.0007940248921673152,6020,4067,4462,4932
HEDRON,0.002499218994064355,0.0,0.3541908713692946,0.0008778693727785984,3730,4067,4844,4806
HEIMDALL [ASGARDIAN],0.041237113402061855,0.0006770598221038821,0.46455264494594006,0.025823463112266756,215,306,407,313
HELA [ASGARDIAN],0.046079350203061545,0.0010802835111477357,0.4839002267573696,0.037191195455830654,185,239,203,162
HELIO,0.01358950328022493,4.260886488144375e-05,0.42685691425523403,0.01249292157058172,850,1231,1016,835
HELIUM,0.003436426116838488,0.0,0.34125799573560767,0.0012619172667664227,3010,4067,5745,4182
HELIX II,0.004061230865354577,1.5823038202172285e-05,0.39081863134118794,0.004174999761580999,2650,1697,2218,2164
HELIX / RAFAEL CARAGO,0.00999687597625742,6.544182776727474e-05,0.39867978577656,0.00467862692962756,1215,1039,1863,2000
HELKOOKY,0.0021868166198063103,0.0,0.35333075776808875,0.0013651033252516558,4042,4067,4895,4034
HELLCAT / PATSY WALKER,0.057013433302093096,0.0019103165502430118,0.49493621955933514,0.046672282956999184,137,164,116,98
HELLEN,0.005623242736644799,2.9837712378823274e-06,0.41649860126211696,0.007818946416165297,2087,2557,1265,1306
"HELLER, DR. JOSEPH",0.001718213058419244,0.0,0.3421333903377512,0.0007692450241783411,4561,4067,5686,4970
"HELLER, ERIC",0.0007810059356451108,0.0,0.33116076970825575,0.0001571543014789173,5841,4067,6047,6202
HELL-EYES,0.002499218994064355,1.8267255520888253e-06,0.3720146435004939,0.001731489667995514,3730,2789,3425,3587
HELLFIRE / MIKAL DRAGO,0.0007810059356451108,1.1401300681385042e-05,0.3513528346413479,0.00035933240141488096,5841,1861,5081,5738
HELLRAZOR,0.005935645110902842,6.134197455066246e-06,0.3936785143278809,0.002737994819705339,1994,2195,2094,2815
HELLSCOUT / KENNETH TE,0.0028116213683223993,8.189266109720823e-07,0.3978374347501864,0.0036722178596248537,3463,3079,1897,2364
HELLSPAWN,0.0009372071227741331,3.085441334450548e-07,0.356042489294255,0.0007583376352757866,5676,3352,4733,4985
HELLSTORM / DAIMON HEL,0.043267728834739144,0.004313250865398308,0.4890382705675655,0.03573765075508749,203,81,159,183
HELLSTORM DOPPELGANG,0.0014058106841611997,2.876267421011132e-07,0.33492021972273084,0.0005164286566986396,5057,3370,5983,5426
"HELLSTROM, VICTORIA",0.0015620118712902217,1.8620874224724397e-06,0.35481904339633097,0.0009621297824352755,4812,2778,4792,4651
HEMINGWAY,0.007497656982193065,3.0109413560404573e-05,0.3966297007620346,0.006656121943326715,1588,1378,1976,1520
"HENCKEL, MARIA",0.0028116213683223993,9.08095701785831e-06,0.3899378730661469,0.0021120010011919173,3463,1975,2250,3230
"HENDERSHOOT, COLONEL",0.00359262730396751,4.261860218196644e-07,0.382049292832846,0.0047146424809453155,2918,3264,2717,1990
"HENDERSON, CAROL",0.0028116213683223993,0.0,0.3518355682567597,0.0015507668187431918,3463,4067,5013,3794
"HENRY, JOHN",0.0037488284910965324,0.0,0.397639751552795,0.005395117576315073,2830,4067,1904,1794
"HENSHAW, CURTIS",0.0023430178069353325,0.0,0.3711949904331188,0.0015192239991631141,3856,4067,3514,3843
HEPHAESTUS,0.0031240237425804434,0.0,0.3881646759231189,0.0034395083235469522,3214,4067,2347,2475
HERA / AUGUSTINE JONES,0.012808497344579818,0.0010052486039748175,0.41423487544483983,0.012131867284401932,904,246,1336,859
HERCULES DOPPELGANGE,0.018275538894095594,4.792809497067798e-06,0.46374501992031875,0.022696446345765748,629,2327,420,393
HERCULES [GREEK GOD],0.15604498594189314,0.00893013661984756,0.5354633656741385,0.08542350944067717,29,40,29,24
HERMES [GREEK GOD],0.01140268666041862,3.280329457206732e-05,0.39416328038418913,0.00698655297590783,1037,1339,2074,1446
HERMOD [ASGARDIAN],0.010934083099031553,3.7092703829167186e-05,0.42126735539909194,0.008365965878495195,1098,1286,1150,1225
HESCAMAR / MARNOT [ASG,0.007966260543580132,2.3798997607234666e-05,0.40198417681778226,0.005903520433255614,1509,1505,1724,1653
"HESSLER, WOLFGANG",0.002967822555451421,0.0,0.3615110960528545,0.001954400926141971,3351,4067,4434,3390
HETH'SA,0.0012496094970321774,0.0,0.34125799573560767,0.00037312943099792153,5271,4067,5745,5695
HEX / DOMINIC DESTINE,0.0031240237425804434,0.0,0.3783240751684198,0.003769855124466322,3214,4067,2937,2320
"HEYWERTH, GENERAL",0.00718525460793502,6.3185205062145266e-06,0.4097542242703533,0.007821222921108376,1664,2179,1476,1305
"HIBBERT, ELLEN",0.002499218994064355,4.53125370004456e-07,0.37812296970054926,0.0020090727380455827,3730,3248,2961,3342
"HIBBERT, HOPE",0.00718525460793502,3.769246780569379e-05,0.4190064794816415,0.006821152049481328,1664,1280,1209,1478
"HIDALGO, DETECTIVE J",0.0032802249297094657,2.661882569079121e-07,0.3724258289703316,0.002605002699932667,3094,3408,3378,2900
"HIGGINS, JANE",0.0007810059356451108,0.0,0.35787355358041256,0.0003904152811552931,5841,4067,4638,5643
"HIGGINS, LINDA",0.0007810059356451108,0.0,0.35787355358041256,0.00039041528115529275,5841,4067,4638,5644
"HIGGINS, RICHIE",0.0007810059356451108,0.0,0.35787355358041256,0.00039041528115529243,5841,4067,4638,5647
"HIGGINS, SAMUEL",0.008903467666354263,1.7521552212853295e-05,0.40130383000062686,0.006758475643930885,1370,1651,1753,1488
HIGH EVOLUTIONARY / HE,0.057638238050609185,0.0026735467190946065,0.4931063698682893,0.04173796411122684,135,118,130,125
HIGHNOTE / RAOUL HERNA,0.0067166510465479536,8.753860000430754e-05,0.38492063492063494,0.0029845320880639457,1774,898,2542,2675
HIGH OVERLORD,0.0028116213683223993,5.4510523125307305e-05,0.3525912871069009,0.00038136776974701046,3463,1117,4950,5680
HIJACKER,0.011715089034676662,4.466530555100176e-05,0.4479742495276748,0.012665996284931338,1013,1200,637,829
HILARY,0.0039050296782255542,3.134414010910787e-06,0.41452991452991456,0.0064830345923350165,2721,2541,1319,1539
"HILDEBRANT, DR.",0.0006248047485160887,0.0,0.35539025202620184,0.0006073225818163789,6020,4067,4771,5251
HILDEGARDE [ASGARDIA,0.008903467666354263,1.273187498121077e-05,0.3940662316878001,0.006374077374932432,1370,1805,2077,1569
HILDY [ASGARDIAN],0.016088722274289285,3.919053580070126e-05,0.43371045322132645,0.015289783898788918,710,1265,899,675
"HILL, GEORGE",0.00046860356138706655,0.0,0.3621655258245177,0.000777264251098324,6167,4067,4387,4958
"HILLIARD, JACOB",0.0023430178069353325,0.0,0.3683756257552218,0.0013717347797605607,3856,4067,3852,4017
HINDSIGHT LAD / CARLTO,0.013433302093095907,0.0001049639182716976,0.40980668288311356,0.006665625551685897,860,835,1471,1516
"HINDS, PATRICK",0.0014058106841611997,0.0,0.3533112582781457,0.0005953146224914208,5057,4067,4899,5279
"HINKLEY, ADMIRAL",0.002655420181193377,0.0,0.3847818247385503,0.003586421926163343,3591,4067,2549,2408
HINKLEY,0.0012496094970321774,0.0,0.3522808562152644,0.0006713945515349029,5271,4067,4990,5135
HIPPOLYTA [GREEK GOD,0.004686035613870665,3.352688659842977e-06,0.39508763268328806,0.00488643139015497,2377,2505,2034,1942
HIROMITSU,0.006872852233676976,1.2361357142621198e-05,0.42731277533039647,0.00869670865147649,1733,1825,1001,1173
HIRO,0.0037488284910965324,2.1793915740934828e-06,0.37357763902666746,0.003653254997967206,2830,2704,3288,2373
"HITCHUCK, KELLY",0.004529834426741643,4.881697695876724e-05,0.40439643736971764,0.00409126354810124,2437,1157,1647,2190
"HITLER, ADOLF",0.005310840362386754,9.261579351663479e-06,0.38877755511022044,0.002971712699821407,2184,1967,2315,2685
HITMAN / LT. BURT KENY,0.002967822555451421,1.9405925467893635e-07,0.3731856601573885,0.0022362200850075827,3351,3486,3319,3141
"HOARD, JOSH",0.001718213058419244,0.0,0.38643085652200154,0.0020528529350108287,4561,4067,2453,3292
HOARFEN,0.0028116213683223993,9.26964393149514e-09,0.35733422638981915,0.0013662073576534992,3463,3965,4679,4030
HOARFROST / ,0.0039050296782255542,0.0,0.36055417886911467,0.0015470775633951148,2721,4067,4474,3806
"HOBBS, DET.",0.002655420181193377,0.0,0.3764775066157013,0.0016357308420340783,3591,4067,3077,3685
"HOBBS, HARRIS",0.004217432052483598,1.9453097481631924e-06,0.3859416445623342,0.003999516846939868,2569,2754,2481,2218
HOBGOBLIN,0.01437050921587004,3.451766997787156e-05,0.4306471142203686,0.01628380195034039,790,1313,949,625
HOBGOBLIN III / LEFTY,0.0015620118712902217,9.724293834437987e-09,0.368439226519337,0.0014495097781688335,4812,3959,3846,3924
HOBGOBLIN II / RODERIC,0.020930959075288972,0.00014506495721166172,0.43840306786276795,0.011697470517571544,527,709,800,891
HOBGOBLIN V / JASON PH,0.03108403623867541,0.0007116958511869012,0.4544938236546926,0.015105866495941594,316,295,526,685
"HOCHBERG, ROGER",0.007966260543580132,2.085606509312067e-05,0.40941357037794973,0.004920351653200544,1509,1574,1491,1935
HODER [ASGARDIAN],0.004842236800999687,1.0994310199059892e-06,0.36536925008560667,0.0030446927170358273,2327,2968,4197,2641
"HODGE, CAMERON",0.02530459231490159,0.0001426620660067559,0.45771073139343676,0.02158378222896392,407,715,486,421
"HOFFMAN, ALICE",0.00046860356138706655,0.0,0.3351656981309879,0.0001798788319796023,6167,4067,5976,6142
"HOGAN, HAROLD J. HAP",0.038425492033739454,0.0011565159254126203,0.47471451876019577,0.026878798425285462,235,227,289,301
"HOGAN, VIRGINIA PEPP",0.04139331458919088,0.0012637481106966158,0.4685647368806265,0.024681944212027664,214,216,353,343
"HOGARTH, JERYN",0.021087160262417994,0.0006128046859677848,0.44945240101095196,0.015074127369750187,523,325,616,690
HOGGOTH,0.0037488284910965324,6.212951020190151e-06,0.35839444662150816,0.0015494330199808798,2830,2190,4604,3797
HOGUN [ASGARDIAN],0.06248047485160887,0.00179730737145858,0.48832951945080094,0.039952882777924775,123,171,169,139
HOGUN | MUTANT X-VER,0.007497656982193065,0.0,0.34513989972505255,0.000367110395637837,1588,4067,5422,5713
"HOLDEN, DR. SAMUEL",0.0067166510465479536,1.0930507576896057e-05,0.3819581170574548,0.0032317077438290586,1774,1881,2721,2560
"HOLDSWORTH, PARKER",0.0009372071227741331,0.0,0.36858771374287524,0.0007826234764390233,5676,4067,3827,4946
"HOLIDAY, JORDAN",0.004061230865354577,4.659970364338548e-06,0.3586152812009859,0.0020837126415614977,2650,2347,4598,3261
"HO, LI MUAN",0.004373633239612621,0.0,0.3618993781797626,0.00225971615711198,2505,4067,4408,3123
"HOLKAR, DR. SHYAM",0.001718213058419244,0.0,0.37340332458442693,0.0015437731697464717,4561,4067,3304,3812
"HOLLISTER, SHERIFF",0.0009372071227741331,0.0,0.3407131452900479,0.0007754126929381809,5676,4067,5773,4959
HOLLYWOOD,0.0028116213683223993,0.0,0.34901597339584584,0.0011475172262742563,3463,4067,5211,4357
HOLOCAUST,0.012339893783192751,3.827762872418892e-05,0.4232727272727273,0.012427726728277142,947,1276,1098,841
HOLY / FATHER HECTOR R,0.0014058106841611997,1.2419904596861707e-05,0.35438693606421257,0.00045765963046843095,5057,1821,4835,5528
"HONDA, DR.",0.0006248047485160887,0.0,0.35237780713342143,0.0005624484872020468,6020,4067,4982,5360
HONEY LEMON / ,0.00359262730396751,3.339052560819153e-06,0.34665367121507473,0.001425497855421304,2918,2510,5323,3956
"HONIKAWA, SHO",0.0018744142455482662,9.761049031652691e-09,0.33534126027971295,0.00017972597618078474,4385,3948,5947,6143
HOOPSNAKE / ,0.0039050296782255542,0.0,0.36055417886911467,0.0015470775633951146,2721,4067,4474,3807
HOO,0.0006248047485160887,0.0,0.36572407883461866,0.0009906129887306174,6020,4067,4177,4611
HOPE,0.002499218994064355,4.616815707661473e-05,0.39363010329562226,0.0018805905885690994,3730,1185,2096,3453
"HOPKINS, STEVE",0.012339893783192751,3.280902419717407e-05,0.42123963679431503,0.007973515383759741,947,1338,1151,1284
"HORTON, DOUGIE",0.0010934083099031551,0.0,0.36805795101759226,0.0011009680855377174,5492,4067,3884,4405
"HORTON, PROFESSOR PH",0.008591065292096219,3.062230458112117e-05,0.4133522727272727,0.009557343553032106,1414,1371,1359,1095
HORUS [EGYPTIAN GOD],0.005623242736644799,1.4376547401894152e-06,0.3732509328358209,0.0042801826278676324,2087,2877,3313,2128
"HOSEK, BULL",0.0006248047485160887,0.0,0.3578535494689771,0.0003888474080018501,6020,4067,4645,5656
HOTAMITANIO,0.0010934083099031551,0.0,0.35133355284820544,0.0004886927720984757,5492,4067,5082,5483
HO TI,0.00015620118712902218,0.0,0.3232353832172069,0.00011328551391450744,6354,4067,6254,6305
HOTSHOT / LOUIS,0.010934083099031553,7.327512708219316e-05,0.4217947028594018,0.009336641352303943,1098,985,1138,1111
HOUND,0.008434864104967197,4.461572350319762e-07,0.3942846584960276,0.008947538804704405,1439,3252,2070,1152
HOUSE OF SHADOWS,0.0010934083099031551,3.6014829990523805e-06,0.35261070720423,0.0006598127286499049,5492,2481,4948,5154
"HOUSTON, LT. COMMAND",0.00015620118712902218,0.0,0.36954513969060265,0.00045331656019373493,6354,4067,3746,5536
"HOUSTON, STELLA",0.004061230865354577,8.293227362346125e-08,0.38436599423631124,0.0036321763435165893,2650,3648,2580,2381
"HOWARD, PROFESSOR MA",0.005935645110902842,2.1605745946125067e-05,0.3995257114328507,0.0036208462881800246,1994,1560,1829,2386
HOWARD THE DUCK,0.011246485473289597,0.0005269178310749039,0.42215628090999013,0.006495879135864376,1063,359,1125,1535
HOWLER II / ZED,0.0020306154326772885,0.0,0.3667506874427131,0.001635459506656192,4200,4067,4044,3693
HOWLER / LUKE GARROW,0.0031240237425804434,6.963526143469684e-07,0.3186025679307256,0.000285836125465519,3214,3131,6304,5919
HO YINSEN,0.0009372071227741331,2.735415156369206e-07,0.3615110960528545,0.0005826073772269688,5676,3389,4434,5310
"HOYT, TONY",0.0012496094970321774,0.0,0.3547010914732118,0.000802048850584356,5271,4067,4805,4917
HRILL,0.003436426116838488,6.2213046931831235e-06,0.35294117647058826,0.0006989570365792184,3010,2188,4932,5098
HRIMHARI,0.010153077163386441,5.755441887565195e-06,0.4177760375880971,0.011384368250730505,1193,2232,1236,912
"HSU, CHEN",0.0037488284910965324,1.6375228960402275e-05,0.4139402560455192,0.004452022886368576,2830,1685,1343,2075
"HUDDLESTON, PROF.",0.0009372071227741331,0.0,0.31722907685446705,0.0001302930311211655,5676,4067,6317,6251
"HU, DR.",0.0028116213683223993,1.8218017336581452e-07,0.35029546946815493,0.0004591034903775904,3463,3499,5156,5522
"HUDSON, HEATHER",0.06169946891596376,0.003347726552355348,0.49424843665560103,0.04159176462912782,124,93,119,127
"HUDSON, JAMES | MUTA",0.002655420181193377,5.6939452684640694e-08,0.34456404736275564,0.0003143800797694422,3591,3718,5504,5839
HUGIN,0.006872852233676976,5.96321847896313e-06,0.400575647603554,0.006706604686714973,1733,2215,1784,1502
"HUGO, CAPTAIN EDVARD",0.0018744142455482662,0.0,0.3525330396475771,0.0005733849334223182,4385,4067,4954,5344
HULK DOPPELGANGER II,0.01499531396438613,2.586441573658309e-06,0.45160835214446954,0.019074294552328883,759,2636,580,506
HULK DOPPELGANGER,0.013901905654482974,0.0,0.45272611555052683,0.017802034540310735,824,4067,553,560
HULK / DR. ROBERT BRUC,0.1682286785379569,0.023833890997933933,0.5424504321301474,0.08498365427131352,22,9,17,25
HULK III / BRUCE BANNE,0.007341455795064043,7.011803694299575e-07,0.43024193548387096,0.010872719295534312,1640,3125,957,948
HULK IV,0.0014058106841611997,6.137055755347367e-07,0.3612051455653351,0.0010290187791906441,5057,3155,4445,4513
HULK | MUTANT X-VERS,0.00937207122774133,1.0366896844145627e-06,0.3453633273992555,0.0003833710543883796,1293,2990,5409,5676
HULK ROBOT,0.005467041549515776,2.334960429334553e-05,0.4155254105276822,0.005535197880023629,2133,1527,1300,1745
HUMAN ROBOT,0.001718213058419244,0.0,0.38211770323504834,0.002123847947443524,4561,4067,2706,3220
HUMAN TOP / DAVEY MITC,0.0031240237425804434,2.1457510308739162e-07,0.3761678124449145,0.0014454091682985643,3214,3461,3110,3935
HUMAN TORCH ANDROID / ,0.05388940955951265,0.002097689476932759,0.4894869638351556,0.03636935254957625,149,154,157,174
HUMAN TORCH DOPPELGA,0.019056544829740705,6.589284313203161e-06,0.47149801148917364,0.024000681555613135,598,2157,318,362
HUMAN TORCH / JOHNNY S,0.22055607622617932,0.021661491772133314,0.5590778097982709,0.09895726140050369,6,15,6,6
HUMBUG / PROF. B. MITT,0.002655420181193377,8.880631027675434e-06,0.372317534166909,0.0016283760024354932,3591,1992,3386,3709
HUMP / ,0.002967822555451421,0.0,0.34998906625847365,0.001547863762346543,3351,4067,5172,3798
HUMUS SAPIEN,0.002655420181193377,0.0,0.37812296970054926,0.002027052533433305,3591,4067,2961,3316
HUNCH,0.007029053420805998,5.985825096377814e-06,0.44270797316921373,0.009975832880443332,1704,2210,724,1051
HUNGER,0.002967822555451421,1.5006973033453806e-06,0.3901993051746206,0.0035328992000092977,3351,2858,2238,2427
HUNGYR,0.0009372071227741331,0.0,0.36069637726069076,0.0008478844110853467,5676,4067,4464,4849
HUNKIR,0.00359262730396751,1.1108891018272412e-06,0.34303166693457643,0.00030024677980200286,2918,2965,5623,5880
HUNTARA / MARY ELIZABE,0.014058106841611996,0.0003013598140845287,0.4336810730253353,0.012072154143749167,813,490,900,864
"HUNTER, IAN",0.0031240237425804434,2.0468065047048567e-06,0.36595404138561793,0.0014095748104752312,3214,2728,4146,3969
HUNTER IN DARKNESS,0.004373633239612621,9.55420997896172e-06,0.40075117370892016,0.004854588449203484,2505,1952,1777,1950
HUNTER / JAEGER,0.004217432052483598,9.123279530298443e-07,0.38515220791721816,0.0048627431999038765,2569,3034,2530,1949
"HUNTER, LANCE",0.001718213058419244,1.4031104970025153e-06,0.38314680710994076,0.0015468021353700068,4561,2889,2635,3808
"HUNTER, STEVIE",0.023430178069353325,3.163503215821489e-05,0.4221841202848853,0.01879577207195871,450,1355,1123,514
"HUNT, JERRY",0.002499218994064355,3.2869255044726643e-06,0.38000831008488156,0.0017155063089389,3730,2521,2832,3605
"HUNT, ROBERTA",0.001718213058419244,0.0,0.3783240751684198,0.0020898229085622518,4561,4067,2937,3256
HUNTSMAN,0.0032802249297094657,1.0493184114519482e-06,0.3960163305703328,0.004041750189388802,3094,2984,2005,2203
"HURDLER, THOMAS",0.0007810059356451108,0.0,0.34581105169340465,0.00047007311941255146,5841,4067,5381,5502
HURRICANE II,0.0010934083099031551,0.0,0.3370183196462413,0.0002682057072667021,5492,4067,5887,5959
HURRICANE III,0.005467041549515776,2.5375323208355686e-06,0.3841123177536449,0.004584290738556045,2133,2657,2592,2031
HUSK / PAIGE GUTHRIE,0.03670727897532021,0.001635311854764939,0.45718774548311075,0.021267542394451427,256,183,491,430
HUSK / PAIGE GUTHRIE |,0.002499218994064355,6.98201185991452e-07,0.36335773880469946,0.0012014023486749768,3730,3128,4315,4279
HUSSAR,0.015463917525773195,4.2951459581990055e-05,0.41096418025420467,0.013408449297250014,735,1221,1429,783
"HUXLEY, DR. ALDA",0.011246485473289597,2.1932435600480063e-05,0.4207689779822544,0.011109532793243847,1063,1556,1160,929
"HUXLEY, DR. HORATIO",0.007497656982193065,2.510209118610307e-05,0.3655778894472362,0.0026105381162539972,1588,1475,4185,2890
HYBRID / JAMES JIMMY M,0.004842236800999687,5.027676037362744e-06,0.375968992248062,0.004504818030537436,2327,2310,3128,2059
HYDROMAN / MORRIE BENC,0.03420805998125585,0.0004083761228083532,0.46190476190476193,0.023459055337977097,284,417,442,372
HYDRON,0.006872852233676976,2.3702078026745683e-05,0.41925343811394894,0.007462353419200968,1733,1509,1198,1366
HYENA / HENRY MORTONSO,0.0031240237425804434,1.2611446977177026e-06,0.3854768786127168,0.00313757995793641,3214,2927,2511,2589
HYNNIT,0.001718213058419244,0.0,0.34209682590573903,0.0002707858664399033,4561,4067,5690,5948
HYPERION,0.029522024367385193,0.0011101936961917227,0.4652954429827749,0.021299739554947763,339,232,391,428
HYPERION II,0.01437050921587004,8.947690841338874e-05,0.4359847453010079,0.01478227993087818,790,890,850,702
HYPERSTORM,0.0021868166198063103,5.096443879861079e-09,0.3773651635720601,0.0032232261270472495,4042,4026,3015,2563
HYPERTRON / CHESTER,0.0006248047485160887,0.0,0.36595404138561793,0.0007378274951593097,6020,4067,4146,5020
HYPERTRON II / STURDEV,0.0006248047485160887,0.0,0.36595404138561793,0.0007378274951593095,6020,4067,4146,5021
HYPNO-HUSTLER / ,0.0012496094970321774,0.0,0.3663100074383475,0.001167592969594179,5271,4067,4102,4325
HYZAKTL,0.0023430178069353325,2.8708967740154974e-09,0.34216996258685195,0.0002839981522725935,3856,4053,5682,5923
ICEMAN DOPPELGANGER,0.009215870040612308,0.0,0.44012099546267014,0.014260386113087773,1318,4067,769,733
ICE-MAN | MUTANT X-V,0.019212746016869727,0.0002723291617896281,0.3671082057457423,0.0015506292874398616,589,516,3996,3795
ICEMAN / ROBERT BOBBY,0.15807560137457044,0.008470683156892318,0.5383903792784459,0.08606543993843674,26,43,25,23
ICEMASTER / ,0.00999687597625742,3.4453090100236383e-06,0.39667885246917406,0.005870325822637485,1215,2491,1973,1659
ICE PRINCESS / ,0.006872852233676976,1.2059457502521998e-07,0.38298636037329503,0.003261563930132062,1733,3575,2649,2538
ICE WORM,0.0010934083099031551,0.0,0.3778328611898017,0.0012701925996796016,5492,4067,2983,4159
"ICHIHARA, SHIGERU",0.0028116213683223993,0.0,0.38989037758830697,0.003390929060374925,3463,4067,2252,2490
ICON / DR. U'MBAYA A'K,0.001718213058419244,0.0,0.3845045045045045,0.00208031704811539,4561,4067,2572,3268
ICONOCLAST,0.0010934083099031551,0.0,0.38468934022353085,0.0022435872539051313,5492,4067,2559,3133
IDNAR,0.0014058106841611997,0.0,0.3384794332240668,0.0003569275343596908,5057,4067,5850,5743
IDRIS,0.0007810059356451108,0.0,0.32575179361929474,0.00011616639980466573,5841,4067,6198,6296
IDUNA,0.002499218994064355,0.0,0.4036315490826556,0.004582888317862368,3730,4067,1674,2032
"IGOE, MAX",0.0009372071227741331,0.0,0.36677169865368087,0.0006382973116810379,5676,4067,4041,5187
IGOR,0.03483286472977194,0.0002329033225001878,0.4847429393503445,0.03583202034544409,277,557,193,180
IKARIS / IKE HARRIS [E,0.04092471102780381,0.0011030748458753113,0.48193315266486,0.033861033527262406,217,234,215,199
IKARIS | MUTANT X-VE,0.004217432052483598,0.0,0.34474959612277867,0.00032201509276053074,2569,4067,5474,5815
IKARYS,0.0012496094970321774,0.0,0.34026043050757376,0.0011771298940016618,5271,4067,5796,4315
IKONN,0.0021868166198063103,0.0,0.3516230021420333,0.0007476433753012116,4042,4067,5049,4997
IKTHON,0.004373633239612621,1.54675994362407e-05,0.4138867339022498,0.0055912098377753116,2505,1709,1346,1735
"IMMORTUS, MARCUS",0.005623242736644799,9.354516466362082e-07,0.4170955762590397,0.008744035238115316,2087,3030,1252,1170
IMPACT / ,0.0015620118712902217,2.91946117210144e-06,0.36472397880704155,0.0009309823197019937,4812,2570,4228,4699
IMPALA / ,0.00937207122774133,4.827852943083484e-06,0.3890374331550802,0.0049002520889376,1293,2324,2297,1939
IMPOSSIBLE MAN,0.023273976882224306,0.00015354535031872048,0.46866764275256223,0.02221240698217726,454,691,352,401
IMPOSSIBLE WOMAN,0.004529834426741643,4.65715927503098e-06,0.4050616893388168,0.005305497836133407,2437,2349,1632,1821
IMP / PANDORA DESTINE,0.0031240237425804434,0.0,0.3783240751684198,0.0037698551244663213,3214,4067,2937,2321
IMPULSE II / DWIGHT HU,0.006248047485160887,1.0124895797049668e-05,0.3789286771234093,0.003985194478351675,1895,1916,2893,2228
IMPULSE,0.012183692596063729,2.432389264031114e-05,0.42504315495950074,0.011912280502697858,970,1493,1053,872
INAZUMA,0.001718213058419244,5.437522739257881e-07,0.37238250348999535,0.001124854976634532,4561,3205,3380,4388
IN-BETWEENER,0.014526710402999063,0.00015687410892403542,0.44816240812040603,0.015086482819575848,786,688,635,689
INDECH,0.002499218994064355,0.0,0.3913681379141704,0.0030433869614508646,3730,4067,2195,2642
"INDIGO, ODYSSEUS",0.004842236800999687,1.177533616789649e-06,0.34596055120237773,0.001357542223609179,2327,2944,5375,4050
INDIUM,0.005935645110902842,7.452221201640424e-07,0.39719568184638293,0.005522355851732565,1994,3096,1929,1756
INERTIA / ,0.0031240237425804434,0.0,0.32876290248035744,0.0007332761179825731,3214,4067,6107,5027
"INES, DR. DIDIER",0.0006248047485160887,0.0,0.3583142105557732,0.0006411102993322698,6020,4067,4611,5182
INFECTIA / JOSEPHINE,0.004373633239612621,1.0716599103904344e-06,0.3746927308907878,0.004020840827268966,2505,2976,3222,2213
INFERNO,0.0006248047485160887,0.0,0.326499388004896,0.00021252317860962812,6020,4067,6175,6088
INFERNO III / SAMANTHA,0.005623242736644799,7.446924950961947e-06,0.42027177837589447,0.006857124783039767,2087,2092,1174,1472
INFERNO II / JOSEPH CO,0.004061230865354577,3.919968838824253e-06,0.4002000375070326,0.005614958274738148,2650,2435,1795,1724
INFINITY II,0.019212746016869727,6.367827646837231e-05,0.4587931775834886,0.020632174306187433,589,1056,476,452
INFINITY,0.0020306154326772885,3.050327822391466e-09,0.35875595404875316,0.0019138395240600732,4200,4048,4584,3422
INFINITY THRALL,0.0010934083099031551,0.0,0.3414035836177474,0.0009105561215451022,5492,4067,5735,4750
INFOMORPH,0.0020306154326772885,3.3461116171509714e-08,0.3894160583941606,0.0017471174318671279,4200,3813,2281,3573
INGOT / ,0.0039050296782255542,0.0,0.36055417886911467,0.0015470775633951164,2721,4067,4474,3799
INNARDS,0.0018744142455482662,0.0,0.3242832539762942,0.00017367326890623376,4385,4067,6219,6158
INNOCENT,0.0014058106841611997,0.0,0.3309382269320238,0.0002091802738954739,5057,4067,6068,6096
"INSHALLAH, KHALID",0.012339893783192751,8.900491017432429e-05,0.45465520914707763,0.01547625175449163,947,892,519,662
INSOMNIA / ,0.0014058106841611997,0.0,0.35717473778174513,0.0008895351657465561,5057,4067,4684,4788
INTEGER,0.002967822555451421,0.0,0.34461969101577217,0.001087155665066835,3351,4067,5491,4423
INTELLIGENTSIA,0.0010934083099031551,0.0,0.35438693606421257,0.0009863709786834879,5492,4067,4835,4620
INTERLOPER,0.0039050296782255542,1.0438951800693616e-06,0.3917273450406902,0.003994606845974114,2721,2989,2177,2221
INVISIBLE WOMAN DOPP,0.009528272414870352,0.0,0.4462879051934472,0.013938551710540318,1270,4067,665,753
INVISIBLE WOMAN / SUE,0.19884411121524523,0.015622377847824253,0.5519917227108122,0.09505514648221051,11,21,11,11
ION / ,0.007966260543580132,1.3502053203431009e-05,0.3946979038224414,0.004770555701932867,1509,1776,2046,1970
"IONELLO, JASON",0.008434864104967197,5.1927153057047145e-05,0.441882937603534,0.009686720981411429,1439,1139,744,1080
I.Q. / ISHMAEL QUESTOR,0.0028116213683223993,2.8098277498604527e-05,0.3828260479579023,0.002003155016188009,3463,1418,2659,3351
IREZUMI / ,0.002967822555451421,5.542166370895933e-08,0.3798730196404201,0.00332732740691692,3351,3729,2845,2516
IRIDIA [INHUMAN],0.006248047485160887,9.370693103190908e-06,0.3901755241345685,0.005628070193474776,1895,1957,2241,1717
IRON,0.00999687597625742,1.8897976014374873e-05,0.42464844786415495,0.008465856333052992,1215,1611,1061,1211
IRONCLAD,0.02218056857232115,0.00021608785959855947,0.464417845484222,0.02169048075669205,488,585,414,419
IRON CROSS / HELMUT GR,0.00937207122774133,2.1348079537708813e-05,0.39858050056032873,0.005279061232792456,1293,1565,1871,1826
IRON FIST / DANIEL RAN,0.08653545766947829,0.007359065106892259,0.5122829479074978,0.053282045222937065,62,50,55,71
IRON FIST H'YLTHRI I,0.010465479537644486,5.148092490284953e-06,0.4590892793115812,0.01553142353804015,1156,2291,474,659
IRON FIST | MUTANT X,0.007497656982193065,0.0,0.34513989972505255,0.0003671103956378369,1588,4067,5422,5719
IRON GIANT MAN | MUT,0.0023430178069353325,0.0,0.34452696157571844,0.0003118937694259629,3856,4067,5507,5847
IRON MAIDEN / ,0.006872852233676976,1.2059457502521998e-07,0.38298636037329503,0.003261563930132062,1733,3575,2649,2538
IRON MAIDEN II / ,0.002967822555451421,0.0,0.34461969101577217,0.001087155665066837,3351,4067,5491,4421
IRON MAN ARMOR,0.0009372071227741331,0.0,0.362863458595477,0.0008710163512070419,5676,4067,4352,4813
IRON MAN DOPPELGANGE,0.022024367385192128,9.06886033500564e-06,0.4751020408163265,0.02643387686790568,495,1976,284,307
IRON MAN III / EDDIE M,0.004529834426741643,1.2315695317603973e-06,0.38708507164883005,0.0036556146911254643,2437,2935,2407,2369
IRON MAN IV / JAMES R.,0.07685098406747891,0.00697269592255717,0.49751321106621077,0.045262655376305444,80,51,105,105
IRON MAN / TONY STARK,0.24461105904404873,0.03770633619637519,0.565248101712873,0.10189528913189418,3,3,3,2
IRON MAN V / TEEN TONY,0.017494532958450482,0.00016586625286191936,0.4595176571920758,0.019414366930561883,656,668,465,493
"IRONWOOD, CISSY",0.0031240237425804434,7.429275913257491e-06,0.40572913365866026,0.003909914700982595,3214,2095,1611,2258
ISAAC,0.021243361449547016,0.00013749170230681367,0.4632081614933796,0.022860588564060747,518,729,424,389
ISBISA / DR. SANDERSON,0.00359262730396751,5.659661805491132e-07,0.42210061317333686,0.004577456066471856,2918,3191,1126,2036
"ISHIHARA, ZOE",0.00499843798812871,4.569179539061999e-06,0.36614240777809554,0.0013888873465729172,2281,2360,4121,3984
"ISHIMA, DAVID",0.008278662917838176,1.5122083725601947e-05,0.41930835734870314,0.009137964718573382,1467,1722,1197,1130
ISIS,0.0021868166198063103,2.9358229606514823e-08,0.3652858610065046,0.0017903200469779916,4042,3831,4204,3533
"ISLEY, LYNN",0.002655420181193377,0.0,0.3814119749776586,0.002914662508901227,3591,4067,2753,2710
IT,0.0032802249297094657,5.8556900492333674e-05,0.37557198169658573,0.001285531580230091,3094,1089,3167,4136
"ITOBU, DR. JOSHUA",0.0010934083099031551,0.0,0.35501580435867575,0.0006791259539358857,5492,4067,4784,5123
ITZAMNA,0.007653858169322086,0.0,0.4419744563341388,0.010273979133203541,1561,4067,738,1001
"IVANOVA, ELENA",0.0021868166198063103,2.0676215822690376e-06,0.347764680319409,0.0008369906320431212,4042,2723,5268,4877
IVORY / ,0.0028116213683223993,8.890866395199774e-07,0.36055417886911467,0.0012011946996406079,3463,3041,4474,4282
IZANAMI,0.0032802249297094657,3.4309872527884638e-06,0.36177667269439423,0.0011500232531240627,3094,2495,4417,4356
IZANAMI II,0.0028116213683223993,7.013956634649068e-09,0.36379133992499146,0.0013578322549792127,3463,3992,4287,4049
IZZIFIZZ,0.0037488284910965324,1.1757310273185187e-06,0.3430500482263423,0.000303030843369612,2830,2945,5622,5872
JACKAL II / WARREN,0.0020306154326772885,0.0,0.3405862637654945,0.0014618982131131514,4200,4067,5788,3907
JACKAL / MILES WARREN,0.013433302093095907,0.0001241230744640784,0.3980105688529686,0.005434182264226335,860,769,1895,1780
JACK,0.002499218994064355,2.117909285332115e-08,0.3697158697158697,0.0016126362495801426,3730,3885,3721,3726
JACK FLAG / ,0.009059668853483286,1.7058467250608605e-05,0.40032516258129064,0.007031313335060894,1347,1661,1792,1434
JACK FROST / ,0.005779443923773821,3.326421126200964e-05,0.4018075691960083,0.004879861495032668,2050,1329,1730,1944
JACKHAMMER,0.004217432052483598,3.0430124989267868e-06,0.391320293398533,0.0034421635317186754,2569,2551,2203,2470
JACKKNIFE / JACK COLE,0.0009372071227741331,0.0,0.3338200020857232,0.00024796007611620734,5676,4067,6007,6000
JACK O'DIAMONDS,0.0020306154326772885,4.485137492575614e-06,0.3688212927756654,0.001313228522797982,4200,2368,3808,4095
JACK OF HEARTS / JACK,0.05185879412683536,0.0016552749401412062,0.4955108359133127,0.044329382384080275,157,181,112,110
JACK O'LANTERN II / MA,0.012652296157450796,0.00012632204168783575,0.4283420313127258,0.008350951992222445,912,761,978,1230
JACK SERIOUS / DR. JOH,0.0007810059356451108,3.2536830105508966e-08,0.35170026918639785,0.0004087837062120846,5841,3816,5031,5608
"JACKSON, ANDREW JOCK",0.012027491408934707,4.632379338637076e-05,0.4259197658173109,0.00976804969295018,984,1182,1029,1074
"JACKSON, BRENT",0.0037488284910965324,5.13152652509559e-07,0.38475869944107216,0.0027572423344807144,2830,3223,2556,2810
"JACKSON, CELIA",0.007966260543580132,0.00012195041805521589,0.4468797989669133,0.011576526583821547,1509,774,658,901
"JACKSON, CURTISS",0.01077788191190253,2.8665642908591728e-05,0.40712241653418124,0.0069267633420467154,1109,1407,1563,1460
"JACKSON, STEVE",0.01437050921587004,0.0005100776671966089,0.44725443621629174,0.010282587283654363,790,365,650,999
"JACOBS, BEN",0.00359262730396751,3.471848855076165e-06,0.3568561872909699,0.0009102446691178127,2918,2489,4705,4751
"JACOBS, GLENDA",0.004217432052483598,1.861718498016602e-06,0.373512252042007,0.0020171654077554783,2569,2779,3296,3329
"JACOBY, KYLE",0.0006248047485160887,0.0,0.3658494771129779,0.00039899216264437733,6020,4067,4164,5624
JADE DRAGON / DEI GUAN,0.007966260543580132,2.5599797502075425e-05,0.4324506890029722,0.008752136685156751,1509,1469,923,1168
JAGATAR,0.001718213058419244,0.0,0.3421333903377512,0.0007692450241783408,4561,4067,5686,4971
JAGGED BOW / ,0.001718213058419244,0.0,0.3700791953292098,0.0011443150238583228,4561,4067,3662,4358
JAGRFELM [ASGARDIAN],0.004842236800999687,1.3993735283949173e-06,0.36614240777809554,0.002990932653268159,2327,2891,4121,2672
JAHF,0.00718525460793502,1.6127799885976612e-06,0.41595737768825936,0.008514163107287405,1664,2830,1280,1198
JAILBAIT / JESS,0.010153077163386441,6.151745340003114e-05,0.41663412729402577,0.008070591915439667,1193,1071,1263,1276
JAKAL,0.0018744142455482662,0.0,0.32058087130696045,0.0006098631207967228,4385,4067,6268,5241
JAKAR,0.005779443923773821,3.033919748921427e-05,0.3836289549376798,0.0034541220839509287,2050,1375,2612,2462
"JAKES, JUDSON",0.0014058106841611997,0.0,0.3547797173732336,0.0008380455912042554,5057,4067,4797,4868
JAMEEL,0.002967822555451421,0.0,0.34911113534736615,0.0005823268355001322,3351,4067,5200,5312
JAMEKA,0.0015620118712902217,3.980152174091303e-08,0.3583743842364532,0.0011957866929439027,4812,3785,4607,4292
"JAMESLEY, ALOYSIUS R",0.0023430178069353325,8.453196056823408e-09,0.3791755508173419,0.0018568675472031794,3856,3969,2874,3478
"JAMESON, COL. JOHN",0.049359575132771005,0.0016789514901206165,0.4793710220891052,0.030139818239242187,165,178,246,241
"JAMESON, J. JONAH",0.1465167135270228,0.019021497735568403,0.5329226671106302,0.06358416406451546,32,16,30,46
"JAMESON, MARLA MADIS",0.04029990627928772,0.0013887819621740088,0.47289112128822575,0.020182209068724106,224,205,307,466
JAMIL,0.0039050296782255542,5.883306877213297e-06,0.3730334459853164,0.002586034683013207,2721,2220,3333,2912
JAM / JASMINE ARCHER,0.00359262730396751,2.7741550363699602e-05,0.3796702645000593,0.0017512610983031868,2918,1433,2850,3567
"JANES, FATHER MICHAE",0.005935645110902842,9.569169721639316e-06,0.3770984272839724,0.0028512416487026294,1994,1950,3051,2755
"JANSON, DR. ANDREA",0.0023430178069353325,1.2539659216415313e-07,0.37080799304952217,0.0014674610611078113,3856,3572,3560,3902
JANUS,0.0039050296782255542,2.1629369834868933e-06,0.40117809249279357,0.004586545587994621,2721,2705,1759,2028
JANUS II,0.0007810059356451108,0.0,0.34338124865908604,0.00041837887451600867,5841,4067,5601,5590
JARA,0.0018744142455482662,1.3310521406799122e-08,0.3463536031162086,0.001017582289979275,4385,3919,5344,4551
"JARDINE, AMANDA",0.0006248047485160887,0.0,0.34216996258685195,0.0003446522538343305,6020,4067,5682,5765
JARDINE,0.0031240237425804434,2.319157451058355e-07,0.36352279825109307,0.002635768636562961,3214,3446,4297,2871
JARELLA,0.002655420181193377,5.079679038670404e-07,0.380143696930111,0.0025903484769276923,3591,3224,2823,2909
"JARMAN, TOMMY",0.00031240237425804435,0.0,0.35787355358041256,0.0003901438648326432,6269,4067,4638,5651
"JARVIS, EDWIN",0.15760699781318338,0.00983909872135675,0.5306257770410278,0.07857784986064562,27,34,34,31
"JARVIS, EDWIN | TIME",0.0039050296782255542,0.0,0.38771802325581395,0.003517393750815408,2721,4067,2369,2436
"JARZINHO, COL. EDSON",0.004686035613870665,5.722599227190059e-06,0.3724908360970501,0.0026341857673447813,2377,2237,3367,2873
JASMINE,0.0014058106841611997,0.0,0.3515457690406897,0.0006800945363323142,5057,4067,5069,5122
JASON,0.004373633239612621,5.958114596744186e-06,0.38376693442033327,0.0023284004718574524,2505,2217,2606,3076
JASON II,0.005154639175257732,1.8508745972593926e-06,0.37539580157147884,0.00392485767621223,2237,2782,3181,2248
JAVELIN / DARIN,0.002655420181193377,2.7157743087863315e-07,0.3417316109746984,0.0008042016575387999,3591,3392,5726,4911
JAVELIN II / DARIN JR.,0.0037488284910965324,2.5702186759067048e-06,0.32763561924257933,0.00021998286295031445,2830,2638,6141,6065
JAVITZ,0.0028116213683223993,7.77035690761964e-09,0.37089392271594923,0.0028668670903324025,3463,3975,3546,2744
JAWBREAKER / ,0.004217432052483598,3.1520151573805764e-06,0.39997500937148567,0.005692490149837804,2569,2538,1808,1699
"JAYE-FIRESTONE, GING",0.008434864104967197,6.492958516513381e-05,0.4317216265425855,0.007339771263272338,1439,1046,934,1387
"JEFFERSON, DR.",0.0021868166198063103,1.3151639519708053e-07,0.38706166868198305,0.0023724031635677482,4042,3556,2409,3031
"JEFFRIES, DR.",0.0060918462980318645,9.278441981764339e-05,0.38404319136172765,0.0026267708992056783,1940,877,2596,2875
"JEFFRIES, MAGGIE",0.002967822555451421,0.0,0.35152646606632987,0.0016340663997578733,3351,4067,5072,3698
JEKUAKKEKT,0.0020306154326772885,1.0375470992578625e-07,0.3461850429892392,0.001232797577054867,4200,3609,5366,4222
"JELLA, PRIVATE",0.0039050296782255542,4.2197951111215024e-05,0.3535453943008615,0.0013862195598750649,2721,1237,4883,3987
JEMIAH,0.01140268666041862,3.985811922073167e-05,0.3990774217678594,0.007177256221012977,1037,1254,1845,1406
"JENKINS, WALTER",0.0015620118712902217,0.0,0.3547010914732118,0.0005971101495510301,4812,4067,4805,5270
"JENNINGS, JOSEPH",0.006560449859418931,4.782548801379927e-06,0.4123937129605772,0.008295737007511338,1811,2329,1392,1247
JENSKOT / ALIYA,0.0012496094970321774,1.1115919426582976e-09,0.3654109589041096,0.0012836786203628235,5271,4063,4196,4137
"JERICHO, DUNCAN",0.001718213058419244,0.0,0.32947352169214145,0.00016003485597527997,4561,4067,6093,6193
"JERICHO, JUSTINA",0.001718213058419244,0.0,0.32947352169214145,0.00016003485597527979,4561,4067,6093,6194
"JEROME, JASON",0.0037488284910965324,7.0392879520752775e-06,0.4033772289080713,0.0031806751103103325,2830,2125,1681,2573
"JESSUP, DR.",0.0010934083099031551,0.0,0.370186191742801,0.0009209550123353239,5492,4067,3626,4731
JESTER III,0.0032802249297094657,6.7978001665364636e-06,0.39377537212449254,0.0030794883191055844,3094,2140,2090,2631
JESTER II,0.004529834426741643,2.951715336837151e-06,0.3789511069018586,0.004396611418003299,2437,2563,2888,2091
JESTER / JONATHAN POWE,0.004061230865354577,9.911524905031943e-06,0.3798730196404201,0.002255227377037231,2650,1933,2845,3127
JET-BLACK / ,0.002655420181193377,6.306182458815627e-09,0.346916657635201,0.0010194710555654833,3591,3999,5306,4539
JETSTREAM / HAROUD IBN,0.012652296157450796,4.8665183326671886e-05,0.4218502899314707,0.010782418297181587,912,1161,1135,957
JEXIA,0.0007810059356451108,0.0,0.36784647207538496,0.0007802071378207077,5841,4067,3910,4951
JIGSAW,0.005467041549515776,0.00021492760231348805,0.3938722775932078,0.0029735052341514686,2133,587,2082,2684
JIKEKT,0.0020306154326772885,1.0375470992578625e-07,0.3461850429892392,0.0012327975770548654,4200,3609,5366,4225
"JILLETE, RANDI",0.0015620118712902217,0.0,0.3547010914732118,0.0005971101495510301,4812,4067,4805,5270
JILL,0.004373633239612621,5.714367167535456e-06,0.3790408525754885,0.004340605081011347,2505,2239,2882,2102
JINKU,0.008278662917838176,0.00010334634573028359,0.4273983577007811,0.011603053304400783,1467,842,996,899
JINX,0.0037488284910965324,2.110297008030594e-05,0.3539558799137502,0.0005802990520149327,2830,1567,4865,5323
JIOMO,0.001718213058419244,0.0,0.36656169481820783,0.0012918826570021893,4561,4067,4074,4126
JOCASTA,0.03514526710402999,0.0007147237752493969,0.4852941176470588,0.03393162271040713,273,292,188,196
JOCASTA II,0.0014058106841611997,3.724432555855766e-07,0.36875756004838434,0.0014917722991299907,5057,3299,3811,3878
JOHNNY APPLESEED / JON,0.0037488284910965324,0.0,0.397639751552795,0.005395117576315073,2830,4067,1904,1794
"JOHNSMEYER, JAMES",0.005623242736644799,1.2007109371839714e-05,0.373512252042007,0.0021646121611169395,2087,1841,3296,3193
"JOHNSON, ANNA",0.005935645110902842,3.855868033521316e-06,0.3776768332251785,0.0033874093002588877,1994,2441,2993,2492
JOHNSON,0.001718213058419244,8.745724746593821e-07,0.36335773880469946,0.0011272562031479712,4561,3051,4315,4382
JOLT / HALLIE TAKAHAMA,0.044673539518900345,0.001122042605636343,0.4669924866875775,0.023799090369973356,192,231,372,369
"JONES, ANDY",0.0028116213683223993,0.0,0.31968441026665334,0.0005085867183660445,3463,4067,6293,5444
"JONES, ARMAND",0.0014058106841611997,0.0,0.3772539776075427,0.0016726777539266243,5057,4067,3023,3631
"JONES, AUGUSTINE",0.002655420181193377,1.1522146875615675e-07,0.38358298382264827,0.0030913691686979615,3591,3587,2621,2623
"JONES, BART",0.009059668853483286,5.276226078950204e-05,0.39687558117909616,0.006027112220080292,1347,1131,1962,1619
"JONES, CHARLOTTE",0.022492970946579195,0.00022795362484919976,0.4383730484798685,0.01835908576785653,481,561,801,526
"JONES, DANIEL DANNY",0.008122461730709154,9.963695711654041e-05,0.4282560706401766,0.006368350726136708,1488,853,982,1573
"JONES, DRUCILLA",0.0028116213683223993,0.0,0.31968441026665334,0.0005085867183660441,3463,4067,6293,5450
"JONES, GABE",0.0359262730396751,0.000666514544145779,0.47612672913877735,0.028876815962216387,265,307,274,258
"JONES, HUGH",0.01077788191190253,6.905454016755427e-05,0.4343283582089552,0.010071734188231346,1109,1010,885,1034
"JONES, JANIS",0.012183692596063729,0.0023735723058745705,0.4294626685449789,0.009590571658383116,970,135,965,1092
"JONES, JOHN",0.0021868166198063103,0.0,0.3462412114656571,0.0005946492494477286,4042,4067,5357,5285
"JONES, KATIE",0.0028116213683223993,0.0,0.31968441026665334,0.0005085867183660447,3463,4067,6293,5442
"JONES, LORRAINE LORR",0.008122461730709154,9.963695711654041e-05,0.4282560706401766,0.006368350726136711,1488,853,982,1572
"JONES, LOUISE",0.0078100593564511085,3.7438962866330827e-06,0.4185407949790795,0.009608402665531483,1526,2460,1227,1091
"JONES, MAGGIE",0.005467041549515776,8.734804832436229e-06,0.3969247938495877,0.003877384933442211,2133,1999,1956,2278
"JONES, MARLO CHANDLE",0.027491408934707903,0.0010672886806089733,0.4661084819803422,0.017873114609701427,369,241,378,548
"JONES, NELL",0.00718525460793502,9.117243367678256e-05,0.42035456336178595,0.005518322534819639,1664,883,1171,1763
"JONES, PHILLIP",0.0028116213683223993,0.0,0.31968441026665334,0.0005085867183660446,3463,4067,6293,5443
"JONES, RICARDO",0.0010934083099031551,0.0,0.37169066418950303,0.0020366067624461204,5492,4067,3458,3310
"JONES, RICHARD MILHO",0.0937207122774133,0.0068733773591084625,0.511219356384253,0.057816586687217154,56,52,57,58
"JONES, SANDY",0.006248047485160887,2.8824067735659616e-06,0.3863608931804466,0.003607026079825448,1895,2582,2458,2395
"JONES, TAMMY ANNE",0.008122461730709154,9.963695711654041e-05,0.4282560706401766,0.0063683507261367124,1488,853,982,1571
"JONES, TIMOTHY",0.00359262730396751,5.262063951195964e-07,0.37581449955972995,0.0034752970950887303,2918,3218,3147,2458
"JONES, WALTER",0.002499218994064355,0.0,0.34411954418404644,0.0010349046229114374,3730,4067,5556,4499
"JONES, WILLIAM",0.0015620118712902217,0.0,0.3707865168539326,0.0027378959590155225,4812,4067,3561,2816
JONIN,0.006560449859418931,2.8865237492420687e-05,0.37184178428297615,0.0019195221432143912,1811,1402,3439,3418
"JORDAN, HAL",0.0009372071227741331,0.0,0.3629251700680272,0.0009479589821389255,5676,4067,4348,4669
JORNICK,0.0010934083099031551,0.0,0.354956753160346,0.0013085038565767788,5492,4067,4789,4099
JORRO,0.002967822555451421,4.5573612080750667e-07,0.39046108807026103,0.0038426148249808226,3351,3246,2226,2297
JOSEPH,0.02077475788815995,0.0003483154745878298,0.46213816501840754,0.020346066863280932,531,457,441,463
"JOSEPH, SHEVA",0.005310840362386754,8.642778414755127e-05,0.38198090692124104,0.0021777001158456446,2184,911,2720,3185
"JOSHUA, DR. SEGISMUN",0.008434864104967197,2.490312011835561e-05,0.3657031874785788,0.003154656029461408,1439,1482,4180,2582
"JOSTEN, CARL",0.0023430178069353325,0.0,0.3448795992027151,0.001394314920193969,3856,4067,5466,3979
"JOSTEN, LINDY",0.0037488284910965324,0.0,0.4162548764629389,0.005686408219393766,2830,4067,1270,1703
JOUST,0.002655420181193377,0.0,0.32663265306122446,0.00016026132993014492,3591,4067,6168,6189
JOVAN,0.00359262730396751,0.0,0.36065573770491804,0.0017085110014193482,2918,4067,4470,3609
JOYBOY,0.011090284286160575,4.485084164364919e-05,0.43462321792260694,0.010161490242926906,1080,1196,863,1011
"JOYCE, SAMANTHA",0.008747266479225241,2.091703648391283e-05,0.3992516370439663,0.007424038022273104,1390,1572,1837,1377
JOYSTICK / JANICE,0.01577631990003124,0.00019754896746865052,0.41744913928012517,0.0077559651261654575,722,618,1244,1312
JUBILEE / JUBILATION L,0.07060293658231802,0.00542075782461785,0.48614169640823146,0.038163174671361766,96,67,180,151
JUDE,0.0007810059356451108,0.0,0.34338124865908604,0.0004183788745160093,5841,4067,5601,5588
JUDGE KRAY-TOR,0.0015620118712902217,0.0,0.350276303550911,0.0015578040061163846,4812,4067,5157,3783
JUGGERNAUT / CAIN MARK,0.05092158700406123,0.0015465688294012416,0.48900091659028416,0.03660680154675521,161,193,162,167
JUGGERNAUT | MUTANT,0.0021868166198063103,0.0,0.34450842167572515,0.00031012230597768473,4042,4067,5519,5851
JUNCTION,0.00359262730396751,0.0,0.3713672486803179,0.002998696162462052,2918,4067,3499,2669
"JUNIPER, JONATHAN JU",0.0010934083099031551,0.0,0.3500464760238395,0.0006498909598187056,5492,4067,5171,5174
JUNIPER,0.0020306154326772885,0.0,0.2901296111665005,0.00016058072752195396,4200,4067,6371,6182
JUPITER,0.0037488284910965324,1.7381947585885098e-06,0.35327226575433174,0.0020260483815028223,2830,2801,4901,3318
JURIAS,0.0015620118712902217,0.0,0.342078546620358,0.0002681722854611048,4812,4067,5702,5962
JUSTICE II / VANCE AST,0.07966260543580131,0.0036744871034687736,0.5011742602160639,0.0484876963362766,76,89,93,90
JUSTICE PEACE,0.003436426116838488,5.523916601430201e-06,0.3821861381410065,0.0037228915743208403,3010,2261,2700,2347
"JUSTIN, GLORIA",0.0009372071227741331,0.0,0.33708930075821397,0.0003186225199713218,5676,4067,5879,5830
JUSUR,0.001718213058419244,0.0,0.34209682590573903,0.0002707858664399029,4561,4067,5690,5951
JUTTA,0.00046860356138706655,0.0,0.360472972972973,0.0006784926715508705,6167,4067,4488,5127
JUVAN,0.004842236800999687,2.66982436084994e-07,0.36939588021464426,0.0031663617952595556,2327,3406,3760,2579
JYX,0.004217432052483598,1.7064644602090665e-06,0.3423895603807894,0.00029164742039688643,2569,2808,5669,5909
"JZEMLICO, WARDEN",0.00359262730396751,0.0,0.37390491764980727,0.002685398360709582,2918,4067,3272,2844
KAA,0.0020306154326772885,3.939875124895685e-07,0.38882477983601577,0.002827761120920591,4200,3281,2312,2770
KABALLA,0.0014058106841611997,0.000483450124558007,0.36063542136097343,0.0006273069448637734,5057,378,4471,5212
K'AD-MON,0.0010934083099031551,0.0,0.36721349087988986,0.0008569757505063245,5492,4067,3987,4835
"KAFKA, DR. ASHLEY",0.011246485473289597,1.7695623165457956e-05,0.3803243628586705,0.0037314927867451784,1063,1647,2815,2343
KAINE,0.020462355513901905,0.0006379456108599601,0.4056006082108464,0.0075870729472430785,540,313,1615,1337
"KAISHEK, GOM",0.0010934083099031551,0.0,0.359077906781087,0.0005194444664665541,5492,4067,4562,5419
"KAISHEK, HAAN",0.0010934083099031551,0.0,0.359077906781087,0.0005194444664665532,5492,4067,4562,5421
"KAISHEK, KIA",0.0012496094970321774,2.9283147094958073e-08,0.35909804801435946,0.0005214812361685496,5271,3834,4561,5416
"KAISHEK, YOLYN",0.0007810059356451108,0.0,0.35903763109191855,0.0005153220464435797,5841,4067,4567,5428
KALA,0.008591065292096219,5.433184910719628e-05,0.4290022113516049,0.01011635743458714,1414,1118,971,1024
KALADAR [SHI'AR],0.0012496094970321774,0.0,0.3468414779499404,0.0007383741197436307,5271,4067,5317,5019
"KALE, JENNIFER",0.010465479537644486,0.0002225858070903777,0.4078486334968465,0.004990576826974931,1156,573,1542,1919
"KALE, NAOMI",0.0014058106841611997,0.0,0.339268680445151,0.00044775246064735516,5057,4067,5832,5543
KALIKYA [INHUMAN],0.003436426116838488,4.751314773812185e-07,0.3589168582160677,0.0021322828273968707,3010,3232,4576,3210
KALIN KARTH KITH,0.001718213058419244,0.0,0.32947352169214145,0.00016003485597527979,4561,4067,6093,6194
KALI,0.0012496094970321774,0.0,0.36474475843208753,0.0022601928054041464,5271,4067,4225,3122
KALMARI,0.00031240237425804435,0.0,0.3428296026560994,0.0003316542119757358,6269,4067,5634,5804
KALUU,0.0010934083099031551,0.0,0.36829085888511764,0.0010317533948170311,5492,4067,3864,4508
KAMAL,0.005467041549515776,1.759769563893479e-07,0.3776991150442478,0.004458133995897861,2133,3507,2992,2071
KAMIKAZE,0.008434864104967197,1.1697875495536775e-05,0.39810957030035443,0.007117419039038667,1439,1855,1892,1418
KAMINARI,0.001718213058419244,5.437522739257881e-07,0.37238250348999535,0.001124854976634532,4561,3205,3380,4388
KAMO THARNN,0.007497656982193065,1.17964726356917e-05,0.4107795957651588,0.007874905030164801,1588,1849,1440,1301
KANDRA,0.002655420181193377,0.0,0.35556789780616493,0.0017590666067577798,3591,4067,4755,3561
"KANE, LARRY",0.0006248047485160887,0.0,0.35094836092533715,0.000667594129954898,6020,4067,5111,5142
"KANE, MARCY / KAINA",0.010465479537644486,2.0995110287835303e-05,0.40894282976684765,0.0063008638987826935,1156,1570,1507,1581
"KANE, SUGAR",0.0015620118712902217,0.0,0.36903389439704865,0.0014786064827852533,4812,4067,3784,3888
KANGAROO / FRANK OLIVE,0.0015620118712902217,0.0,0.3818669847897405,0.0017500730393648638,4812,4067,2728,3569
KANGAROO II / ,0.0060918462980318645,2.0042425454729985e-05,0.40632140137090633,0.004268742844552998,1940,1593,1588,2131
"KANNOR, ORLANDO",0.0032802249297094657,1.078532229255335e-07,0.3515843813498819,0.0006052989068585603,3094,3598,5061,5254
"KAPPELBAUM, MRS.",0.0037488284910965324,0.0,0.37581449955972995,0.0024507922585235054,2830,4067,3147,2987
KAREL,0.0012496094970321774,0.0,0.36771970132107984,0.0020223098052621576,5271,4067,3926,3321
KARGUL,0.00359262730396751,2.2083333862510672e-06,0.37937777777777776,0.0033456559221129063,2918,2702,2860,2507
KARIMA,0.0009372071227741331,0.0,0.3598246402877698,0.0009061953016057259,5676,4067,4528,4756
"KARIM, MERYET",0.002967822555451421,3.8520840323777144e-07,0.3666246707135494,0.0024399055952896674,3351,3286,4067,2994
KARKAS [DEVIANT],0.02280537332083724,0.00032748846495874893,0.44054500412881914,0.016327207706637863,466,471,758,621
KARKAS | MUTANT X-VE,0.004217432052483598,0.0,0.34474959612277867,0.00032201509276052977,2569,4067,5474,5820
"KARLSON, KAREN",0.0015620118712902217,0.0,0.32933792890580793,0.0002536211286546571,4812,4067,6096,5993
KARMA 2013,0.0012496094970321774,0.0,0.3367169831168148,0.00021810530350753382,5271,4067,5897,6075
KARMA / XI'AN COY MANH,0.03280224929709466,0.00029968085035154496,0.4751725673569361,0.02939224783121354,295,491,282,248
KARNAK DOPPELGANGER,0.013901905654482974,0.0,0.45272611555052683,0.01780203454031075,824,4067,553,554
KARNAK [INHUMAN],0.07169634489222118,0.002497300136512589,0.5021964229683088,0.0497430159901469,91,129,88,84
KARNAK | MUTANT X-VE,0.004217432052483598,0.0,0.34474959612277867,0.0003220150927605301,2569,4067,5474,5818
KARNILLA [ASGARDIAN],0.02999062792877226,0.0003399008297149694,0.4713591518185834,0.024424294794642934,333,462,319,353
KARNIVOR,0.0021868166198063103,0.0,0.3594004378824454,0.00105446363271125,4042,4067,4547,4463
KARSANO,0.0006248047485160887,0.0,0.36599588383260917,0.0004255959254074746,6020,4067,4142,5576
KARYGMAX,0.0018744142455482662,0.0,0.34200544900902824,0.0008477245259933907,4385,4067,5712,4852
KASEMA,0.0006248047485160887,3.8705217045660015e-07,0.333368048323266,0.000352886297237929,6020,3283,6013,5752
KASPIN,0.0032802249297094657,7.308903966295261e-06,0.3266993263931415,0.00016095198921314418,3094,2101,6160,6177
KASTYX,0.0006248047485160887,3.8705217045660015e-07,0.333368048323266,0.00035288629723792894,6020,3283,6013,5753
KATANA / ,0.0018744142455482662,5.745896495534609e-08,0.37521978666041494,0.002055247380070983,4385,3715,3195,3290
KATAR,0.002499218994064355,0.0,0.36805795101759226,0.0021564677787817826,3730,4067,3884,3198
KATHAR,0.00046860356138706655,0.0,0.32735082067801813,0.00016252453542916129,6167,4067,6155,6170
KATH,0.008591065292096219,2.9104432764053654e-06,0.39628597957288764,0.008296340467473061,1414,2573,1991,1245
KATOS,0.0020306154326772885,0.0,0.2901296111665005,0.00016058072752195404,4200,4067,6371,6181
KATSU'TA'RO,0.0023430178069353325,0.0,0.3669609079445145,0.002013138257092225,3856,4067,4022,3336
KATU,0.0039050296782255542,0.0,0.3713672486803179,0.0026887540970208677,2721,4067,3499,2840
KATYUSHA / ,0.004529834426741643,2.8324451708084794e-05,0.37407970082973,0.0022933378427901895,2437,1416,3264,3097
"KATZENBERG, NICK",0.013433302093095907,3.0694426443263325e-05,0.40380976409738867,0.006888806237859526,860,1366,1669,1466
"KAUR, BENAZIR",0.004217432052483598,0.0,0.3952339795036424,0.006076224247873409,2569,4067,2029,1609
"KAZAKI, SHINJI",0.00046860356138706655,0.0,0.3583743842364532,0.0004270367605796565,6167,4067,4607,5574
KA-ZAR / KEVIN PLUNDER,0.055607622617931896,0.0019897668461997396,0.5022358201929866,0.04507003150584374,144,158,87,106
KAZE,0.001718213058419244,5.437522739257881e-07,0.37238250348999535,0.0011248549766345326,4561,3205,3380,4387
KEATON,0.001718213058419244,0.0,0.34343651091679633,0.0005081514236940378,4561,4067,5596,5453
KEEPER OF THE COMICS,0.0014058106841611997,0.0,0.35393631136665193,0.0005808902046204133,5057,4067,4870,5321
KEERG,0.0012496094970321774,4.1857538117662644e-07,0.39211122680222943,0.0020057058574680345,5271,3267,2164,3346
KEEVER,0.0006248047485160887,0.0,0.3679310344827586,0.0009014089739289009,6020,4067,3902,4764
KEKA' AKELUAK,0.0020306154326772885,1.0375470992578625e-07,0.3461850429892392,0.0012327975770548669,4200,3609,5366,4224
"KEL, JANOTH",0.002967822555451421,0.0,0.32045249774752227,9.16087346381301e-05,3351,4067,6275,6324
"KELLEHER, MARY",0.0010934083099031551,0.0,0.36658268437929453,0.0007568414349093339,5492,4067,4071,4989
"KELLOG, SHERIFF L.B.",0.00046860356138706655,0.0,0.35424966799468793,0.0005240732966060154,6167,4067,4841,5409
"KELLY, KAREN",0.0023430178069353325,8.114840365600153e-08,0.34998906625847365,0.0004276933734455291,3856,3661,5172,5573
"KELLY, SARA",0.0023430178069353325,8.114840365600153e-08,0.34998906625847365,0.00042769337344552964,3856,3661,5172,5572
"KELLY, SEN. ROBERT E",0.033114651671352704,0.000340220696648157,0.45722039708613055,0.022020165303110465,292,460,490,408
"KEMBLE, DR.",0.0018744142455482662,0.0,0.37070063694267513,0.0013534140557532608,4385,4067,3573,4053
"KEMEL, MEHMET",0.004217432052483598,6.655630857252298e-06,0.3910812461820403,0.0032329592196354002,2569,2154,2211,2559
"KEMPLETON, PROFESSOR",0.0010934083099031551,0.0,0.3523972037210326,0.0003574302375351875,5492,4067,4971,5742
"KENNEDY, LOUISE",0.0015620118712902217,1.2201311289565864e-08,0.3233496641244507,0.00015044272763967365,4812,3924,6247,6228
"KENT, CLARK",0.028116213683223992,0.00012751528207675903,0.47049312853678255,0.027914502494189468,358,759,329,275
KEREM,0.003436426116838488,0.0,0.3948683155492506,0.005377032437685845,3010,4067,2043,1802
KERIVAK,0.001718213058419244,0.0,0.3653483992467043,0.0014379702324162139,4561,4067,4198,3949
KESTRUS,0.0015620118712902217,0.0,0.37003641408011095,0.0014437846193604234,4812,4067,3670,3943
"KETCH, BARBARA",0.002655420181193377,2.3969463581350743e-06,0.35064081498521193,0.0009205338126288487,3591,2670,5135,4733
"KETCH, DORIS AUDRA",0.006248047485160887,0.00012826227327842463,0.3862210424710425,0.0019906821073516013,1895,758,2462,3361
KEY / ,0.004061230865354577,5.526353908710737e-06,0.37012198647164246,0.0014443079681932811,2650,2259,3649,3937
KHADIJAH,0.002967822555451421,0.0,0.34911113534736615,0.000582326835500131,3351,4067,5200,5315
"KHANDRUVITCH, DR. VA",0.007497656982193065,2.8888509544757545e-05,0.3932915591596019,0.004313263572145113,1588,1399,2114,2118
KHAN,0.00031240237425804435,0.0,0.3590577678070667,0.0005053534508405908,6269,4067,4565,5457
KHAT,0.0009372071227741331,9.761049031652691e-09,0.35117937465715854,0.0006357270423058592,5676,3948,5097,5197
KHATYLIS,0.0007810059356451108,0.0,0.3438977223893425,0.0005221799201375752,5841,4067,5574,5413
KHIRN,0.004217432052483598,1.7064644602090665e-06,0.3423895603807894,0.0002916474203968861,2569,2808,5669,5910
KHOON,0.0010934083099031551,0.0,0.3575936993799922,0.0010210974839916476,5492,4067,4667,4534
KHORYPHOS [ETERNAL],0.009840674789128397,3.939999319124326e-05,0.4057548485232602,0.007499722463239981,1240,1261,1608,1355
KHYBER / ,0.001718213058419244,0.0,0.34424907243103725,0.001023998040641192,4561,4067,5547,4526
KICKBACK / RICHARD,0.0018744142455482662,9.761049031652691e-09,0.3501230516817063,0.0005407510692178199,4385,3948,5163,5387
KID COLT,0.005310840362386754,4.173884842429069e-05,0.411624766925995,0.00557768718230139,2184,1242,1405,1740
KID COLT II / ELRIC FR,0.0028116213683223993,2.8098277498604527e-05,0.3828260479579023,0.0020031550161880153,3463,1418,2659,3349
KID / E.B. FARRELL,0.0009372071227741331,0.0,0.33662845725102536,0.0003029475536815275,5676,4067,5907,5875
KID QUARRY,0.0023430178069353325,0.0,0.375,0.0019548668860612235,3856,4067,3211,3389
KID REAPER,0.007029053420805998,5.051093516987743e-06,0.4307630197819943,0.007532935995827788,1704,2307,946,1350
KIKO,0.002967822555451421,0.0,0.3940419769803656,0.004786165149078219,3351,4067,2079,1964
"KILGREW, BASIL BETA",0.0023430178069353325,0.0,0.34369463681752294,0.0012481626632981362,3856,4067,5579,4209
"KILGREW, GERARD",0.0023430178069353325,0.0,0.34369463681752294,0.0012481626632981357,3856,4067,5579,4210
"KILLBREW, DR.",0.0020306154326772885,3.2753504215839873e-06,0.34652232746955347,0.0006246303676442505,4200,2524,5340,5217
"KILLBURN, MACK",0.002655420181193377,2.2796175437798352e-06,0.35311638168781023,0.001224228314794434,3591,2690,4917,4240
"KILLDRAGON, HARMONY",0.0015620118712902217,0.0,0.3449725185903653,0.0005843014745476735,4812,4067,5452,5305
KILLER CLOWN,0.0014058106841611997,0.0,0.3547797173732336,0.0008380455912042551,5057,4067,4797,4872
KILLER SHRIKE / SIMON,0.008591065292096219,0.00010663226259840398,0.4162548764629389,0.005924362981965489,1414,828,1270,1643
KILLIAN,0.004686035613870665,5.62240659999408e-07,0.3788838255311594,0.004231866692178505,2377,3194,2898,2150
"KILLMONGER, ERIC / N'J",0.009059668853483286,0.00017058181926537226,0.4189242245779348,0.0072126248985116236,1347,662,1212,1403
KILLOBYTE,0.0028116213683223993,4.0155216327014894e-06,0.4000249937515621,0.00244230844068113,3463,2418,1804,2990
KILLRAVEN / JONATHAN R,0.005467041549515776,0.0007166940081151588,0.35699548318741986,0.0005237096507403206,2133,290,4694,5411
KILMER,0.005310840362386754,2.7197569894261706e-06,0.38605801121630584,0.005366116296245077,2184,2610,2471,1806
"KIMBLE, DR.",0.0020306154326772885,0.0,0.349950803542145,0.0004244219274400563,4200,4067,5177,5577
"KINCAID, DR. JANE FO",0.04233052171196501,0.0008786530439170401,0.4698370761778952,0.028034465634656582,207,264,338,273
"KINCAID, DR. KEITH",0.02452358637925648,0.00019106098083494297,0.45368861172135216,0.020428249040244345,420,631,538,457
"KINCAID, JIMMY",0.007341455795064043,1.2240228244731202e-05,0.3899616251446671,0.004719458788047685,1640,1830,2249,1989
"KINCAID, MOSES",0.0020306154326772885,0.0,0.3667506874427131,0.0016354595066561922,4200,4067,4044,3689
"KINE, BENEDICT",0.004686035613870665,1.8817522910828987e-06,0.4136995153473344,0.006790524064413744,2377,2767,1352,1482
KING BEDLAM / CHRISTOP,0.004686035613870665,1.6982234398555402e-06,0.34913017396520696,0.0017351202478005031,2377,2812,5199,3582
KING CADAVER,0.0012496094970321774,2.9283147094958077e-08,0.34327077747989276,0.0003527130210741477,5271,3832,5610,5754
KING GEORGE VI,0.0020306154326772885,0.0,0.375968992248062,0.0011124300437679129,4200,4067,3128,4394
"KING, HANNIBAL / HENRY",0.009528272414870352,0.00124137935165141,0.41308555942702285,0.004638144590976039,1270,218,1369,2011
"KINGMAN, BILL",0.004686035613870665,3.1238600922402477e-06,0.3842506452193746,0.002817664179790456,2377,2543,2587,2776
KING (OF THE SEWER P,0.002967822555451421,5.362106572122736e-06,0.3653067047075606,0.0013843703463455018,3351,2271,4202,3989
KINGO SUNEN [ETERNAL,0.009059668853483286,4.113784864521092e-05,0.40611519918802336,0.006928588421718305,1347,1247,1596,1458
KINGPIN / WILSON FISK,0.07357075913776945,0.006371841677828897,0.49401960027779923,0.03747347171557505,84,56,120,161
KINGSIZE,0.00031240237425804435,0.0,0.3519516217702034,0.00037840429674156865,6269,4067,5011,5684
"KINGSLEY, DANIEL",0.007653858169322086,4.721368797909214e-06,0.40452420068242134,0.00511869871503731,1561,2343,1640,1886
KINLAN KARTH KITH,0.0021868166198063103,3.074400997894952e-07,0.331023784901758,0.00021278062749239334,4042,3354,6058,6085
"KIRBY, JACK",0.01499531396438613,0.0001192648700656733,0.4555935098206661,0.016224621654872685,759,782,507,630
KIRIGI,0.0018744142455482662,2.6780525000629565e-08,0.3548583781386841,0.0008939339159815959,4385,3854,4791,4773
KIRIN,0.0018744142455482662,0.0,0.37143188674866556,0.0018242449649693948,4385,4067,3496,3505
KIRKEGAARD,0.0020306154326772885,0.0,0.3519709714662708,0.0013716303084425011,4200,4067,5007,4020
KISMET / J'RIDIA STARD,0.03092783505154639,0.0007429559527509223,0.4808472284812979,0.027481318265986824,318,287,231,287
"KITAGOWA, DR. KITTY",0.0012496094970321774,0.0,0.3759248385202584,0.0010941653333368135,5271,4067,3139,4414
KITANG,0.001718213058419244,0.0,0.33705380646519956,0.0010334128686272984,4561,4067,5880,4505
"KITCHENER, CHIEF INS",0.002655420181193377,0.0,0.395502563785754,0.003437148655125488,3591,4067,2022,2476
KLAER,0.0021868166198063103,0.0,0.35333075776808875,0.0013651033252516558,4042,4067,4895,4034
KLAW / ULYSSES KLAW,0.04217432052483599,0.0008560353301392939,0.4804142278253039,0.033591950385189515,208,269,235,203
"KLEB, ROSA",0.001718213058419244,0.0,0.35106382978723405,0.0007686193858440024,4561,4067,5102,4973
"KLEIN, CAMERON",0.0023430178069353325,2.501111495292816e-07,0.38034695817490494,0.0016094873483553428,3856,3425,2814,3728
"KLEINFELDT, LORNA",0.0028116213683223993,5.059623254269829e-06,0.37082947173308617,0.001155693856426262,3463,2306,3556,4347
"KLEIN, SHIRLEY",0.0023430178069353325,2.1241715566053145e-07,0.3807994289793005,0.0018354991379727946,3856,3467,2798,3496
"KLEIN, STANLEY",0.0023430178069353325,2.1241715566053145e-07,0.3807994289793005,0.0018354991379727946,3856,3467,2798,3496
"KLEINSTOCK, HARLAN",0.014682911590128085,6.506453724261059e-05,0.4206860297016691,0.011619296526691057,776,1043,1162,896
"KLEINSTOCK, SVEN",0.014682911590128085,6.506453724261059e-05,0.4206860297016691,0.011619296526691057,776,1043,1162,896
"KLEIN, SUMMER",0.00031240237425804435,0.0,0.2923554662526258,1.8478256658810455e-05,6269,4067,6365,6374
KLIGGER / SEN. EUGENE,0.005310840362386754,6.306120064350276e-06,0.41133384734001543,0.0056771630735750365,2184,2180,1419,1704
"KLINE, MR.",0.0031240237425804434,1.4583284547725572e-05,0.38882477983601577,0.002342538343868709,3214,1742,2312,3060
"KLOSS, BERNARD",0.002499218994064355,4.151757774656466e-08,0.3721876635079356,0.0025959511679106415,3730,3771,3404,2904
KNAVE,0.0031240237425804434,7.020277619589863e-08,0.36453706867099417,0.002309534894985655,3214,3687,4252,3088
KNICK KNACK,0.002655420181193377,2.909455533632102e-06,0.3771872974724563,0.0016208401491044741,3591,2577,3032,3720
KNIGHT ERRANT II,0.0032802249297094657,0.0,0.37035751475182227,0.0024778369494769564,3094,4067,3605,2975
KNIGHT ERRANT / MATSON,0.001718213058419244,0.0,0.3845045045045045,0.0020803170481153922,4561,4067,2572,3267
"KNIGHT, LEO",0.0014058106841611997,0.0,0.36875756004838434,0.0009078212193648608,5057,4067,3811,4754
KNIGHT / MALCOLM KNIGH,0.0023430178069353325,2.9606208085224706e-07,0.3711734693877551,0.00154385361419949,3856,3361,3519,3811
"KNIGHT, MISTY",0.05248359887535145,0.002263991576382542,0.4890382705675655,0.03243921036306505,153,142,159,216
"KNOBLACH, GERTRUDE H",0.0021868166198063103,0.0,0.3462412114656571,0.0005946492494477284,4042,4067,5357,5286
"KNOBLACH, GLORIA",0.0021868166198063103,0.0,0.3462412114656571,0.0005946492494477279,4042,4067,5357,5288
"KNOBLACH, HANS",0.0021868166198063103,0.0,0.3462412114656571,0.0005946492494477284,4042,4067,5357,5286
KNOCKABOUT / ,0.0028116213683223993,8.890866395199774e-07,0.36055417886911467,0.001201194699640609,3463,3041,4474,4281
KNOCKOUT,0.008747266479225241,1.7891674938740475e-05,0.39990005621837715,0.004792131627295242,1390,1639,1810,1962
"KNUTZ, CINDY",0.0031240237425804434,7.940019852270342e-06,0.3725558659217877,0.0013641540048671926,3214,2059,3360,4038
"KOENIG, ERIC",0.009840674789128397,5.2913398542578496e-05,0.4338574139333153,0.011721094405578409,1240,1129,895,888
KOFI [KYMELLIAN],0.0067166510465479536,6.731143580670727e-05,0.4108323172688186,0.006355465368512355,1774,1028,1438,1576
KO-GAR,0.0015620118712902217,2.0916533639255763e-08,0.36344024978711326,0.0009965690348424738,4812,3890,4301,4596
KO'ICHI,0.0023430178069353325,0.0,0.3669609079445145,0.0020131382570922245,3856,4067,4022,3337
KOJIRO,0.001718213058419244,0.0,0.36468242665907147,0.0011817644964023171,4561,4067,4234,4306
"KOLE, JOHN",0.0007810059356451108,0.0,0.35787355358041256,0.00039041528115529275,5841,4067,4638,5644
"KOLE, MICHELLE",0.0007810059356451108,0.0,0.35787355358041256,0.0003904152811552927,5841,4067,4638,5646
KOLOMAQ,0.0007810059356451108,0.0,0.32954135996293815,0.0002408481175814747,5841,4067,6088,6012
KOMODO,0.0020306154326772885,0.0,0.33953858392999203,0.0004383866061175969,4200,4067,5806,5562
"KONIEV, DMITRI",0.002967822555451421,0.0,0.3761457109283196,0.002860864337689747,3351,4067,3111,2750
"KONIEV, IRINI",0.002967822555451421,0.0,0.3761457109283196,0.002860864337689745,3351,4067,3111,2751
"KONIEV, MRS.",0.002967822555451421,0.0,0.3761457109283196,0.00286086433768975,3351,4067,3111,2749
KONO,0.0015620118712902217,0.0,0.3498743032025358,0.0009002758507632893,4812,4067,5182,4766
"KOPPISCH, DR. ERIC",0.002655420181193377,0.0,0.36691884456671253,0.002394535219849391,3591,4067,4031,3018
KORATH THE PURSUER,0.009528272414870352,1.560501907551845e-05,0.4002500781494217,0.008315240294302065,1270,1704,1794,1238
KORREK,0.0014058106841611997,1.232149006323382e-06,0.3617562298694694,0.0009253094624875377,5057,2934,4419,4713
"KORVAC, MICHAEL",0.015307716338644172,9.352129143438588e-05,0.45530189886921274,0.01778090843344436,740,875,512,562
KOSHIMA,0.0018744142455482662,0.0,0.3710659015823335,0.0017463366351988163,4385,4067,3529,3574
"KOSINSKI, HARLEY",0.002655420181193377,6.464008245306828e-09,0.37818998109640833,0.002394436821742165,3591,3998,2955,3019
"KOWALSKI, TRISH",0.0015620118712902217,0.0,0.3681637817010754,0.0007837113116563477,4812,4067,3871,4943
KRAA,0.0018744142455482662,5.602369459509605e-08,0.34275618374558303,0.00044149867728223823,4385,3725,5640,5554
"KRAFT, DONNA",0.0012496094970321774,0.0,0.34665367121507473,0.0005350485760035878,5271,4067,5323,5395
KRAGAR,0.0015620118712902217,1.2201311289565864e-08,0.33492021972273084,0.0005130899411860633,4812,3924,5983,5433
"KRAGG, GEN.",0.0010934083099031551,0.0,0.34437869822485206,0.0004588519659457299,5492,4067,5536,5523
KRAGG,0.00031240237425804435,0.0,0.3300170111861436,0.0001801041031272549,6269,4067,6085,6140
KRAKEN,0.006404248672289909,4.72696474422291e-06,0.38661754936892323,0.0032604984685816983,1854,2341,2444,2546
KRAKOA,0.005623242736644799,1.1078957293562235e-05,0.39010419840350985,0.00585489719910022,2087,1876,2247,1666
"KRAMER, KENNY",0.008122461730709154,6.850212938820057e-05,0.4171771145575394,0.007567073632957541,1488,1015,1250,1343
"KRAMER, STACEY",0.013745704467353952,0.00020781222458539478,0.43951668268570643,0.012023608922327915,843,597,778,868
KRANG [ATLANTEAN],0.01577631990003124,0.0001734292765257916,0.4371756350723846,0.014955431009310518,722,658,827,695
KRANG II,0.0010934083099031551,0.0,0.34065875591975736,0.00026365560606268,5492,4067,5777,5973
"KRAUS, DR. FREIDERIC",0.004529834426741643,4.640802084262236e-06,0.39759036144578314,0.004032873855441224,2437,2353,1912,2204
KRAVEN THE HUNTER II,0.01140268666041862,9.014664066309441e-05,0.4214337436640116,0.00842221047669478,1037,887,1146,1217
KRAVEN THE HUNTER / SE,0.023430178069353325,0.00027299047294158225,0.4725769543072267,0.02218392970823422,450,514,309,403
"KRAY, D'VON",0.0006248047485160887,0.0,0.3643088829454276,0.0008277223199042791,6020,4067,4262,4887
"KREA, BRUNO",0.0037488284910965324,5.047757534674741e-06,0.40980668288311356,0.004079347932310094,2830,2308,1471,2194
KREDDICK,0.013120899718837863,7.907088224160278e-05,0.4522463972873693,0.01579884525613266,882,954,567,644
KREE CAPTAIN AMERICA,0.0018744142455482662,0.0,0.36980129390018485,0.0018840593946053501,4385,4067,3706,3447
KREE GIANT MAN [KREE,0.0018744142455482662,0.0,0.36980129390018485,0.0018840593946053501,4385,4067,3706,3447
KREE IRON MAN [KREE],0.0018744142455482662,0.0,0.36980129390018485,0.0018840593946053501,4385,4067,3706,3447
KREE SCARLET WITCH [,0.0018744142455482662,0.0,0.36980129390018485,0.0018840593946053501,4385,4067,3706,3447
"KREIGER, SIMON",0.0031240237425804434,9.228364410359194e-06,0.3925921383454958,0.0021209074916169867,3214,1969,2143,3224
"KREIGKOPH, GEN.",0.0006248047485160887,0.0,0.37025041929327396,0.0005430931658233927,6020,4067,3620,5385
"KRIEGHUND, COL.",0.002499218994064355,1.4660256019214685e-07,0.3763004761065068,0.0014223123704452157,3730,3537,3099,3959
K'RIN,0.0014058106841611997,0.0,0.37421089548749126,0.002001865974744298,5057,4067,3256,3354
KRISTA,0.004529834426741643,7.366962084448021e-07,0.3815256257449344,0.0038498896918077057,2437,3112,2747,2296
KRISTOFF / KRISTOFF VE,0.023117775695095284,0.00019428383204899064,0.4666520883446315,0.0220497473082788,458,624,375,407
KRIVEN,0.002499218994064355,1.884225831810379e-07,0.337854240329305,0.00047756229487135737,3730,3489,5858,5497
K'RK [SHI'AR],0.0060918462980318645,1.103178725415865e-06,0.3792878725042953,0.0051934786747391245,1940,2967,2869,1864
KRO [DEVIANT],0.024054982817869414,0.0003894496176135422,0.4380431063975368,0.017513168938560916,433,430,810,575
KRONITT,0.001718213058419244,0.0,0.36468242665907147,0.001136857693892627,4561,4067,4234,4372
KRONOS,0.015620118712902217,3.293773798551278e-05,0.45388160226869906,0.015104758048778366,730,1335,537,686
KROTOK,0.001718213058419244,0.0,0.3418228415825725,0.0009232180378397291,4561,4067,5720,4720
KRUEGER,0.004842236800999687,3.6023310053651677e-06,0.40105243375305394,0.005579587619609246,2327,2480,1770,1738
KRUELLA,0.0023430178069353325,0.0,0.3450840879689521,0.0012676413893490093,3856,4067,5445,4167
KRUEL / VICTOR KRUELLE,0.0020306154326772885,3.3404653224221365e-07,0.35687608004905513,0.0009216675787106415,4200,3337,4704,4724
KRUGGAR,0.004686035613870665,0.0,0.4254951482121494,0.008298616607524605,2377,4067,1042,1242
"KRUMA, TALIA",0.008747266479225241,2.2318091382752408e-05,0.41143958868894603,0.010046077999763774,1390,1549,1409,1035
KRUSH,0.001718213058419244,0.0,0.33705380646519956,0.0010334128686272995,4561,4067,5880,4501
"KRYPT, DR.",0.0031240237425804434,0.0,0.342701140195921,0.0009823442699626633,3214,4067,5643,4623
"KRYZEWSKI, LEONARD M",0.0028116213683223993,1.5051730883889083e-08,0.38143469971401334,0.002941253949721488,3463,3913,2751,2702
KUBIK,0.005779443923773821,7.552164346232699e-06,0.4095707248416608,0.007148155034108123,2050,2086,1485,1412
KUKULCAN / VIRAKO / QUET,0.006404248672289909,1.9413087977397427e-05,0.3840201547597625,0.004128329815654577,1854,1601,2597,2180
KULAN GATH,0.006560449859418931,1.0676755324331925e-05,0.43192551612467955,0.008861557897255139,1811,1889,932,1158
KURAGARI,0.0006248047485160887,0.0,0.35440655447298497,0.0006309785369162041,6020,4067,4833,5209
"KURASOV, SIMYON BORI",0.004373633239612621,3.007410202716034e-06,0.3763447181235671,0.0029476421382911458,2505,2556,3094,2695
"KURLYCHEK, PATTY",0.00015620118712902218,0.0,0.3282235324275827,0.00015395954297653378,6354,4067,6134,6223
KUROKO / ,0.004217432052483598,3.1520151573805764e-06,0.39997500937148567,0.005692490149837809,2569,2538,1808,1698
"KUROV, WASSILY",0.0014058106841611997,5.819973391225558e-07,0.3771206409048068,0.0008430310701992345,5057,3174,3042,4865
KUROYAMA,0.0010934083099031551,1.0667497953354426e-07,0.36008774396760224,0.0005780039466338158,5492,3601,4508,5334
KURRGO,0.0009372071227741331,0.0,0.3727727960871084,0.0020172751265193326,5676,4067,3348,3328
KURSE / ALGRIM [ASGARD,0.018431740081224616,9.69581808054292e-05,0.4437512996464962,0.01709902026247301,623,859,707,595
"KUTUZOV, COL.",0.0021868166198063103,0.0,0.3713672486803179,0.002943007030812302,4042,4067,3499,2700
KWANNON,0.0009372071227741331,2.7482594369658408e-08,0.345344697378358,0.000524804118513899,5676,3852,5411,5408
"KWAN, TERRY",0.0060918462980318645,1.9380556244823918e-05,0.42512783053323594,0.006923314738420212,1940,1602,1049,1462
KYLUN / COLIN MCKAY,0.009215870040612308,2.5253254087354157e-05,0.4097804518978429,0.005374681576922271,1318,1471,1474,1803
KYMRI,0.005154639175257732,7.724376654619956e-07,0.38342217164760134,0.0060531279243562055,2237,3087,2630,1616
KYSA,0.00031240237425804435,0.0,0.3257020757020757,0.00011428607253073841,6269,4067,6205,6304
LA BANDERA,0.0010934083099031551,0.0,0.35986509274873524,0.0006840141862904889,5492,4067,4525,5115
LACE / ,0.00046860356138706655,0.0,0.3342731829573935,0.0002478281673849097,6167,4067,6001,6001
"LACOSTE, RAE",0.00937207122774133,0.00020629882881505513,0.39806006342100353,0.005974222624638645,1293,599,1894,1626
"LADONNA, HOLLY",0.004529834426741643,4.103899356057055e-06,0.4145030754289414,0.005649153645948774,2437,2409,1321,1709
LADY DEATHSTRIKE / YUR,0.01874414245548266,0.00014407325940607552,0.440302613480055,0.014615283219429285,611,712,765,715
LADY LARK / LINDA LEWI,0.02077475788815995,0.000620990084877782,0.44976816074188564,0.014758142456197203,531,320,611,704
LADY LOTUS,0.004373633239612621,9.615229091076098e-07,0.3776768332251785,0.0016608779258597281,2505,3019,2993,3657
LADY OF THE LAKE,0.00718525460793502,6.749940258699962e-06,0.4075370806544019,0.0068243725344341415,1664,2146,1553,1476
"LAMBERT, WILSON",0.0037488284910965324,1.194401831595039e-07,0.3996753652141341,0.003631669393558471,2830,3581,1820,2382
LAMENT / ,0.0012496094970321774,0.0,0.3686513877692042,0.0014838290024075426,5271,4067,3820,3883
"LAMY, KELLY",0.0060918462980318645,0.0,0.4142616798239938,0.005241954227361039,1940,4067,1327,1838
"LANCELOT, SIR",0.00046860356138706655,0.0,0.33880186282811176,0.00024759913444007397,6167,4067,5843,6003
LANCER / SAMANTHA DUNB,0.004217432052483598,0.00011998291467213315,0.40218620429702223,0.004457500052242914,2569,779,1720,2072
LANDA,0.0015620118712902217,0.0,0.3675719124992823,0.002225938121548077,4812,4067,3943,3158
"LANDERS, DR.",0.0009372071227741331,0.0,0.3583743842364532,0.0008921804098126163,5676,4067,4607,4784
"LANDERS, GENA",0.005154639175257732,0.00014604809190728614,0.3964823186969716,0.004756181545544331,2237,702,1979,1976
"LANDERS, RAY",0.0021868166198063103,2.9283147094958073e-08,0.33608063415402384,0.0003734092179727181,4042,3834,5921,5694
"LANDERS, RICKY",0.0021868166198063103,2.9283147094958073e-08,0.33608063415402384,0.00037340921797271854,4042,3834,5921,5693
LANDSCAPE / BRETT,0.0020306154326772885,0.0,0.36397748592870544,0.0015118779269639182,4200,4067,4274,3853
LANDSLIDE,0.004061230865354577,1.7326144681225533e-05,0.39719568184638293,0.002776425522217581,2650,1656,1929,2803
LANDSLIDE II / LEE BRO,0.0028116213683223993,7.016095890205362e-09,0.3673609915648132,0.0025041258185152307,3463,3985,3970,2963
"LANE, LOIS",0.018900343642611683,7.830516523852011e-05,0.45132181882270006,0.018646850135115543,606,958,587,517
"LANE, SILAS",0.0039050296782255542,2.4453841580762325e-05,0.3707865168539326,0.00276892145189906,2721,1489,3561,2805
"LANG, ALLISON",0.0014058106841611997,0.0,0.38821175186465345,0.001783284069866712,5057,4067,2343,3542
"LANG, CASSANDRA CASS",0.022649172133708217,0.00026240000452629745,0.4625054182921543,0.02111388210901536,474,530,434,436
"LANG, DR. STEVEN",0.012183692596063729,3.14859275606216e-05,0.40933503836317137,0.011374297336376838,970,1358,1495,913
"LANGFORD, DR. DAVID",0.001718213058419244,0.0,0.36945983379501385,0.0007329088610222707,4561,4067,3752,5028
"LANGSTROM, LIEUTENAN",0.004373633239612621,5.6219764529095536e-06,0.38668760570186034,0.003471780835172667,2505,2247,2440,2459
"LANG, TIMMY",0.0015620118712902217,2.021290927438322e-06,0.38823529411764707,0.0017860116013063926,4812,2734,2341,3540
"LANGTREE, GINA",0.0012496094970321774,3.2912417941360046e-07,0.3341684935797056,0.00033678229697281807,5271,3342,6004,5796
"LANIEGE, BIANCA",0.004373633239612621,3.5406327201126865e-07,0.3477457903313417,0.0013797791562899337,2505,3316,5270,3998
LANN,0.004686035613870665,3.987266917642556e-06,0.39569812720192843,0.004723767528775067,2377,2425,2018,1987
"LANNING, DR.",0.0018744142455482662,0.0,0.36774082371187317,0.001231471362885241,4385,4067,3919,4231
"LANSING, CHERYL",0.0020306154326772885,8.47654599122639e-06,0.381139489194499,0.0010082784202285824,4200,2020,2768,4577
LA NUIT,0.0015620118712902217,0.0,0.3580737177694502,0.0004144083942755922,4812,4067,4624,5598
"LAO-TSE, GEN.",0.0015620118712902217,2.0916533639255763e-08,0.36344024978711326,0.0009965690348424734,4812,3890,4301,4597
"LAPIN, EMIL",0.005467041549515776,7.971963982718462e-06,0.3675297089385154,0.0016287646940615125,2133,2055,3955,3708
"LARGO, CHIEF",0.005154639175257732,1.7347559227052583e-05,0.3988785046728972,0.004812946582410444,2237,1654,1849,1957
"LARROCA, SALVADORE",0.00359262730396751,0.0,0.4059606848446417,0.0052701231892609375,2918,4067,1604,1827
LASHER / ,0.0039050296782255542,5.404039127197072e-08,0.3705933429811867,0.0019409978997485921,2721,3733,3581,3396
"LATHAM, JORGE",0.0028116213683223993,3.31325120471809e-07,0.39920184573174533,0.005174937636128122,3463,3340,1840,1868
"LAU, KING",0.0014058106841611997,1.558721102899742e-06,0.3692254455274237,0.0008813670594599437,5057,2844,3767,4798
"LAVEAU, MARIE",0.004217432052483598,4.872217659935488e-05,0.3909618320610687,0.0026762037667052286,2569,1160,2213,2852
"LAVENDER, MAXINE",0.0032802249297094657,2.954992662765883e-06,0.3641223979069503,0.0018277770626918069,3094,2561,4267,3500
LAYLA,0.0006248047485160887,2.6715683477389093e-08,0.3261002444987775,0.00015140025099792795,6020,3855,6185,6226
LEADER / SAM STERNS,0.029678225554514215,0.0004141930862601406,0.4795864858790921,0.029898865393282684,335,415,243,245
LEAD-IN,0.0028116213683223993,0.0,0.3716259360306496,0.003261396281055302,3463,4067,3470,2543
LEAP FROG / LANG,0.0007810059356451108,0.0,0.3605135713481248,0.0006900913156051257,5841,4067,4487,5113
LEAP-FROG / VINCENT PA,0.012027491408934707,0.00012346235354814577,0.44115214994487323,0.01009018060490737,984,771,750,1031
"LEASH, MICAH",0.0010934083099031551,0.0,0.34876879494443236,0.000515953334233615,5492,4067,5230,5427
LEATHER / ,0.00046860356138706655,0.0,0.3342731829573935,0.0002478281673849091,6167,4067,6001,6002
"LEBEAU, JACQUE",0.005935645110902842,7.236829614234385e-06,0.35799362523066597,0.001066459754213845,1994,2115,4635,4444
"LEBEAU, JEAN-LUC",0.008122461730709154,9.496595986705922e-05,0.38163934426229507,0.0031773421883927074,1488,869,2741,2574
"LEBEAU, MERCY",0.005467041549515776,7.971963982718462e-06,0.3675297089385154,0.0016287646940615131,2133,2055,3955,3707
"LECLAIRE, PROFESSOR",0.005623242736644799,1.5714775895118148e-06,0.4219615080411284,0.00790874748853641,2087,2840,1129,1292
"LEEBRE, VEEDA",0.0018744142455482662,1.3310521406799122e-08,0.3463536031162086,0.0010175822899792756,4385,3919,5344,4550
LEECH,0.033583255232739764,0.0007766047463292361,0.458628841607565,0.022874370712107517,288,284,478,388
"LEEDS, BETTY BRANT",0.06950952827241487,0.0033437475709670594,0.4844128329297821,0.03238466839546271,100,94,199,217
"LEEDS, NED",0.028897219618869104,0.0002633018322653568,0.46536308788253256,0.019889948082613226,348,528,389,478
"LEE, LITTLE LARRY",0.0018744142455482662,0.0,0.370186191742801,0.002338834822283845,4385,4067,3626,3065
LEESHA,0.0007810059356451108,0.0,0.3701433857539315,0.0010730002038091904,5841,4067,3647,4437
"LEE, STAN",0.028428616057482037,0.000398602573373112,0.47094306311608064,0.026451053927453262,354,422,324,306
"LE FEY, MORGAN",0.024367385192127458,0.0002471970859683299,0.4667541557305337,0.022983751621256217,425,542,374,385
"LEFLER, BOB",0.0007810059356451108,0.0,0.3504296896381849,0.00037516300465477925,5841,4067,5149,5691
LEFT HAND / DIEGO CASS,0.006248047485160887,4.174575840121927e-06,0.3847818247385503,0.004751460970086184,1895,2401,2549,1980
LEFT-WINGER / HECTOR L,0.005310840362386754,2.1422554917641358e-06,0.40117809249279357,0.006676191285553861,2184,2707,1759,1510
LEGAULT,0.004061230865354577,8.301034906758649e-07,0.3476513711648113,0.0014962307021019168,2650,3075,5280,3869
LEGION,0.0007810059356451108,0.0,0.34165866154338775,0.0003977896458510591,5841,4067,5730,5629
LEGION II / DAVID HALL,0.02374258044361137,0.0001754617146472261,0.44045407636738904,0.019668446837354664,439,656,762,486
LEGS II / ,0.001718213058419244,0.0,0.3413853783394657,0.000352920535818556,4561,4067,5737,5750
LEGS / ,0.0032802249297094657,4.593258113776327e-06,0.3574539363484087,0.000992503835506312,3094,2358,4671,4605
"LEIGHTON, BRIAN",0.0006248047485160887,0.0,0.3309211206450946,0.00020034941545772736,6020,4067,6069,6109
"LEI KUNG, THE THUNDE",0.005779443923773821,3.463244153577192e-05,0.40552353202001645,0.0037607750702954106,2050,1312,1617,2331
LEIR,0.008591065292096219,9.975666767217233e-06,0.37973782549380153,0.005857319577261784,1414,1929,2849,1665
"LELAND, HARRY",0.012027491408934707,0.00017557331249931133,0.4459770114942529,0.011759250123929968,984,655,672,886
"LENO, JAY",0.0021868166198063103,0.0,0.37166908563134976,0.00208889872216942,4042,4067,3465,3257
LEO / DANIEL RADFORD,0.006404248672289909,2.690918668110797e-06,0.4040136312003029,0.0066970318107916395,1854,2614,1662,1505
LEO II / ,0.0039050296782255542,0.0,0.34248114267372815,0.0012164746784806464,2721,4067,5658,4259
"LEONARD, DR.",0.0023430178069353325,0.0,0.3450840879689521,0.0012676413893490108,3856,4067,5445,4164
LEONINUS,0.0007810059356451108,0.0,0.29992972593113143,3.663298320863381e-05,5841,4067,6347,6362
LEONUS / LIONUS [INHUM,0.008903467666354263,1.434783503146824e-05,0.3993512569396794,0.007247934165569508,1370,1752,1831,1396
"LEOPOLD, ARCHER",0.001718213058419244,4.358002384171564e-08,0.3959918352198924,0.0026665172799517326,4561,3760,2008,2855
"LEQUARRE, GERRY",0.0023430178069353325,6.520996082898002e-06,0.38455069678039405,0.001364446615693329,3856,2163,2567,4037
"LESTRADE, DR.",0.0014058106841611997,0.0,0.3634196185286104,0.0009926965300557178,5057,4067,4304,4603
LETHA,0.01296469853170884,6.419855110200489e-05,0.4500210881484606,0.013400646927386501,893,1049,606,784
"LETTERMAN, DAVID",0.002499218994064355,3.8151242133098187e-05,0.391248548554666,0.002928684202052206,3730,1277,2204,2705
LEVAN,0.004061230865354577,1.4701961075313917e-06,0.4052411697683251,0.005251794727342751,2650,2873,1625,1829
"LEVESSEUR, LARENT",0.0018744142455482662,0.0,0.36801563577833984,0.002051518700096414,4385,4067,3889,3295
LEVIATHAN II / EDWARD,0.004686035613870665,1.2139203743681471e-06,0.40120323369054334,0.004529867997977944,2377,2936,1758,2056
LEVIATHAN IV,0.0023430178069353325,3.691233930053255e-06,0.3873426911907067,0.0019173300717088267,3856,2467,2394,3419
LEVIATHAN,0.0009372071227741331,0.0,0.35315533980582525,0.0007707861753559336,5676,4067,4915,4966
LEVIATHAN VI,0.001718213058419244,0.0,0.38573236127010907,0.0021421580125109926,4561,4067,2495,3205
LEVIATHAN V,0.0018744142455482662,0.0,0.3546225004154434,0.0006230880472292386,4385,4067,4814,5219
"LEVINE, ABBY",0.0037488284910965324,0.0,0.373098665423393,0.0022988921893542756,2830,4067,3328,3093
"LEVIN, MAJOR DEBRA",0.007653858169322086,1.2520756583504033e-05,0.3826429980276134,0.005244808917454066,1561,1817,2676,1836
LEVITICUS,0.0007810059356451108,0.0,0.3323124837788736,0.00020851149991276137,5841,4067,6040,6097
"LEWIS, DET. GARON",0.00499843798812871,3.7932325912796828e-06,0.37285963890506696,0.001964092453028564,2281,2451,3342,3379
"LEWIS, DEVON",0.012339893783192751,0.00014429539645580776,0.39955064594645195,0.0048841748114294035,947,711,1825,1943
"LEWIS, SHIRLEY WASHI",0.018900343642611683,0.0005622851354413663,0.4315470171890799,0.010934557260882776,606,345,937,944
LIBERATOR / PRINCE TRI,0.0037488284910965324,2.5702186759067048e-06,0.32763561924257933,0.00021998286295031515,2830,2638,6141,6058
LIBERTY GIRL / BEV,0.004373633239612621,1.3292930357775597e-05,0.35799362523066597,0.001048800791310632,2505,1782,4635,4476
LIBRA / GUSTAV BRANDT,0.01952514839112777,0.0001527814813067238,0.44255495644960596,0.015318615783778097,575,692,728,671
LIBRA III / ,0.0015620118712902217,0.0,0.3891083692943536,0.0029159428808873135,4812,4067,2293,2708
LIBRA IV / ,0.0039050296782255542,0.0,0.34248114267372815,0.0012164746784806462,2721,4067,5658,4261
LIBRITO,0.0032802249297094657,7.308903966295261e-06,0.3266993263931415,0.0001609519892131444,3094,2101,6160,6173
LICH,0.0031240237425804434,2.7993590093474616e-08,0.3715827964478496,0.0017817249514952807,3214,3845,3483,3550
LIFEFORCE,0.005154639175257732,1.876240564713546e-06,0.38406623072769813,0.004549607773556188,2237,2769,2594,2049
LIFELINE / DEACON,0.002655420181193377,0.0,0.36801563577833984,0.001670290545098302,3591,4067,3889,3636
LIGHTMASTER / EDWARD L,0.005935645110902842,3.3952651590091503e-06,0.3897716894977169,0.004050334185171029,1994,2499,2256,2201
LIGHTNINGBOLT II / RAN,0.001718213058419244,0.0,0.3203242269588712,8.819261146049098e-05,4561,4067,6283,6328
LIGHTNING FIST,0.0020306154326772885,0.0,0.38211770323504834,0.0015555820929841117,4200,4067,2706,3785
LIGHT,0.004842236800999687,5.96244509852684e-07,0.35612171107526286,0.0019586513697439126,2327,3164,4727,3381
LIGHTSPEED / JULIE POW,0.032489846922836615,0.0006771879091500504,0.46080760095011875,0.023975982637982816,302,304,451,364
LILANDRA NERAMANI [S,0.05670103092783505,0.0011361648216425737,0.49398148148148147,0.04289053549980885,139,229,122,117
LILITH / ANGEL O'HARA / ,0.007341455795064043,0.000589273324894736,0.4202441906262308,0.007059762435619672,1640,329,1177,1428
LILITH II,0.00499843798812871,2.3158210822037058e-05,0.3787717429889954,0.0012544946693715587,2281,1531,2905,4201
"LILLIAN, BEA",0.0012496094970321774,0.0,0.32359482410028306,0.00011943800683967487,5271,4067,6239,6275
LINAK,0.0020306154326772885,0.0,0.3737084816998424,0.002683618862966184,4200,4067,3283,2846
"LINCOLN, WILLIAM WIL",0.0015620118712902217,1.5459472043688911e-06,0.3571149662520221,0.0010385890399171238,4812,2845,4690,4492
LINK,0.00359262730396751,9.708557476739786e-07,0.33117790078112874,0.0002334349341495076,2918,3013,6046,6023
"LIN, MEI",0.0014058106841611997,0.0,0.32643279624719557,0.0001548667781957027,5057,4067,6177,6214
"LIN, PAULA",0.001718213058419244,4.1833067278511527e-08,0.33241601329248666,0.0002529582847629541,4561,3769,6030,5996
LIONMANE / GEN. LO CHI,0.0021868166198063103,0.0,0.38529128550794417,0.0023793636149211437,4042,4067,2521,3026
"LIPSCOMB, DR. ANGELA",0.005154639175257732,6.26042979581419e-05,0.40777070063694265,0.005814980021065087,2237,1062,1546,1675
"LIPTON, LAURA",0.0028116213683223993,1.98733164504877e-06,0.37394859813084114,0.0026368495137369524,3463,2744,3270,2869
"LIPTON, MILES",0.0018744142455482662,0.0,0.3702718334297282,0.002113921350768499,4385,4067,3615,3227
"LIPTON, TRENTON III",0.0015620118712902217,0.0,0.32933792890580793,0.00025362112865465756,4812,4067,6096,5992
"LITTLE, ABNER",0.003436426116838488,2.8638481618527395e-06,0.37812296970054926,0.002253472332840346,3010,2585,2961,3129
"LITTLETREE, LINDA",0.0010934083099031551,4.2736665964693496e-07,0.3359042971824335,0.00030635860679977645,5492,3263,5932,5855
"LITTLEWING, SUSIE",0.0023430178069353325,0.0,0.3553113553113553,0.0011586879589510182,3856,4067,4775,4342
LIVEWIRE / RANCE PREST,0.0078100593564511085,1.2868173844314467e-05,0.4172586847422277,0.007668647829147895,1526,1801,1248,1329
LIVING ERASER,0.0012496094970321774,1.865032516259683e-06,0.3769208124816014,0.0018045142644611716,5271,2776,3054,3524
LIVING LASER / ARTHUR,0.01296469853170884,3.314990687569625e-05,0.43277225714865136,0.01424535428160818,893,1331,917,736
LIVING LIGHTNING / MIG,0.05654482974070603,0.0014660291029747728,0.49095092024539877,0.04188771238521722,140,198,147,122
LIVING MONOLITH / AHME,0.013120899718837863,0.00011851593157288779,0.4524701392324546,0.01473350423368268,882,785,564,708
LIVING MUMMY,0.018431740081224616,8.91883663552786e-06,0.4729609929078014,0.024948444280906274,623,1989,306,335
LIVING TRIBUNAL,0.02874101843174008,0.0002120180616248968,0.4790840380154157,0.030110644675050535,351,591,248,242
LIZARD / DR. CURTIS CO,0.02530459231490159,0.001526916583716614,0.4571224562656194,0.01764442800785211,407,194,494,567
LIZARD II,0.0014058106841611997,1.9560488623355198e-08,0.36869384934346927,0.001130033966429396,5057,3899,3814,4379
L'KLEKK'TAK,0.001718213058419244,0.0,0.34105801502317407,0.0010010711739120012,4561,4067,5763,4590
LLAN,0.002967822555451421,1.194784769395513e-06,0.3576736130510084,0.0021648581018255198,3351,2941,4660,3192
LLOIGOROTH,0.0023430178069353325,0.0,0.3667296786389414,0.0020084814170383924,3856,4067,4053,3344
LLYRA / LLYRA MORRIS,0.02452358637925648,0.00035762944719601263,0.47665847665847666,0.024626108864632963,420,449,267,345
LLYRON,0.01077788191190253,2.895961662534195e-05,0.39823339139089325,0.00635344106687266,1109,1398,1886,1577
LOBLOLLY / ,0.0039050296782255542,0.0,0.36055417886911467,0.0015470775633951164,2721,4067,4474,3799
LOBO,0.01936894720399875,1.8250584620309103e-05,0.47247232472324724,0.025652017174269653,582,1629,310,317
"LOBO, CARLOS",0.005154639175257732,8.914682333280458e-07,0.376322595814719,0.002834150469413038,2237,3040,3095,2763
"LOBO, EDUARDO",0.007497656982193065,1.956277408794023e-06,0.377431906614786,0.003741910236484038,1588,2751,3012,2340
LOBO II,0.0010934083099031551,0.0,0.35133355284820544,0.0004886927720984759,5492,4067,5082,5482
LOBO III,0.001718213058419244,0.0,0.3717770034843206,0.0016346772069035511,4561,4067,3446,3697
"LOBO, LUCKY",0.0010934083099031551,0.0,0.36658268437929453,0.0007568414349093341,5492,4067,4071,4988
LOCKDOWN,0.0023430178069353325,0.0,0.36670867224195214,0.0017229919388704225,3856,4067,4055,3597
"LOCKE, DR. ALEXANDER",0.007341455795064043,7.017513793020411e-05,0.3845045045045045,0.003362076499469595,1640,1005,2572,2499
"LOCKE, DR. CASSANDRA",0.010934083099031553,0.00036115231039396216,0.41641732795628983,0.005472259281747153,1098,447,1268,1774
"LOCKER, MR.",0.003436426116838488,1.0829586563808651e-07,0.3724908360970501,0.0018188473395385587,3010,3594,3367,3512
LOCKHART,0.0012496094970321774,0.0,0.36453706867099417,0.001062544845696812,5271,4067,4252,4451
LOCKHEED,0.05170259293970634,0.0007820895312867601,0.4855149400879721,0.03714048043283056,158,283,186,164
LOCKHEED | MUTANT X-,0.0009372071227741331,0.0,0.3443601742778764,0.0002712220981241115,5676,4067,5540,5945
LOCKJAW [INHUMAN],0.06373008434864105,0.0020780402968107827,0.49751321106621077,0.04682459697929196,115,155,105,97
"LOCKLIN, BEN",0.006560449859418931,2.407807919371112e-07,0.38753026634382565,0.007746604211660384,1811,3432,2385,1315
"LOCKLIN, GENERAL MER",0.00937207122774133,4.700709732173049e-05,0.43300642543118023,0.012103628447804932,1293,1177,909,861
LOCOMOTIVE BREATH / LA,0.002655420181193377,1.9557632476338575e-05,0.3699295042181902,0.0009764442905080161,3591,1599,3695,4632
LOCUST,0.0020306154326772885,6.882412640867443e-08,0.3787493344376738,0.003112761196367332,4200,3690,2906,2609
LOCUS,0.006404248672289909,1.6308549514396006e-05,0.3777436865706868,0.003990671204989766,1854,1686,2988,2225
LODESTONE / ANDREA,0.012496094970321774,0.00011931908184806442,0.400125,0.00623921997422343,931,781,1801,1590
LOGA II,0.006872852233676976,7.78189031220957e-06,0.3882588392261508,0.004535918268320871,1733,2069,2339,2054
LOGA,0.002499218994064355,6.748539731767412e-08,0.381162181471779,0.0018712731401738382,3730,3693,2763,3464
"LOGAN, WAYNE",0.0006248047485160887,0.0,0.26509316770186336,4.946456223400843e-06,6020,4067,6390,6394
LOGOS,0.0009372071227741331,7.062631511209945e-08,0.3389812559567934,0.0004548370785097869,5676,3686,5841,5532
"LOHAN, PETER",0.001718213058419244,0.0,0.37583656216977807,0.0017427014542278246,4561,4067,3145,3576
"LO, JIMMY",0.0009372071227741331,0.0,0.36589129565068296,0.0010011647196630402,5676,4067,4157,4589
LOKI [ASGARDIAN],0.06888472352389878,0.002123695760418487,0.49890897755610975,0.047640852503912055,101,153,100,95
"LOMENZO, NICOLE",0.0031240237425804434,4.1213074184975634e-08,0.34443428202507126,0.0011992411770617073,3214,3777,5532,4287
LONGARM / ,0.00046860356138706655,0.0,0.3616949152542373,0.0006089295957994827,6167,4067,4421,5249
LONGBOW / AMELIA GREER,0.00359262730396751,2.408239146609656e-06,0.3726209184564344,0.0021338946545988655,2918,2667,3357,3209
"LONGBOW, DESIREE",0.0020306154326772885,0.0,0.3667506874427131,0.0016354595066561922,4200,4067,4044,3689
LONGSHOT,0.03686348016244923,0.0030700381884430266,0.478117998506348,0.029263444139299023,252,109,258,252
LONKARR,0.0023430178069353325,0.0,0.35699548318741986,0.0008473008693817181,3856,4067,4694,4855
LOOP,0.0023430178069353325,5.08719335713353e-06,0.36967317242175773,0.0011557132136260923,3856,2304,3724,4346
"LOOPNER, LEXINGTON",0.0006248047485160887,0.0,0.35168094924192483,0.000407341764571104,6020,4067,5040,5613
LOOTER / NORTON G. FES,0.01077788191190253,0.00010853982594635677,0.4232727272727273,0.007902994421702994,1109,821,1098,1295
"LOPEZ, ANGELA",0.0012496094970321774,0.0,0.33114364040759325,0.00024264688178493476,5271,4067,6052,6010
"LOPEZ, ANTONIO",0.0014058106841611997,0.0,0.3670661085946907,0.000718287307038253,5057,4067,4005,5054
"LOPEZ, DONNA",0.0006248047485160887,0.0,0.3506024096385542,0.0004615992832899532,6020,4067,5136,5518
"LOPEZ, JOSE",0.0014058106841611997,0.0,0.3670661085946907,0.0007182873070382529,5057,4067,4005,5056
"LOPEZ, MARIA II",0.0021868166198063103,0.0,0.3665197229060514,0.0009166241490317428,4042,4067,4077,4741
"LOPEZ, MARIA",0.0014058106841611997,0.0,0.3670661085946907,0.000718287307038253,5057,4067,4005,5054
"LOPEZ, SALMA",0.0014058106841611997,0.0,0.3670661085946907,0.0007182873070382539,5057,4067,4005,5051
LORD BALDAR,0.003436426116838488,2.031852712584541e-06,0.3276020878108689,0.00021928427203683518,3010,2732,6150,6067
LORD CHAOS,0.021087160262417994,0.00010769232140190844,0.4697681244496625,0.02224603024159796,523,823,340,399
LORD GASPAR,0.0037488284910965324,2.5702186759067048e-06,0.32763561924257933,0.00021998286295031512,2830,2638,6141,6059
LORD KARNAJ,0.0010934083099031551,0.0,0.34325237252694224,0.0003513354160042096,5492,4067,5612,5758
LORD LEADER,0.0009372071227741331,0.0,0.3518355682567597,0.0008182584550926337,5676,4067,5013,4897
LORD OF LIGHT / BOWEN,0.00031240237425804435,0.0,0.3302553520763477,0.00025687276545832027,6269,4067,6081,5987
LORD TEMPLAR / ,0.006560449859418931,4.17459932061583e-06,0.4107005388760585,0.0074184399409829216,1811,2400,1443,1378
LORD YARU,0.00031240237425804435,0.0,0.3257020757020757,0.00011428607253073855,6269,4067,6205,6303
LORELEI,0.008434864104967197,1.0811490773895353e-05,0.42785537659560247,0.010958084504019791,1439,1882,990,942
LORELEI II / MELODI [A,0.019056544829740705,0.00013484069163626945,0.4282847203639283,0.01538491567933123,598,740,980,665
"LOR, KONA",0.004686035613870665,1.4094759786383788e-05,0.3969001859888407,0.0046073357534569155,2377,1758,1957,2018
LORVEX,0.0007810059356451108,0.0,0.36901262320594846,0.0010594912003236273,5841,4067,3791,4457
"LOVECCHIO, ARGUS",0.0010934083099031551,0.0,0.3505448173903521,0.0004965448042508184,5492,4067,5140,5473
LOVE,0.008434864104967197,3.446969260714764e-05,0.4477236170361564,0.010637779469661653,1439,1315,644,969
"LOVEJOY, FRANKLIN",0.0010934083099031551,0.0,0.3172447968285431,0.00012879959096831562,5492,4067,6314,6253
"LOWELL, DR.",0.0018744142455482662,0.0,0.3475758727401053,0.0010527180662073588,4385,4067,5287,4467
"LUBENSKI, NATE",0.02592939706341768,0.00026832095596891477,0.46371142981312474,0.018034721458336584,394,520,421,542
"LUBOWSKI, LUGWRENCH",0.0018744142455482662,0.0,0.370186191742801,0.0023388348222838458,4385,4067,3626,3062
LUCAS,0.0018744142455482662,0.0,0.36980129390018485,0.00188405939460535,4385,4067,3706,3451
"LUCAS, JAMES",0.001718213058419244,0.0,0.3501039046264902,0.0005329459877048491,4561,4067,5164,5396
"LUCAS, JAMES JR.",0.002499218994064355,1.9547862842392916e-06,0.38093538022134954,0.0020488887084478455,3730,2752,2790,3298
LUCIFER,0.0078100593564511085,1.8345578672218644e-05,0.41582229150428685,0.009632166279728216,1526,1625,1285,1086
LUCIFER II,0.00046860356138706655,0.0,0.3351832460732984,0.00015758998979198467,6167,4067,5975,6199
"LUCIFER, REV.",0.0006248047485160887,1.6268415052754483e-08,0.335200795853186,0.0001915895675170501,6020,3909,5970,6113
LUDI,0.0010934083099031551,0.0,0.38645418326693226,0.0015106714698239583,5492,4067,2452,3854
LULLABY / FELICITY HOP,0.0010934083099031551,0.0,0.3172447968285431,0.0001287995909683155,5492,4067,6314,6255
LUMINOR,0.006872852233676976,6.541008710925283e-06,0.38360596800287616,0.004311711663555081,1733,2160,2613,2119
"LUMLEY, JUDY",0.0020306154326772885,0.0,0.3784135240572172,0.0016500900472081691,4200,4067,2927,3665
"LUMPKIN, WILHEMINA B",0.005779443923773821,1.3178084114601987e-05,0.42344070375024806,0.006389500647504675,2050,1790,1093,1563
"LUMPKIN, WILLIAM WIL",0.032489846922836615,0.000371561679576703,0.4813895781637717,0.031734108875263185,302,437,223,222
"LUMPKIN, WILLIE | TI",0.0039050296782255542,0.0,0.38771802325581395,0.0035173937508154065,2721,4067,2369,2440
LUMP,0.0032802249297094657,7.477269341978523e-06,0.38771802325581395,0.0019615536055559712,3094,2089,2369,3380
"LU, MR.",0.0023430178069353325,0.0,0.368439226519337,0.0014882515688066133,3856,4067,3846,3881
LUNA / LUNA MAXIMOFF [,0.03951890034364261,0.0006203954434293797,0.482150926344329,0.036549589959582934,229,322,211,169
LUNATIK / ARISEN TYRK,0.005779443923773821,9.332484930399406e-06,0.4183493432660263,0.006175013449974161,2050,1961,1229,1600
LUPE,0.0006248047485160887,0.0,0.33539396479463535,0.00022741889063152815,6020,4067,5944,6027
LUPO,0.012496094970321774,1.7270587503299762e-05,0.4258631011774097,0.012933854495507604,931,1657,1031,819
LURKING UNKNOWN,0.002655420181193377,2.68543359993918e-06,0.37173382882359773,0.001742586431058222,3591,2616,3453,3577
LYJA LAZERFIST [SKRU,0.040456107466416744,0.000489653628528805,0.4877714285714286,0.03594955418515787,222,373,172,176
LYLLA,0.0014058106841611997,0.0,0.3547797173732336,0.0008380455912042554,5057,4067,4797,4868
"LYNNE, MONICA",0.014214308028741018,0.00040097628997748467,0.4345937139365963,0.011785364551869484,803,420,867,883
"LYNN, NORMA",0.002967822555451421,0.0,0.36708715596330277,0.001080062551701973,3351,4067,4001,4429
"LYTH'KA, COMMANDER",0.0012496094970321774,0.0,0.30958943856085885,0.00011310739958107076,5271,4067,6330,6308
M-80 / SAYURI KYOTO,0.0009372071227741331,0.0,0.33662845725102536,0.0003029475536815274,5676,4067,5907,5876
MAA-GOR,0.00718525460793502,1.2051357333358087e-05,0.4012283780396089,0.008465047679067248,1664,1838,1757,1212
"MACENDALE, JASON JR.",0.0009372071227741331,0.0,0.36810027598896045,0.0005631515506334322,5676,4067,3878,5358
"MACENDALE, KAREN",0.0009372071227741331,0.0,0.36810027598896045,0.0005631515506334324,5676,4067,3878,5357
MACE,0.0014058106841611997,2.254087202281677e-06,0.3711734693877551,0.0011920473137010034,5057,2693,3519,4295
MACHETE / FERDINAND LO,0.005623242736644799,1.1738942270829978e-05,0.3947952639368525,0.004551621895140228,2087,1853,2044,2047
MACHINE MAN / X-51,0.04092471102780381,0.0008386229444643529,0.49249942303254096,0.039888326887561644,217,274,131,141
"MACINTOSH, ANN",0.010153077163386441,4.2888213370529626e-05,0.42782678428227744,0.008617736111608133,1193,1226,991,1186
"MACKAY, AILSA",0.00046860356138706655,0.0,0.34746268656716417,0.0002882316852163665,6167,4067,5290,5916
"MACKAY, MURDO",0.00046860356138706655,0.0,0.34746268656716417,0.0002882316852163665,6167,4067,5290,5916
"MACKENZIE, AL",0.00718525460793502,6.234857055746712e-05,0.41485225505443235,0.004558202936763191,1664,1064,1313,2044
"MACKENZIE, DR. NEIL",0.0010934083099031551,0.0,0.3370183196462413,0.000268205707266702,5492,4067,5887,5960
"MACLAIN, DR. MYRON",0.005467041549515776,5.709086272916045e-06,0.4199685122015219,0.007225333688870448,2133,2240,1181,1402
"MACON, ANGELO",0.012496094970321774,6.363978461379789e-06,0.3895345299665348,0.010322050783257652,931,2177,2274,997
"MACRAE, TRUTH",0.004061230865354577,7.287967612687982e-06,0.36532755078749146,0.001047329759703243,2650,2111,4201,4482
"MACTAGGART, JOE",0.002499218994064355,0.0,0.3785477767265847,0.003887410106303937,3730,4067,2922,2271
"MACTAGGART, MOIRA |",0.0021868166198063103,0.0,0.34450842167572515,0.0003101223059776851,4042,4067,5519,5850
"MACTAGGERT, MOIRA KI",0.0732583567635114,0.0022138179437228857,0.492007377805103,0.04072497690485163,85,146,136,133
MADAME HYDRA VI,0.0031240237425804434,6.730903532846163e-07,0.37312041030423126,0.001783655202402058,3214,3134,3327,3541
MADAME MASQUE / GIULIE,0.02530459231490159,0.0002192953187537815,0.4424937793751728,0.017204269268998044,407,579,730,590
MADAME MASQUE II / ,0.00359262730396751,1.567275755942343e-06,0.38925031920715025,0.0026795765387525555,2918,2842,2290,2848
MADAME MASQUE III,0.010153077163386441,1.1319513760483122e-05,0.4131122152674711,0.009703437882363806,1193,1866,1368,1077
MADAME MASQUE IV,0.002499218994064355,0.0,0.3877649909145972,0.0031131592974315385,3730,4067,2366,2608
MADAME MASQUE VI,0.0028116213683223993,0.0,0.38989037758830697,0.0033909290603749255,3463,4067,2252,2489
MADAME MASQUE V,0.0018744142455482662,2.2451546983528092e-07,0.36555701478901387,0.0012180166516302547,4385,3453,4190,4257
MADAME MENACE / SUNSET,0.010309278350515464,0.0001411720638813933,0.4169869080961376,0.0064508532808905394,1172,719,1255,1551
MADAME QWA,0.005623242736644799,2.229904943277447e-06,0.37001502716448964,0.0018626003245775585,2087,2699,3677,3471
MADAME ROSE,0.0012496094970321774,0.0,0.3365045992115637,0.00029170770280875937,5271,4067,5915,5908
MADAME SLAY,0.0006248047485160887,0.0,0.36607959743824336,0.0009761580032942517,6020,4067,4129,4633
MADAME WEB / CASSANDRA,0.007497656982193065,0.00020544856971263634,0.37883898455529913,0.0032905987585387575,1588,604,2899,2525
MADCAP,0.013120899718837863,6.900883943722763e-05,0.4210734017363852,0.010638725180178048,882,1011,1153,967
"MADDEN, CHET",0.0028116213683223993,9.350453764395447e-07,0.38314680710994076,0.0020261877272691234,3463,3031,2635,3317
"MADDICKS, ARTHUR ART",0.0359262730396751,0.0009217287025863998,0.4648899862028901,0.025717841035958536,265,259,397,315
"MADDICKS, NADINE",0.0006248047485160887,0.0,0.3525136281041793,0.0005422634322853107,6020,4067,4960,5386
"MADDICKS, PROFESSOR",0.005467041549515776,7.990179465725303e-07,0.3899378730661469,0.006286379537722262,2133,3082,2250,1583
MAD DOG / COLONEL BUZZ,0.030459231490159323,0.000632901318820361,0.47362580454242803,0.02515189337497216,324,317,298,331
"MADISON, TAYLOR",0.004061230865354577,5.543695328130217e-07,0.3901755241345685,0.0048635184510047525,2650,3200,2241,1948
MADMAN / PHIL STERNS,0.0021868166198063103,6.027848742063342e-07,0.36069637726069076,0.0015629897950250778,4042,3160,4464,3776
"MADSDEN, TREVOR",0.0010934083099031551,0.0,0.34746268656716417,0.0009237010064721804,5492,4067,5290,4718
MAD VIKING / KNUT CAIN,0.0007810059356451108,0.0,0.36867261733371726,0.0012575653502405306,5841,4067,3817,4199
MAELEN,0.005310840362386754,9.642996220038463e-07,0.42487390496416244,0.007164031887217988,2184,3018,1056,1410
MAELSTROM / MALCOLM ST,0.018431740081224616,8.523575302818315e-05,0.4328600405679513,0.01559755378405346,623,918,912,658
MAESTRO,0.0012496094970321774,9.047497276324098e-07,0.35635958808794876,0.0010329521300370258,5271,3037,4719,4507
MAGDALENE / MARISSA DA,0.018587941268353638,0.00011028147773974533,0.45151280062063615,0.018488053879124944,620,817,581,519
MAGGOTT / JAPHETH,0.014214308028741018,0.00010734525091738978,0.4393658637018736,0.012318483557243725,803,826,785,847
MAGIC,0.009684473601999375,4.4342807241947776e-05,0.4209626512361915,0.008237094767333851,1251,1201,1155,1252
MAGIK / ILLYANA RASPUT,0.04561074664167448,0.0005629770099110602,0.488180570382797,0.03669490953812904,187,344,170,166
MAGMA / AMARA AQUILLA / ,0.035770071852546076,0.0004974967966506278,0.47929924384218014,0.031105549396427824,267,372,247,232
MAGMA II / JONATHAN DA,0.0021868166198063103,3.007456979591562e-06,0.393412400909482,0.0025131478343727014,4042,2555,2109,2951
MAGNESIUM,0.003436426116838488,0.0,0.34125799573560767,0.0012619172667664225,3010,4067,5745,4185
MAGNETO / MAGNUS / ERIC,0.0859106529209622,0.002375731178201175,0.5082565893934582,0.057238628370662153,64,134,68,59
MAGNETO | MUTANT X-V,0.013745704467353952,1.7038229554814056e-05,0.3489208633093525,0.0006002960957010521,843,1663,5221,5261
MAGNIR,0.004529834426741643,8.817869239173289e-07,0.3732509328358209,0.003040557176518249,2437,3046,3313,2651
MAGNOR,0.0014058106841611997,0.0,0.30124223602484473,5.2012512373024525e-05,5057,4067,6341,6349
"MAGNUM, MOSES",0.0060918462980318645,9.557612299387159e-06,0.4429530201342282,0.008687019410246518,1940,1951,718,1175
MAGNUS,0.007966260543580132,2.6285810901525544e-05,0.41593035343035345,0.008106733142092908,1509,1457,1281,1272
MAGOG,0.0015620118712902217,0.0,0.36607959743824336,0.001540642638656775,4812,4067,4129,3822
MAGOG II,0.006248047485160887,6.478686806685707e-06,0.3985308764940239,0.0069317604247147195,1895,2167,1874,1454
"MAGRUDER, ALLIE",0.014058106841611996,5.390961010576785e-05,0.45925394548063125,0.01672457863886986,813,1120,470,608
MAGUIRE,0.005310840362386754,4.4622370704517365e-06,0.37643323337449286,0.0024383998891785697,2184,2373,3082,2997
MAGUS,0.030459231490159323,6.971545885757004e-05,0.47868999551368324,0.030158580899072075,324,1008,254,240
MAGUS II,0.009059668853483286,1.1589038036662553e-05,0.42515606322220745,0.009919901927506447,1347,1857,1048,1055
MAHA YOGI,0.0060918462980318645,6.005308225616184e-05,0.3977879955262831,0.005219809859366068,1940,1077,1899,1858
MAHKIZMO,0.0032802249297094657,1.0197331928562175e-05,0.3753517823639775,0.002808528717820775,3094,1912,3188,2779
"MAHONEY, GINNY",0.0007810059356451108,0.0,0.34391619661563255,0.0005767622696719906,5841,4067,5572,5338
MAINFRAME / IAN WAJLER,0.002967822555451421,1.4599631005919784e-06,0.3533697632058288,0.000633736304685902,3351,2876,4891,5201
MAINFRAME II,0.005935645110902842,1.5405917720921262e-06,0.4180488441948544,0.0075694687542920205,1994,2848,1233,1342
MAINSPRING,0.002499218994064355,4.616815707661473e-05,0.39363010329562226,0.0018805905885691003,3730,1185,2096,3452
"MAJCOMB, RENEE",0.0060918462980318645,3.337203904136625e-06,0.3861045775284965,0.005496746264512489,1940,2512,2469,1769
MAJESTON ZELIA,0.005935645110902842,2.517332194909576e-05,0.4069671349564554,0.004136272854341632,1994,1472,1567,2177
MAJOR DOMO,0.014682911590128085,0.00014538183743065743,0.42660091957086693,0.013050237782037014,776,707,1018,815
MAJOR LOVE,0.0014058106841611997,0.0,0.37089392271594923,0.0013687326438686779,5057,4067,3546,4025
MAJOR MAPLELEAF / LOUI,0.0014058106841611997,0.0,0.34334441703314383,0.0012684363085525379,5057,4067,5605,4162
MAJOR VICTORY / MAJ. V,0.006560449859418931,2.3519345088805076e-05,0.3938722775932078,0.005620869948129947,1811,1518,2082,1719
"MAJOWSKI, SAM MOTHER",0.009684473601999375,3.193346661726783e-05,0.4166883624056235,0.007191680700041124,1251,1352,1261,1404
MAKKARI / MIKE KHARY / I,0.04764136207435176,0.001865070161862492,0.470873786407767,0.030705984143004128,172,168,326,235
MAKO,0.005467041549515776,1.0581077346744414e-05,0.3890374331550802,0.0030173877511338364,2133,1896,2297,2656
MALACHI,0.006404248672289909,5.731336585049065e-06,0.3985556869825064,0.005752322605523772,1854,2235,1872,1685
MALAN Sometimes spel,0.004061230865354577,1.909114388791456e-06,0.3489779231398201,0.0008488080514325019,2650,2762,5220,4848
MALEKITH / MALCOLM KEI,0.011871290221805685,5.5285097896654816e-05,0.40980668288311356,0.008820811893889322,1000,1114,1471,1163
MALEVOLENCE,0.002499218994064355,0.0,0.3541908713692946,0.0008778693727785987,3730,4067,4844,4802
MALICE II,0.0006248047485160887,0.0,0.3332812744026238,0.0003045198090624335,6020,4067,6015,5866
MALICE III,0.012496094970321774,1.9286973402903174e-05,0.44240204547025086,0.01629948120476841,931,1604,732,623
MALICE IV,0.010309278350515464,5.892153084810063e-06,0.3885180240320427,0.008590143604250778,1172,2219,2328,1189
MALICE,0.0010934083099031551,0.0,0.34325237252694224,0.0003513354160042098,5492,4067,5612,5757
MALICE V / NAKIA,0.014058106841611996,0.00021156141847968136,0.44051469070391525,0.01048951253064427,813,592,760,979
"MALONE, JULIUS",0.0015620118712902217,0.0,0.33542911034265954,0.00028063038596716163,4812,4067,5942,5928
MALOVICK / ,0.001718213058419244,8.492985847621892e-08,0.34255444379046496,0.0006345794856025645,4561,3641,5651,5198
"MALPHER, KATHY",0.005779443923773821,3.9839739568721886e-05,0.3945762711864407,0.0030850763423459823,2050,1256,2061,2629
MALPRACTICE,0.0018744142455482662,0.0,0.3242832539762942,0.00017367326890623428,4385,4067,6219,6154
MALTESE,0.005154639175257732,4.820755300454215e-05,0.38894289185905223,0.0025855491052729574,2237,1162,2305,2913
MALTZ,0.0014058106841611997,0.0,0.3242011444776422,0.00013191816688057337,5057,4067,6224,6245
"MALUS, DR. KARL",0.010309278350515464,2.653077609082551e-05,0.41054251635244327,0.009793810523701426,1172,1449,1450,1071
MAM'SELLE HEPZIBAH,0.025616994689159636,0.00011962378371329591,0.45295033253148437,0.024727402160324912,399,780,551,342
MANACLE / ,0.002655420181193377,0.0,0.36894882434301524,0.0016278415940289793,3591,4067,3798,3712
MAN-APE / M'BAKU,0.019056544829740705,0.0001216974983176766,0.427369826435247,0.01366007641512349,598,775,998,768
MANAT,0.0031240237425804434,0.0,0.3602701181767023,0.0015433105318114026,3214,4067,4494,3818
MAN-BEAST,0.019212746016869727,0.0002264589184594042,0.44224924012158057,0.015009392618409508,589,564,735,692
MANBOT / BERNIE LACHEN,0.011558887847547642,9.505494836020344e-05,0.3863375776959749,0.005054075175872476,1023,867,2459,1902
MAN-BULL / BULL TAURUS,0.004061230865354577,5.762512306127134e-06,0.38605801121630584,0.003001777974634222,2650,2231,2471,2667
MANDARIN,0.0373320837238363,0.0008389132818820414,0.47506678539626,0.030709358132178104,247,273,286,234
"MANDARIN, JAMES",0.002499218994064355,1.0205372210212822e-06,0.3638740479708992,0.0015638408870931855,3730,2995,4285,3775
MANDRILL / HENSLEY FAR,0.008278662917838176,1.061321408244783e-05,0.41922598389103527,0.00832461340317893,1467,1894,1205,1236
"MANELLI, DINO",0.0060918462980318645,5.373987974749756e-05,0.42952029520295204,0.006787096347408815,1940,1121,964,1484
MANGLER / ,0.003436426116838488,0.0,0.379985754985755,0.002347759625947272,3010,4067,2834,3056
MANGOG,0.0060918462980318645,2.3405891295416923e-06,0.3673399127840257,0.00310281372353181,1940,2684,3980,2616
"MANH, COY LEONG XUI",0.009215870040612308,2.629800349890922e-05,0.41895163929062235,0.00961566288002786,1318,1455,1210,1090
"MANH, COY NGA",0.009215870040612308,2.629800349890922e-05,0.41895163929062235,0.009615662880027864,1318,1455,1210,1089
"MANH, COY TRANH",0.002967822555451421,8.265391002733252e-08,0.4089950808151792,0.0045750594989140995,3351,3649,1504,2039
MANIKIN / DR. WHITMAN,0.01499531396438613,8.660738400167156e-05,0.44012099546267014,0.01532073961288001,759,909,769,670
MANIPULATOR / ,0.0031240237425804434,1.789888296511144e-06,0.41085868309587986,0.004165838217183072,3214,2794,1437,2169
MANIPULATOR II,0.00359262730396751,0.0,0.3996504151320307,0.003615204246913312,2918,4067,1822,2390
MANITOU,0.007653858169322086,0.0,0.4419744563341388,0.010273979133203536,1561,4067,738,1004
MAN-KILLER / KATRINA L,0.022649172133708217,0.0001988347457743415,0.44706703910614526,0.013716200938843931,474,615,652,762
MAN-MOUNTAIN MARKO,0.0067166510465479536,2.3196526992575984e-05,0.4096231364770619,0.004747421469096401,1774,1530,1483,1981
"MANN, DR. J. VERNON",0.00359262730396751,4.372289642538543e-06,0.40375882946518665,0.0033039533684972623,2918,2381,1670,2522
"MANNING, DR.",0.0020306154326772885,3.859377552357325e-08,0.37937777777777776,0.0014951302018002034,4200,3793,2860,3871
"MANNING, ERIKA",0.0010934083099031551,0.0,0.3516230021420333,0.0007720481426280212,5492,4067,5049,4962
"MANNING, JANICE",0.0006248047485160887,9.434459926741104e-08,0.29360238477413436,2.417597228127317e-05,6020,3626,6356,6367
MAN-OF-WAR,0.0014058106841611997,0.0,0.35497643471028556,0.0009456245670990573,5057,4067,4787,4673
"MANOLIS, LT. NICK",0.00718525460793502,2.08243647251758e-05,0.4044986415618879,0.005797038430318749,1664,1577,1643,1678
MANSLAUGHTER,0.004061230865354577,3.3281807952085434e-06,0.3917752891499908,0.0039378626369360155,2650,2513,2174,2246
MAN-SPIDER CLONE | M,0.0010934083099031551,0.0,0.34437869822485206,0.0002869471878746859,5492,4067,5536,5918
MAN-SPIDER | MUTANT,0.010621680724773508,2.2464348885203253e-06,0.34551243995898323,0.0003937337966719833,1131,2694,5392,5635
MANTA,0.008747266479225241,3.984648003460726e-05,0.4136193306628763,0.007713846161396961,1390,1255,1354,1320
MAN-THING / THEODORE T,0.031240237425804434,0.002235686537774585,0.48342520576908554,0.025501433117838316,312,143,204,322
MANTIS / ? BRANDT,0.02374258044361137,0.0001242717191610303,0.4593528018942384,0.02208500147437581,439,768,468,406
MANTIS (SPACE PHANTO,0.005935645110902842,1.569538934935506e-06,0.39729427826734515,0.00632246148941921,1994,2841,1926,1578
"MANTLO, BILL",0.0010934083099031551,0.0,0.3160232994372594,0.0001439010765919071,5492,4067,6319,6234
"MANTONE, JORGE",0.0012496094970321774,0.0,0.3323642404734711,0.00021974668385120154,5271,4067,6034,6066
MANX,0.0010934083099031551,0.0,0.3307330681407243,0.0003163474358025893,5492,4067,6074,5834
MARAUDER II,0.00015620118712902218,0.0,0.34191412091433454,0.00025459647730846646,6354,4067,5716,5988
MARAUDER,0.0031240237425804434,1.0704978417146111e-05,0.3935091277890467,0.0025753969390078305,3214,1888,2106,2917
MARAUD,0.0018744142455482662,0.0,0.32058087130696045,0.0006098631207967222,4385,4067,6268,5243
"MARCEAUX, BELIZE",0.003436426116838488,3.355370954906077e-06,0.3576336517512988,0.0009328464633419023,3010,2504,4662,4690
"MARCEAUX, THEOREN",0.005154639175257732,4.943477256530528e-06,0.3668137282988598,0.0015436873639425941,2237,2317,4039,3813
MARCHALLA II,0.00046860356138706655,0.0,0.3257186466547952,0.00011474319948367914,6167,4067,6200,6301
MARCHALLA,0.00046860356138706655,0.0,0.3257186466547952,0.00011474319948367925,6167,4067,6200,6300
MARGOYLE,0.0078100593564511085,2.543368394503833e-06,0.39460059171597633,0.006470113042209406,1526,2651,2055,1541
MARIK,0.0012496094970321774,0.0,0.3593600898119562,0.0009540015977678314,5271,4067,4548,4662
MARILLA [INHUMAN],0.009215870040612308,2.295965025043578e-05,0.4146641621866701,0.00984386320085747,1318,1536,1318,1064
"MARIN, DR.",0.003436426116838488,9.013551032599581e-06,0.379557716250667,0.00144381876160231,3010,1980,2855,3941
MARIONETTE / MARI,0.005623242736644799,3.122671002513031e-05,0.36924674126196794,0.0020627025804938553,2087,1361,3764,3284
MARISSA (OF GENE-TEC,0.001718213058419244,0.0,0.35006561679790027,0.0012802166920005105,4561,4067,5166,4145
MARISTA,0.0015620118712902217,0.0,0.3462786672436175,0.0015396532866631648,4812,4067,5352,3826
MARITA,0.00359262730396751,2.7741550363699602e-05,0.3796702645000593,0.0017512610983031877,2918,1433,2850,3565
MARKED MAN,0.0007810059356451108,0.0,0.33030646992054485,0.00031413768518083793,5841,4067,6078,5840
"MARKO, KURT",0.005935645110902842,3.0636980534802148e-06,0.387038268544828,0.006402225617890997,1994,2548,2416,1561
"MARKS, DR. SHIELA",0.00015620118712902218,0.0,0.35170026918639785,0.00033722403510878487,6354,4067,5031,5790
"MARLES, DR. THOMAS",0.0028116213683223993,0.0,0.3877884790114483,0.0021068848580434586,3463,4067,2361,3233
"MARLEY, MITCH MADMAN",0.0023430178069353325,5.528790324494729e-06,0.33824694880329687,0.0003825891513016018,3856,2258,5853,5678
"MARLOPOLIS, EDGAR",0.00015620118712902218,0.0,0.3371780692052457,0.00021335727080273588,6354,4067,5876,6082
"MARLOWE, STEVE JR.",0.0014058106841611997,0.0,0.3420419939092803,0.0002927483212229793,5057,4067,5706,5905
"MARLOWE, STEVE",0.0014058106841611997,0.0,0.3420419939092803,0.0002927483212229802,5057,4067,5706,5902
"MARRERO, ED",0.007497656982193065,4.739745528167732e-06,0.4034534913032518,0.0054916140179157,1588,2338,1677,1770
MARRINA / MARRINA SMAL,0.018900343642611683,0.0001423786550026314,0.45790715971675844,0.01833441175526385,606,717,483,528
MARROW / SARAH,0.037800687285223365,0.0008397094766083059,0.4803781796353268,0.028508727301327814,241,272,236,266
"MARRS, DESMOND",0.009528272414870352,6.205963797936015e-05,0.4193907631837537,0.007438593159060056,1270,1067,1192,1373
"MARRS(-PAYNE), PHOEB",0.015463917525773195,0.00019336081974055374,0.4406359694404295,0.012407334757319137,735,627,754,843
"MARSHALL, GRANT",0.0015620118712902217,1.3579140824195433e-05,0.3525330396475771,0.00038790369610812035,4812,1769,4954,5661
"MARTELL, SHIELD AGEN",0.0020306154326772885,2.607254205209337e-06,0.37447356106691626,0.0014317966142848746,4200,2633,3233,3954
MARTHA,0.008122461730709154,6.7346006580861444e-06,0.41125457698978607,0.005779531547268057,1488,2147,1422,1680
"MARTIN, ASHLEY",0.007497656982193065,7.611912890352872e-06,0.4059349438843447,0.00797125566516511,1588,2082,1606,1285
"MARTINELLI, VINCENT",0.008747266479225241,0.00010735865019435097,0.42512783053323594,0.007247010865844816,1390,825,1049,1397
MARTINEX,0.006560449859418931,2.3519345088805076e-05,0.3938722775932078,0.005620869948129947,1811,1518,2082,1719
"MARTINEZ, AKASHA",0.0010934083099031551,9.708570273417998e-09,0.36769858135661365,0.0010375743365749436,5492,3960,3930,4493
"MARTINEZ, ALITHA",0.0060918462980318645,0.0,0.4142616798239938,0.005241954227361039,1940,4067,1327,1838
"MARTINEZ, CARMELLO",0.002655420181193377,0.0,0.3814119749776586,0.002914662508901228,3591,4067,2753,2709
"MARTINEZ, ISADORA",0.006248047485160887,1.2119906233804607e-06,0.3825286806883365,0.0035942754604651596,1895,2939,2682,2404
"MARTINEZ, LINETTE",0.0031240237425804434,8.015958516168326e-08,0.3515650741350906,0.0005986890168535668,3214,3663,5066,5264
"MARTINEZ, MR.",0.0010934083099031551,9.708570273417998e-09,0.36769858135661365,0.0010375743365749434,5492,3960,3930,4494
"MARTINEZ, MRS.",0.0009372071227741331,0.0,0.36765634870499053,0.0009095764916306336,5676,4067,3940,4752
MARTINS,0.0006248047485160887,0.0,0.33488518072919393,0.0003848706798054815,6020,4067,5989,5670
"MARTIN, TERI",0.00718525460793502,8.17866687084734e-06,0.405318138651472,0.007446851479221482,1664,2048,1620,1372
"MARTS, MR.",0.0028116213683223993,3.706057985548641e-07,0.38243727598566307,0.001970213959868196,3463,3302,2689,3377
MARVEL BOY III / ROBER,0.0028116213683223993,3.7269814178601186e-06,0.3958938841135366,0.004309950009155072,3463,2465,2011,2121
MARVEL BOY / MARTIN BU,0.0006248047485160887,0.0,0.2983224603914259,6.674294746245722e-05,6020,4067,6352,6331
MARVEL BOY VII / DAVID,0.0006248047485160887,0.0,0.33910694422374066,0.0002847762271882241,6020,4067,5838,5920
MARVEL BOY VIII / NOH-,0.0007810059356451108,3.2536830105508966e-08,0.2655219609306955,1.6590668301604379e-06,5841,3816,6384,6400
MARVEL BOY VI,0.009059668853483286,2.84264925760351e-05,0.42160026341784657,0.008329516948090428,1347,1413,1143,1234
MARVEL GIRL DOPPELGA,0.012496094970321774,4.5455953049974367e-07,0.44907407407407407,0.017846648885840324,931,3247,620,551
MARVEL GIRL II / VALER,0.01077788191190253,4.3565307195105895e-05,0.4262316910785619,0.009426348623994744,1109,1213,1026,1106
MARVEL GIRL / JEAN GRE,0.16588566073102154,0.01332607048962913,0.5375766227223109,0.08002286578593684,23,24,27,28
MARVEL WOMAN | MUTAN,0.010153077163386441,6.521299210766006e-06,0.34545650766242175,0.0003791779208289652,1193,2162,5396,5683
MARX,0.007029053420805998,5.985825096377814e-06,0.44270797316921373,0.00997583288044334,1704,2210,724,1050
"MARX, DR.",0.0014058106841611997,0.0,0.36241154825926974,0.0012542215950500162,5057,4067,4376,4202
MASKED MARAUDER / FRAN,0.0023430178069353325,8.30920639354882e-07,0.38965307364576995,0.0022148521903171832,3856,3074,2268,3164
"MASON, JOHN",0.0007810059356451108,0.0,0.3707650431458852,0.0009941438444444274,5841,4067,3564,4601
"MASON, LOUISE",0.01640112464854733,0.0006965462757857055,0.44087872736037464,0.01071465121462714,701,300,751,960
"MASON, WANDA",0.004217432052483598,2.2587524518744535e-05,0.4222119633317945,0.0047308957512345725,2569,1542,1122,1984
MASQUE,0.020306154326772883,7.160075668377998e-05,0.4038352362328897,0.013437604751154514,544,995,1668,780
MASTERBLASTER / ,0.0006248047485160887,0.0,0.38089005235602097,0.0009811636000040538,6020,4067,2792,4628
MASTER ELO,0.0018744142455482662,0.0,0.3593600898119562,0.001448095922227482,4385,4067,4548,3925
MASTER / ESHU,0.022336769759450172,0.00020866449814698878,0.4596166271807021,0.017723323418471527,485,596,463,564
MASTER FOUR,0.0006248047485160887,0.0,0.2631211212034031,7.120740866417299e-06,6020,4067,6398,6385
MASTER KHAN / TYRONE K,0.01140268666041862,0.00014722414597612713,0.4423714759535655,0.00897653647739321,1037,700,733,1145
MASTER LINK / WILLIS H,0.002967822555451421,1.139937740476403e-05,0.3598853223902412,0.001223643826781472,3351,1862,4521,4241
MASTER MAN II / ALEXAN,0.001718213058419244,0.00039887429985238,0.3721227621483376,0.0007012101174087325,4561,421,3408,5091
MASTER MAN / WILHELM L,0.008747266479225241,4.741556917585252e-05,0.4080305927342256,0.005105068842829667,1390,1170,1540,1890
MASTER MENACE / DR. EM,0.005154639175257732,1.837882830177297e-05,0.35919878808281436,0.0012074647267739222,2237,1624,4558,4273
MASTERMIND II / BOWERS,0.00031240237425804435,0.0,0.36116439128963107,0.00042795852352672445,6269,4067,4447,5571
MASTERMIND III,0.0021868166198063103,2.6360644958944014e-05,0.38248297287609034,0.0013862409175051452,4042,1453,2686,3986
MASTERMIND IV / MARTIN,0.0023430178069353325,3.1499158675244835e-07,0.3851058710298364,0.00301563390964549,3856,3349,2533,2657
MASTERMIND / JASON WYN,0.027647610121836926,0.00017459278902945334,0.4624386015602427,0.025453103892472382,365,657,436,325
MASTERMIND V,0.0015620118712902217,0.0,0.35693577163247103,0.001261981207449035,4812,4067,4700,4178
MASTER MOLD,0.00999687597625742,1.8083978738768667e-05,0.40127867619405794,0.009099416809236798,1215,1633,1755,1135
MASTER MOLD II,0.031240237425804434,0.0009899862520336628,0.4733456561922366,0.02383943904735686,312,248,300,366
MASTER MOLD III,0.001718213058419244,1.0023693993564706e-06,0.3625141562853907,0.0012986907723129052,4561,3002,4373,4115
MASTER MONARCH / ,0.0020306154326772885,0.0,0.38211770323504834,0.0015555820929841113,4200,4067,2706,3787
MASTER OM,0.0018744142455482662,1.0808097021223329e-07,0.3753297766312951,0.0013585866309285294,4385,3595,3189,4047
MASTER ORDER,0.01874414245548266,8.376734581299849e-05,0.46801666788507934,0.020756075266255534,611,923,356,451
MASTER PANDEMONIUM / M,0.006560449859418931,4.419530657066804e-06,0.4076927975546074,0.008125693254806872,1811,2378,1550,1269
MASTER PROGRAMMER,0.0032802249297094657,1.078532229255335e-07,0.3515843813498819,0.0006052989068585601,3094,3598,5061,5255
"MASTERS, ALICIA REIS",0.07450796626054358,0.0033239937549309354,0.5046507961532398,0.05275365887208135,83,95,78,74
"MASTERS, DR. AUGUST",0.005467041549515776,2.69260164151697e-06,0.4127659574468085,0.005472685163954356,2133,2613,1376,1773
"MASTERSON, KEVIN",0.019837550765385816,0.00027634035136272735,0.44644351464435145,0.016285804323081854,563,511,662,624
MASTER TWELVE,0.0010934083099031551,0.0,0.3523972037210326,0.00035743023753518824,5492,4067,4971,5739
MASTER ZEI,0.0039050296782255542,9.943902768637327e-07,0.3711304347826087,0.0018100053829326838,2721,3007,3522,3520
MASTIFF,0.00046860356138706655,0.0,0.339268680445151,0.00022064578124219897,6167,4067,5832,6052
"MASTIFF, MINNIE",0.00046860356138706655,0.0,0.339268680445151,0.00022064578124219878,6167,4067,5832,6053
MASTON-DAR,0.001718213058419244,0.0,0.33705380646519956,0.0010334128686272986,4561,4067,5880,4504
MATADOR / MANUEL ELOGA,0.0031240237425804434,6.992712516899083e-06,0.3859416445623342,0.002211689202955363,3214,2129,2481,3165
MATHEMANIC / THOMAS SO,0.007497656982193065,2.4472111895836207e-05,0.3823230815168707,0.004408557172323743,1588,1488,2695,2086
MAULER / BRENDAN DOYLE,0.003436426116838488,5.119054556802299e-06,0.39496575976309456,0.003195281993685904,3010,2295,2039,2570
MAUVIUS,0.0014058106841611997,0.0,0.3853144748721035,0.0018881252201362031,5057,4067,2520,3442
MAVERICK / CHRISTOPHER,0.008122461730709154,7.220320447318612e-05,0.3946492417704352,0.007031015465164517,1488,992,2052,1436
MAX II,0.001718213058419244,4.4932161167654525e-07,0.3588565022421525,0.0011645624424451904,4561,3251,4580,4329
"MAXIMOFF, DJANGO",0.006560449859418931,3.0728866898327665e-06,0.4115983026874116,0.008273029826062563,1811,2547,1406,1248
MAXIMUS [INHUMAN],0.027803811308965948,0.0004559798344283395,0.4552695206940691,0.020381038616096345,363,397,513,462
MAX,0.00031240237425804435,0.0,0.358936981385961,0.00040561048866149174,6269,4067,4575,5618
MAXOV,0.005935645110902842,1.2703967184514574e-05,0.38596491228070173,0.003757939160483728,1994,1806,2479,2334
"MAXWELL, DR. WILFRED",0.008591065292096219,2.912452396910151e-05,0.4051898734177215,0.007066825820191036,1414,1394,1628,1424
"MAXWELL, MORRIS",0.005154639175257732,2.216479942579129e-05,0.3826887440970769,0.002521375753753306,2237,1554,2673,2945
MAXXAM,0.0010934083099031551,0.0,0.3425727739726027,0.0010259049227036461,5492,4067,5649,4523
"MAYE, APRIL",0.004842236800999687,3.908010279024696e-06,0.37581449955972995,0.0030973246144776804,2327,2437,3147,2620
MAYHEM / DET. BRIGID O,0.008434864104967197,7.914428723240835e-05,0.41911620294599017,0.00638143253635169,1439,953,1207,1566
"MCBRIDE, BEATRICE",0.0014058106841611997,0.0,0.3696518274727178,0.0009977383735383096,5057,4067,3725,4591
"MCBRIDE, MARTHA",0.0012496094970321774,0.0,0.36740315638450505,0.000810897939119064,5271,4067,3968,4903
"MCCABE, LINDSAY",0.016557325835676352,0.0002740519261487677,0.44554248729904655,0.01646323001261715,693,513,679,614
"MCCABE, NINA",0.0020306154326772885,6.019277138715982e-06,0.37207950714866905,0.001100906351154162,4200,2207,3412,4406
"MCCALL, MEREDITH | T",0.0039050296782255542,0.0,0.38771802325581395,0.003517393750815408,2721,4067,2369,2436
"MCCAMBRIDGE, MEGAN",0.002499218994064355,1.2046851532566038e-07,0.36822730932934544,0.0021751106797621906,3730,3580,3866,3188
"MCCORMICK, BARRY",0.0010934083099031551,0.0,0.3814119749776586,0.0012942579266322163,5492,4067,2753,4125
"MCCORMICK, FIONA",0.0014058106841611997,0.0,0.32643279624719557,0.0001548667781957027,5057,4067,6177,6214
"MCCOURT, ALLISON",0.0032802249297094657,8.089302818854782e-07,0.3973189350214113,0.0036089745678785415,3094,3081,1925,2393
"MCCOY, EDNA ANDREWS",0.010621680724773508,3.6367384369908785e-05,0.41287243647620275,0.0084443539060775,1131,1296,1374,1213
"MCCOY, NORTON",0.009215870040612308,2.6717701620223117e-05,0.40852530151234767,0.007475824569936191,1318,1446,1524,1358
"MCCULLOUGH, DR. ANDR",0.0012496094970321774,0.0,0.36769858135661365,0.0009682891624085272,5271,4067,3930,4643
"MCDONNELL, OSCAR",0.001718213058419244,0.0,0.3727727960871084,0.0013791252799272152,4561,4067,3348,4005
"MCDOWELL, SCOTTY",0.0023430178069353325,3.6121038473224923e-06,0.3783240751684198,0.001258462765926925,3856,2478,2937,4195
"MCELROY, JAMES",0.0032802249297094657,4.842243440089914e-08,0.40185801267968113,0.005390236858330657,3094,3751,1728,1796
"MCGIVENEY, BULL",0.0015620118712902217,0.0,0.3771206409048068,0.0011593956828339694,4812,4067,3042,4339
"MCGRILL, MARY",0.0018744142455482662,1.6864691954156302e-06,0.3670450636394909,0.0008987098640167878,4385,2815,4017,4770
"MCHELE, JEREMY",0.0007810059356451108,0.0,0.33116076970825575,0.0001571543014789175,5841,4067,6047,6200
"MCKEEVER, TINY",0.007497656982193065,4.1548016967254115e-05,0.44012099546267014,0.009105033361648219,1588,1246,769,1134
"MCKENNA-DRAKE, MARLE",0.002967822555451421,1.9786802297218356e-05,0.3574539363484087,0.000741118429124029,3351,1598,4671,5011
"MCKENZIE, LEONARD",0.0009372071227741331,0.0,0.3675086107921929,0.0010945390395350324,5676,4067,3958,4413
"MCKENZIE, LEON",0.0018744142455482662,0.0,0.35444579780755175,0.0010850567427161102,4385,4067,4828,4424
"MCKENZIE, LYDIA",0.006404248672289909,1.2739846331983768e-05,0.41431529899042197,0.005249616201658275,1854,1804,1325,1831
"MCKENZIE, SCARLETT",0.001718213058419244,9.88234374124307e-08,0.36618429331350455,0.0015020400289144761,4561,3615,4114,3866
"MCKNIGHT, BOB",0.0012496094970321774,0.0,0.3867576874282607,0.001856868585145005,5271,4067,2434,3477
"MCLAREN, MEGAN",0.021711965010934083,0.00016136896012948883,0.4627059843885516,0.023342677127726405,501,683,431,373
MCLEISH,0.00031240237425804435,0.0,0.357813547954393,0.0003857491393187634,6269,4067,4651,5667
"MCMURRAY, YVONNE",0.0012496094970321774,0.0,0.317260518360672,0.0001275719777764405,5271,4067,6310,6260
"MCNAIR, TAD",0.0007810059356451108,0.0,0.3676352360169978,0.0009887058424121024,5841,4067,3941,4615
"MCPHAIL, NATALIE",0.0012496094970321774,0.0,0.34886382213503353,0.0006566051899809753,5271,4067,5223,5166
"MCPHEE, LOUIE",0.0031240237425804434,3.836966970026655e-06,0.3776100035389878,0.0023112805078075987,3214,2446,2999,3084
"MCPHERSON, LING",0.004686035613870665,2.0172374511230065e-06,0.3953316042978881,0.003925945149686657,2377,2735,2028,2247
"MCSHANE, PATRICK",0.00046860356138706655,0.0,0.33112651287886624,0.00015589711474766027,6167,4067,6053,6210
M'DAKA,0.007341455795064043,3.515251605172525e-06,0.38887201603595944,0.005125927999335561,1640,2485,2308,1885
"MEACHUM, HAROLD",0.0014058106841611997,2.033551881594311e-08,0.3395205770046669,0.00040684870215445173,5057,3893,5813,5614
"MEACHUM, JOY",0.011558887847547642,0.00027877180118727075,0.4232727272727273,0.0067238889779029885,1023,507,1098,1496
"MEACHUM, WARD",0.006872852233676976,2.3773838807721335e-05,0.37238250348999535,0.0028619757547139802,1733,1507,3380,2748
"MEAGHER, TYLER",0.0023430178069353325,1.5940321466485389e-06,0.3332118877843127,0.00029864453498418736,3856,2833,6018,5883
MEANY,0.012652296157450796,8.706483510246229e-05,0.43735482989479435,0.01107270734687109,912,905,821,933
MEATMARKET,0.002655420181193377,8.222746566441612e-08,0.35639926515615433,0.0007120696875882913,3591,3654,4718,5063
MECHADOOM,0.002967822555451421,6.9995750722414466e-09,0.3965068747677443,0.0038544617028587404,3351,3993,1978,2291
MECHAMAGE / ,0.012808497344579818,1.0088681423900198e-05,0.45349578522348943,0.01587036512298882,904,1920,541,639
MEDEA,0.004842236800999687,3.625886070440949e-07,0.3716475095785441,0.0019233903330503506,2327,3306,3467,3414
"MEDINA, ANALISA MARI",0.00499843798812871,4.368834456019391e-05,0.38296345037985285,0.002316446608761602,2281,1210,2654,3082
MEDUSA II,0.0014058106841611997,0.0,0.37641110065851363,0.0010132181839843358,5057,4067,3084,4558
MEDUSA / MEDUSALITH AM,0.07232114964073727,0.0024772330943948384,0.5030645921735031,0.05089171400155192,87,131,82,80
MEDUSA | MUTANT X-VE,0.004217432052483598,0.0,0.34474959612277867,0.0003220150927605295,2569,4067,5474,5823
MEEK,0.003436426116838488,9.325983668363787e-08,0.3780783086281226,0.0033565364653521438,3010,3630,2965,2501
"MEER, MAX",0.001718213058419244,0.0,0.3560226893560227,0.0010476800417751231,4561,4067,4737,4478
MEGA MAX / ,0.0015620118712902217,0.0,0.3627606527651859,0.0005791092579147964,4812,4067,4357,5331
MEGATAK,0.002499218994064355,1.3769774710064639e-08,0.36130707150516395,0.0021066020161075788,3730,3917,4443,3236
MEGGAN 2013,0.0012496094970321774,0.0,0.3367169831168148,0.0002181053035075347,5271,4067,5897,6069
MEGGAN,0.05107778819119025,0.0012959001587068257,0.4810640216411181,0.03374078151059021,159,212,226,201
"MELLACE, LUCY SANTIN",0.0032802249297094657,6.526167783860198e-05,0.37210113339145595,0.0010413247164000495,3094,1041,3409,4491
"MELLACE, TONY",0.0009372071227741331,0.0,0.35873585117113077,0.0006226724663057223,5676,4067,4585,5220
MELLENCAMP,0.008591065292096219,2.9104432764053654e-06,0.39628597957288764,0.00829634046747306,1414,2573,1991,1246
MELONIE,0.0020306154326772885,0.0,0.35245540629817224,0.00036478107730346696,4200,4067,4964,5732
MELTER / BRUNO HORGAN,0.03155263980006248,0.0001454531713685251,0.4799100449775112,0.03128631706345827,310,706,240,227
MELTER II / BRUNO HORG,0.0010934083099031551,0.0,0.34065875591975736,0.00026365560606268,5492,4067,5777,5973
"MELTON, LORRIE",0.0032802249297094657,9.101078072152833e-08,0.4110169491525424,0.0056129125690438895,3094,3632,1427,1725
MEMBRAIN / ,0.00359262730396751,2.6773367348763053e-07,0.3478213625991525,0.0012876150859305964,2918,3398,5265,4130
MEME,0.0015620118712902217,0.0,0.3663100074383475,0.002344646536616707,4812,4067,4102,3059
"MENDELSON, DR. MACK",0.001718213058419244,2.7281497404524204e-06,0.3561415220293725,0.0005953151820047934,4561,2606,4724,5278
MENDICUS,0.003436426116838488,2.772650648731869e-07,0.3471612168537498,0.0017411458777594347,3010,3382,5302,3578
"MENDOSA, EMILIO",0.0006248047485160887,0.0,0.29059053152376196,2.4423722185487884e-05,6020,4067,6368,6366
"MENGOCHAUZERAUS, GRI",0.0037488284910965324,4.465868939402446e-06,0.3580536912751678,0.001263889568051202,2830,2371,4633,4177
"MENGOCHAUZERAUS, STA",0.0037488284910965324,4.465868939402446e-06,0.3580536912751678,0.0012638895680512027,2830,2371,4633,4176
"MENKEN, DONALD L.",0.004061230865354577,1.0304542089394193e-05,0.38462000600781016,0.0026081209568278823,2650,1908,2563,2896
"MENNINGER, CLARA",0.005154639175257732,6.16859854085444e-05,0.40447308567096285,0.0033250296427071646,2237,1069,1644,2517
MENTALLO,0.01952514839112777,0.00012470592961121536,0.4544938236546926,0.01788926434387394,575,766,526,546
MENTOR / ALARS [ETERNA,0.02452358637925648,0.0004163810136423285,0.4698370761778952,0.02527494467054926,420,413,338,328
MENTOR II,0.01358950328022493,8.603925171239068e-05,0.42377705699344675,0.011290158123608196,850,915,1080,920
MENTUS,0.0021868166198063103,2.218420234466521e-08,0.3299829905674965,0.0005022946009321357,4042,3879,6086,5466
MEPHISITOID,0.0020306154326772885,1.0834095536123964e-08,0.3845275992552105,0.002885038074471078,4200,3942,2570,2729
MEPHISTA,0.0023430178069353325,1.6108816606578162e-07,0.35403417574517504,0.0010756537765820313,3856,3517,4860,4435
MEPHISTO,0.06169946891596376,0.0039849835066410435,0.4951659061025601,0.04238320418643158,124,84,115,119
"MERCADO, JOY",0.021711965010934083,0.00015966110453084076,0.4402420574886536,0.011521153740237574,501,685,766,906
MERCURY,0.004686035613870665,0.0,0.368566493955095,0.0030361428814659978,2377,4067,3832,2652
MERCURY III / ,0.0028116213683223993,7.016095890205362e-09,0.3673609915648132,0.0025041258185152337,3463,3985,3970,2958
MERCURY II,0.003436426116838488,0.0,0.34125799573560767,0.0012619172667664236,3010,4067,5745,4181
MERCY,0.002499218994064355,4.428809519606408e-06,0.380121125757036,0.0022754927405833794,3730,2377,2825,3109
"MERENGUES, SMOOTH MA",0.0018744142455482662,0.0,0.370186191742801,0.0023388348222838445,4385,4067,3626,3066
"MERIDIAN, DR. ROBERT",0.0006248047485160887,0.0,0.3309211206450946,0.00020034941545772676,6020,4067,6069,6110
MERLIN,0.010309278350515464,8.371476773318283e-05,0.4135391770557458,0.007902792437074712,1172,924,1356,1296
MERLYN,0.005935645110902842,0.0,0.4081866870696251,0.004889567195319612,1994,4067,1535,1941
MERREE,0.0006248047485160887,0.0,0.2655109489051095,1.6525611309085016e-06,6020,4067,6386,6401
MERRIAN,0.0015620118712902217,5.422805017584828e-09,0.33095533498759305,0.00022299540107960665,4812,4020,6066,6039
"MERRYWEATHER, IRENE",0.023273976882224306,0.0017365311645304883,0.4420660129816324,0.01202447316541348,454,174,737,867
MESMERO,0.01437050921587004,0.0001485366578490588,0.4464746495571518,0.013552851756457937,790,697,661,774
"MESSENGER, TOBIAS",0.002967822555451421,3.805606868240546e-07,0.3901517459930526,0.003881913041879403,3351,3290,2244,2275
METABO,0.0023430178069353325,0.0,0.36232950365046124,0.0018369217786940353,3856,4067,4380,3492
METALSLASH / ,0.0015620118712902217,2.91946117210144e-06,0.36472397880704155,0.0009309823197019945,4812,2570,4228,4697
METEORITE,0.010934083099031553,2.4261666227601482e-05,0.42731277533039647,0.010094001122079222,1098,1496,1001,1029
METEORITE III / VALERI,0.00718525460793502,7.4041226767224205e-06,0.3903658536585366,0.0035535097268347064,1664,2097,2230,2419
METOXO,0.0009372071227741331,0.0,0.36428815295322636,0.001278545007335975,5676,4067,4263,4146
MEXXA RIEN,0.00359262730396751,1.2231312146100889e-07,0.3516423157200923,0.0017245161103800453,2918,3574,5046,3591
M,0.02218056857232115,0.0004636887543424063,0.4169869080961376,0.012013783374639538,488,393,1255,869
MIBA,0.001718213058419244,0.0,0.34209682590573903,0.0002690988242202547,4561,4067,5690,5957
"MICAWBER, TRISTRAM",0.0021868166198063103,0.0,0.3768542500588651,0.0017530659381193566,4042,4067,3058,3564
"MICHAELS, DAWN",0.00031240237425804435,0.0,0.3517195912537084,0.0003385675064109732,6269,4067,5024,5784
MICHELLE,0.0014058106841611997,0.0,0.33238149628783553,0.0002482935006347685,5057,4067,6032,5999
"MICHEL, RAFE",0.004373633239612621,2.0286199373259295e-06,0.39370272430969805,0.004232339421314361,2505,2733,2093,2149
"MICO, RODOLFO",0.0015620118712902217,0.0,0.37227423387800196,0.002068848056438614,4812,4067,3393,3278
MICROCHIP / LINUS LIEB,0.016088722274289285,0.0013381068474635238,0.43747437474374745,0.008602215534887063,710,208,820,1188
MICROMAX / SCOTT WRIGH,0.00937207122774133,3.7559850199440286e-05,0.41212823483970645,0.006469397906000265,1293,1282,1398,1546
MIDAS,0.006872852233676976,7.163762837469118e-06,0.4195831694848604,0.006511713637014885,1733,2119,1189,1534
MIDGARD SERPENT,0.008591065292096219,0.0,0.4394865106061646,0.013256411643638869,1414,4067,780,798
MIDGET,0.0078100593564511085,5.918171786497488e-07,0.39709713435057686,0.007876749039703281,1526,3168,1947,1300
MIDNIGHT III / JEFFREY,0.005154639175257732,2.8368937549762096e-05,0.40105243375305394,0.003627595864041655,2237,1414,1770,2384
MIDNIGHT / M'NAI,0.005154639175257732,4.950295048456675e-06,0.40477996965098634,0.005739374649237678,2237,2316,1635,1689
MIDNIGHT'S FIRE / ,0.007029053420805998,8.582131432445907e-06,0.3989033584647019,0.0053735726857367895,1704,2008,1847,1804
MIDWIFE,0.0007810059356451108,2.687981552698336e-08,0.3512371756185878,0.0005302561146691023,5841,3853,5092,5399
MIESHO,0.001718213058419244,0.0,0.3421333903377512,0.0007692450241783416,4561,4067,5686,4968
"MIFUNE, DR.",0.0012496094970321774,0.0,0.39719568184638293,0.001888873978464447,5271,4067,1929,3440
MIKHLO,0.03483286472977194,0.0002329033225001878,0.4847429393503445,0.0358320203454441,277,557,193,179
MILAN,0.008903467666354263,2.245575906998434e-06,0.3940662316878001,0.009259621149042796,1370,2695,2077,1118
MILLENIUS,0.0014058106841611997,0.0,0.3944547134935305,0.002819939682444257,5057,4067,2065,2773
MILLENNIUM MONARCH,0.0015620118712902217,0.0,0.3619812280900147,0.0010570856010779705,4812,4067,4395,4459
"MILLER, CHRIS",0.004217432052483598,2.680953636331514e-06,0.3868979271166979,0.0042535549477679575,2569,2618,2421,2134
"MILLER, FRANK",0.0060918462980318645,0.0,0.4142616798239938,0.005241954227361035,1940,4067,1327,1843
"MILLER, JENETTE",0.0009372071227741331,0.0,0.26314275144888816,8.819067664510786e-06,5676,4067,6393,6382
"MILLER, STACI MURPHY",0.0037488284910965324,1.991543279395296e-06,0.3858253480383294,0.003994557722244674,2830,2742,2491,2222
"MILLER, TRACE",0.0020306154326772885,4.025221457992916e-06,0.36335773880469946,0.0009346007808065754,4200,2417,4315,4689
MIMIC / CALVIN RANKIN,0.01733833177132146,0.00011493920841005232,0.43912476850264076,0.014568532549378373,659,803,786,717
MINDBLAST,0.008747266479225241,1.7891674938740475e-05,0.39990005621837715,0.004792131627295245,1390,1639,1810,1961
MINDMELD / ,0.0015620118712902217,0.0,0.34244450387804226,0.0008621798583787876,4812,4067,5665,4825
MIND'S EYE / MEACHAM,0.0009372071227741331,0.0,0.34461969101577217,0.00032555987441537193,5676,4067,5491,5810
MINDSINGER / GREGOR,0.003436426116838488,4.2895983677220986e-05,0.37046467218332274,0.0012235713746959792,3010,1225,3591,4245
MINDSTORM / ,0.0006248047485160887,0.0,0.3776100035389878,0.0011257009452439294,6020,4067,2999,4385
MINDWAVE,0.005935645110902842,8.166058970053876e-06,0.3811848764513248,0.0024335756394037356,1994,2050,2762,2998
MINDWORM / WILLIAM TUR,0.00031240237425804435,0.0,0.3658703851868785,0.0005035891789467031,6269,4067,4161,5462
MINERVA [KREE],0.011871290221805685,4.627366545121517e-05,0.4223233722541065,0.011588076147967561,1000,1183,1119,900
MINI MAX / ,0.0015620118712902217,0.0,0.3627606527651859,0.000579109257914797,4812,4067,4357,5327
MINISTER BLOOD,0.005623242736644799,1.916189906359466e-06,0.3868511692549399,0.004030944326745362,2087,2758,2427,2207
MINISTER TOME,0.0037488284910965324,3.393193688670301e-07,0.3448052997253191,0.0006024507140417902,2830,3332,5470,5259
MINOR DOMO,0.002499218994064355,0.0,0.3784135240572172,0.004339128150352855,3730,4067,2927,2104
MINOTAUR,0.002499218994064355,0.0,0.40218620429702223,0.003879881540597883,3730,4067,1720,2276
MINOTAUR II,0.00046860356138706655,0.0,0.3615723483564893,0.0005826406300146275,6167,4067,4432,5309
MINOTAUR III,0.0014058106841611997,0.0,0.37641110065851363,0.001013218183984335,5057,4067,3084,4560
MINOTAURUS,0.0007810059356451108,0.0,0.29992972593113143,3.6632983208634454e-05,5841,4067,6347,6360
MINSTER HOARD,0.0037488284910965324,3.393193688670301e-07,0.3448052997253191,0.0006024507140417897,2830,3332,5470,5260
MINT JULEP,0.0015620118712902217,0.0,0.3524360033030553,0.00037202721027779646,4812,4067,4967,5697
MINXI [INHUMAN],0.001718213058419244,0.0,0.3529606351306649,0.00202766192073246,4561,4067,4929,3315
MIRACLE MAN,0.011871290221805685,8.422283366905768e-06,0.45572323462414577,0.014996674117103577,1000,2027,505,694
MIRAGE,0.013901905654482974,5.752783924347581e-05,0.4492946873464805,0.01429290397522972,824,1099,618,730
MIRAGE II / DANIELLE M,0.06872852233676975,0.004373295126613241,0.49482145617560674,0.0421686994730571,103,80,118,121
MIRAGE III / MARGE,0.0007810059356451108,0.0,0.36241154825926974,0.0011442077742555587,5841,4067,4376,4361
MISFIT / ,0.004217432052483598,2.4811539127866954e-07,0.38438907235064546,0.003653692900429921,2569,3427,2577,2371
MISS AMERICA / MADELIN,0.009215870040612308,5.936995686555728e-05,0.41383322559793145,0.007588611518612013,1318,1083,1349,1336
MISSING LINK,0.00359262730396751,4.736828400739676e-06,0.38109411274480626,0.002659631225865905,2918,2339,2771,2858
MISSING LINK II / RAY,0.002967822555451421,1.139937740476403e-05,0.3598853223902412,0.0012236438267814707,3351,1862,4521,4243
MISS ITCH / BLISS,0.001718213058419244,1.3263354307834404e-05,0.3800985572641453,0.0008367888826895102,4561,1784,2827,4880
MISS LOCKE,0.012339893783192751,2.9134246803722647e-05,0.4237209610166126,0.011293312966732751,947,1393,1081,918
MISS MASS / ,0.008434864104967197,1.486625577721649e-07,0.42366487988882273,0.00999123336468298,1439,3530,1083,1047
MISS SACCHARINE,0.0015620118712902217,0.0,0.36903389439704865,0.0014786064827852525,4812,4067,3784,3890
MISTER CLEAN,0.0015620118712902217,0.0,0.36903389439704865,0.0014786064827852525,4812,4067,3784,3890
MISTER HYDE / CALVIN Z,0.03264604810996564,0.00036557306010296097,0.46719696416843026,0.02717569260977053,297,443,369,292
MIST MISTRESS,0.002967822555451421,0.0,0.3556666666666667,0.0018482941663493836,3351,4067,4751,3484
MIST,0.002655420181193377,0.0,0.35556789780616493,0.0017590666067577795,3591,4067,4755,3562
MISTY / VINCENTE,0.002655420181193377,0.0,0.34787806335923493,0.001269459229232099,3591,4067,5262,4161
"MITCHELL, ROBERT",0.0006248047485160887,0.0,0.35160369068541303,0.0003986700618136328,6020,4067,5057,5627
M'KAMBA,0.0010934083099031551,0.0,0.35501580435867575,0.0006791259539358846,5492,4067,4784,5125
M'KUMBA,0.0023430178069353325,0.0,0.37568217827592276,0.003351996757438675,3856,4067,3158,2503
MO,0.002655420181193377,0.0,0.32663265306122446,0.00016026132993014522,3591,4067,6168,6184
"MOBIUS, DR.",0.0031240237425804434,0.0,0.342701140195921,0.0009823442699626631,3214,4067,5643,4624
MOBIUS,0.0015620118712902217,0.0,0.3827573837139782,0.00296888555219981,4812,4067,2667,2686
MOCKINGBIRD / DR. BARB,0.08263042799125273,0.002176139638590956,0.5072096339724291,0.058758638146148935,72,148,72,55
MODAM,0.013433302093095907,4.2291288963771116e-05,0.41295233180674706,0.009816217284253942,860,1236,1372,1066
MODEM / ,0.0012496094970321774,0.0,0.34665367121507473,0.0005350485760035883,5271,4067,5323,5393
"MODINE, REP. BERNARD",0.0007810059356451108,0.0,0.335200795853186,0.00018132358686060273,5841,4067,5970,6139
MODOK / GEORGE TARLETO,0.028272414870353015,0.000268298095944959,0.4647887323943662,0.024816820660664412,356,521,399,337
MODRED THE MYSTIC,0.01515151515151515,0.0003040858610101855,0.4360738369320891,0.014035412337255818,750,488,848,748
MODT,0.006248047485160887,1.0600385871617673e-06,0.4147447525265613,0.007509577174992145,1895,2978,1316,1353
MODULAR MAN / STEPHEN,0.0006248047485160887,0.0,0.38102606832519936,0.0008182366027989647,6020,4067,2779,4898
MOJO II,0.003436426116838488,2.4066268661002113e-05,0.37689862239491345,0.0030827251271334415,3010,1500,3056,2630
MOJO,0.019212746016869727,0.000143353332115158,0.44255495644960596,0.01626270967188852,589,713,728,627
MOK,0.0032802249297094657,7.308903966295261e-06,0.3266993263931415,0.00016095198921314412,3094,2101,6160,6178
MOLECULE MAN / OWEN RE,0.02655420181193377,0.00019711759130585496,0.4730658390600754,0.027076445520274613,385,621,303,296
MOLE MAN / HARVEY RUPE,0.05232739768822243,0.0014591817261343206,0.4901240238860818,0.043664225705276394,154,199,153,112
MOLE MAN | MUTANT X-,0.002655420181193377,0.0,0.34456404736275564,0.0003063079697066289,3591,4067,5504,5856
MOLE,0.0018744142455482662,0.0,0.37067917318047594,0.002552654552195946,4385,4067,3576,2928
MOLGOTHA,0.002499218994064355,0.0,0.3541908713692946,0.0008778693727785981,3730,4067,4844,4807
"MOLLE, DR.",0.002655420181193377,0.0,0.3634196185286104,0.001295459255174305,3591,4067,4304,4124
MOLTEN MAN / MARK RAXT,0.008122461730709154,1.4547335555853164e-05,0.38965307364576995,0.004168166328419724,1488,1745,2268,2168
MOLTO,0.0023430178069353325,9.99173123204902e-08,0.3991769547325103,0.0037269521355074815,3856,3613,1841,2344
MO MONEY,0.0032802249297094657,0.0,0.38360596800287616,0.0025301016438306753,3094,4067,2613,2937
MONDO,0.0028116213683223993,7.74713602663664e-09,0.34659736884846515,0.0012738294402377473,3463,3976,5332,4154
MONDO II,0.008278662917838176,4.6266547704348855e-05,0.3851058710298364,0.004577546948065129,1467,1184,2533,2035
MONGOOSE,0.009684473601999375,1.8302077841131244e-05,0.41750358680057387,0.008917468117708166,1251,1627,1243,1153
"MONGRAIN, ALISON",0.009059668853483286,1.0671252584478242e-05,0.37423277021102475,0.00288997310040717,1347,1890,3252,2724
MONGU,0.0015620118712902217,3.979264724727736e-07,0.35717473778174513,0.0011844317477441978,4812,3276,4684,4304
MONMOUTH,0.004529834426741643,1.0573396570139423e-07,0.38970051132213296,0.00513764158946522,2437,3604,2262,1881
MONOCLE,0.0032802249297094657,1.3844080421902597e-06,0.3967280163599182,0.004142543707044557,3094,2895,1970,2176
MONSTER FROM THE LOS,0.0015620118712902217,0.0,0.3686089359742054,0.002298952817203519,4812,4067,3825,3092
MONSTROID / BALIOX / 7NH,0.0021868166198063103,2.739135649730656e-07,0.4032501889644747,0.0029806110702883634,4042,3388,1684,2680
MONTANA,0.008903467666354263,2.5733315266396708e-05,0.4060379273165472,0.005638143594802351,1370,1467,1600,1715
MONTANA II,0.0012496094970321774,2.9283147094958073e-08,0.3359748097612175,0.0003190247266714113,5271,3834,5926,5828
MONTENEGRO,0.0006248047485160887,0.0,0.342701140195921,0.000540631135375878,6020,4067,5643,5388
"MONTESI, VICTORIA",0.005154639175257732,3.051597793901593e-05,0.379400260756193,0.002126222877471168,2237,1372,2859,3215
MONTGOMERY,0.005779443923773821,0.00011039963756722449,0.3992516370439663,0.0027998840319878957,2050,813,1837,2785
"MONTGOMERY, SIR BERN",0.0010934083099031551,0.0,0.37574832726845875,0.0009840383589465771,5492,4067,3154,4622
"MONTOYA, JULIO",0.0039050296782255542,0.0,0.3772984441301273,0.002780756167074879,2721,4067,3018,2797
"MONTOYA, MARIA",0.0039050296782255542,0.0,0.3772984441301273,0.0027807561670748797,2721,4067,3018,2796
"MOODY, RUNYAN",0.0007810059356451108,4.941859059122285e-05,0.3663728968753577,0.0004153846472376615,5841,1154,4094,5593
"MOOMJI, INDRIES",0.001718213058419244,1.1140921364545944e-06,0.375505894773887,0.001560589289157927,4561,2964,3177,3781
MOONBOY,0.004686035613870665,7.978380082286393e-06,0.40132898696088265,0.0034539374194859493,2377,2053,1749,2463
MOONDANCER,0.0039050296782255542,0.0,0.3707221031906885,0.002893999215934966,2721,4067,3566,2721
MOONDARK,0.0020306154326772885,1.756833166312494e-05,0.37182018817516554,0.001302828674207444,4200,1650,3442,4109
MOONDRAGON DOPPELGAN,0.012339893783192751,6.044853379899161e-07,0.4486020601219256,0.01693296479318848,947,3159,629,602
MOONDRAGON / HEATHER D,0.08981568259918775,0.003946307411673469,0.5097945532728141,0.061447499257294036,59,85,62,48
MOONGLOW / ,0.0031240237425804434,0.0,0.32876290248035744,0.0007332761179825734,3214,4067,6107,5025
MOONHUNTER / ZACK MOON,0.011090284286160575,4.38691317074123e-05,0.42651565622918053,0.008131058619942498,1080,1209,1021,1268
MOON KNIGHT DOPPELGA,0.015307716338644172,1.472382774908159e-06,0.46716287215411556,0.021715612662787744,740,2871,371,417
MOON KNIGHT / MARC SPE,0.06997813183380193,0.006240247418084498,0.5056073290159533,0.050933216823021946,99,58,75,79
MOON KNIGHT | MUTANT,0.007497656982193065,0.0,0.34513989972505255,0.0003671103956378368,1588,4067,5422,5722
MOONRAKER / SLADE TRUM,0.005467041549515776,5.514329915981531e-06,0.39353331694123433,0.005755107435841758,2133,2263,2105,1683
MOONSTALKER / KIANA,0.0067166510465479536,8.753860000430754e-05,0.38492063492063494,0.0029845320880639427,1774,898,2542,2679
MOONSTOMP / ,0.0014058106841611997,5.819973391225558e-07,0.3771206409048068,0.0008430310701992354,5057,3174,3042,4861
MOONSTONE II / KARLA S,0.06701030927835051,0.002301978039110818,0.4857359635811836,0.03770647958013985,107,139,184,159
MOONSTONE / LLOYD BLOC,0.011090284286160575,4.576222469820918e-05,0.42614657525128136,0.01065989486557855,1080,1191,1027,963
MOON WOLF / ,0.0023430178069353325,4.686239443280895e-08,0.37442975786641713,0.0028377130424928356,3856,3753,3236,2761
"MOORE, CONNIE",0.0023430178069353325,4.270458951348052e-08,0.3462599383417167,0.0005976669582586398,3856,3762,5355,5269
"MOORE, TONI",0.0014058106841611997,0.0,0.3284255886728569,0.00023423703013490462,5057,4067,6129,6021
MOOT,0.001718213058419244,0.0,0.3444528139459809,0.00029470102481818827,4561,4067,5530,5901
"MORAN, KEVIN",0.0010934083099031551,7.194102878182953e-07,0.355508662816526,0.0006115864658491658,5492,3122,4760,5238
MORBIUS / DR. MICHAEL,0.02296157450796626,0.0014412582776656396,0.45148095909732017,0.014750361004848646,461,201,583,707
"MORDO, ASTRID",0.0009372071227741331,0.0,0.35102533172496986,0.0004309505493625715,5676,4067,5105,5565
MORDRED THE EVIL,0.011871290221805685,2.014899593587223e-05,0.4511627906976744,0.015720305648074327,1000,1589,592,654
"MOREAU, DAVID",0.0078100593564511085,5.326398900954254e-06,0.4083689481405881,0.008364362758149595,1526,2273,1530,1226
"MOREAU, PHILLIP",0.01671352702280537,7.613381458308513e-05,0.4258347745111081,0.014293981434571255,687,974,1034,729
"MORELLE, NOLAN",0.003436426116838488,0.0,0.3716259360306496,0.0015310322971001454,3010,4067,3470,3836
MORETTI,0.0014058106841611997,0.0,0.3689063040221275,0.0009297198540112527,5057,4067,3804,4703
MORGAN,0.011246485473289597,8.029398382668173e-05,0.42819878269012107,0.00813302511518102,1063,944,985,1267
"MORGAN, DR. VIVIAN",0.004061230865354577,2.608877009834274e-06,0.38682779456193356,0.0035832447546884924,2650,2631,2430,2411
"MORGAN, JERROLD JERR",0.009684473601999375,1.0136357136201723e-05,0.4252125398512221,0.00836918017579156,1251,1914,1046,1224
MORG,0.0032802249297094657,9.037357922140668e-06,0.36294574522365214,0.0018192806821504418,3094,1979,4347,3511
"MORLAK, MARIS",0.011715089034676662,5.243394885349343e-05,0.4443673214409662,0.01481302123601519,1013,1134,695,700
MORLEY,0.0032802249297094657,1.874548561615232e-06,0.40017502187773474,0.0035227185917008695,3094,2771,1797,2429
MORLUN,0.0009372071227741331,8.378233752168559e-08,0.36595404138561793,0.0005443290323924057,5676,3645,4146,5379
MORNING STAR / ZVEZDA,0.0020306154326772885,0.0,0.3932915591596019,0.002802974327252235,4200,4067,2114,2781
MORPHEUS / ROBERT MARK,0.0020306154326772885,4.470396405252702e-08,0.33606299212598423,0.0003687995747903966,4200,3757,5923,5707
MORPH,0.0020306154326772885,0.0,0.3501422008313279,0.0005686387079047165,4200,4067,5162,5349
"MORRELL, SABRINA",0.011090284286160575,1.9792735176444475e-05,0.44018151815181517,0.012616983430752468,1080,1597,767,833
"MORRISON, AMANDA PAY",0.0014058106841611997,3.544493202836303e-08,0.35133355284820544,0.0006310551211703318,5057,3807,5082,5207
"MORRISON, JESSICA",0.0014058106841611997,3.544493202836303e-08,0.35133355284820544,0.0006310551211703313,5057,3807,5082,5208
MOSES,0.001718213058419244,1.8264993263774354e-08,0.3639154160982265,0.0008930319806683032,4561,3905,4284,4781
MOSH / GLENN,0.001718213058419244,0.0,0.3236111813172926,0.00027390735426574954,4561,4067,6237,5944
"MOSLEY, WARDEN",0.0006248047485160887,0.0,0.3696091449685353,0.0004821848378491111,6020,4067,3736,5492
MOTHER INFERIOR,0.004529834426741643,0.0,0.37102289191538684,0.002832960181210411,2437,4067,3536,2767
MOTHER NIGHT / SUSAN S,0.01140268666041862,3.193617300705596e-05,0.4096755615281244,0.007258106759090658,1037,1351,1478,1395
MOTHER-OF-PAIN,0.001718213058419244,0.0,0.3517582417582418,0.0007789523705772312,4561,4067,5016,4956
MOTHER OF PEARL / ,0.0023430178069353325,0.0,0.37012198647164246,0.002267558335564045,3856,4067,3649,3119
MOTHER SUPERIOR,0.006560449859418931,3.710279881289783e-06,0.3923755822505516,0.005642487397044964,1811,2466,2152,1711
MOTH / ,0.00015620118712902218,0.0,0.3586152812009859,0.00039267277076901306,6354,4067,4598,5637
MOUNTJOY,0.005467041549515776,4.754088713666853e-06,0.38163934426229507,0.005926030244548653,2133,2335,2741,1642
MOURNING PREY,0.0006248047485160887,0.0,0.2631211212034031,6.774199721569835e-06,6020,4067,6398,6390
MOUSE,0.0031240237425804434,7.298842765833412e-07,0.3974669398398212,0.003679791660429049,3214,3116,1918,2357
"MOWAT, FARLEY",0.014682911590128085,5.748276847713932e-05,0.4615051903114187,0.01745886249339489,776,1100,445,578
"MOY, ALYSSA",0.017182130584192438,0.0002613867783223821,0.4500843644544432,0.01314312385747021,667,532,604,808
M-PLATE,0.003436426116838488,0.0,0.34411954418404644,0.0011615767157695752,3010,4067,5556,4334
MR. DEATH,0.0012496094970321774,0.0,0.3433628318584071,0.0006619697615977699,5271,4067,5604,5151
MR. DOLL / NATHAN DOLL,0.002499218994064355,4.436840468933042e-09,0.4015555416170106,0.004663871469713072,3730,4033,1734,2007
M'REEL,0.004686035613870665,3.1238600922402477e-06,0.3842506452193746,0.0028176641797904535,2377,2543,2587,2777
MR. FANTASTIC DOPPEL,0.02514839112777257,0.0001980076709714692,0.47651656122069225,0.027502182759322855,413,617,268,284
MR. FANTASTIC / REED R,0.2211808809746954,0.023656121733663684,0.5595175668589407,0.09931034801718785,5,10,5,5
MR. FEAR III / PROF. L,0.005154639175257732,7.813259310979498e-06,0.3710659015823335,0.002051335198971527,2237,2065,3529,3297
MR. FEAR IV / ALAN FAG,0.00031240237425804435,0.0,0.37879415419205964,0.0007387043707832131,6269,4067,2904,5016
MR. FEAR V / ,0.0007810059356451108,0.0,0.3660168086444457,0.0008516454674640407,5841,4067,4141,4843
MR. FEAR / ZOLTAN DRAG,0.001718213058419244,3.0500027390526333e-06,0.35717473778174513,0.0009282595500664237,4561,2550,4684,4705
MR. FX / ,0.0009372071227741331,0.0,0.3248097412480974,0.00022297546431735527,5676,4067,6214,6040
MR. IMMORTAL,0.016088722274289285,7.325504975379097e-05,0.4227695965132404,0.012481332603980546,710,986,1109,837
MR. JIP,0.009684473601999375,3.871762405874537e-05,0.41522895317161757,0.009320788057545562,1251,1273,1307,1114
MR. JUSTICE / TIMOTHY,0.01140268666041862,0.00023332602816735287,0.4065794487488886,0.005644481827085051,1037,555,1583,1710
MR. LUCK II / PHILIP G,0.0028116213683223993,8.722249921792902e-06,0.40135414707541844,0.004081928578153939,3463,2001,1747,2193
MR. LUCK / RAMON GARCI,0.0006248047485160887,0.0,0.3409490333919156,0.0002950157561945183,6020,4067,5768,5897
MR. MOBIUS,0.0014058106841611997,2.0076632136315088e-07,0.3694171956145413,0.0020908253406924796,5057,3478,3755,3252
MR. NACHT,0.006404248672289909,9.747647536464112e-07,0.37283792440743113,0.0027557277664375674,1854,3011,3346,2811
MROTH,0.007653858169322086,3.588393142397217e-05,0.4062440510184656,0.005237956060477329,1561,1302,1591,1854
MR. PAYBACK / ,0.0012496094970321774,0.0,0.3352534562211982,0.00015485482889220935,5271,4067,5961,6221
MR. SCRATCH II / BLISS,0.001718213058419244,1.3263354307834404e-05,0.3800985572641453,0.000836788882689511,4561,1784,2827,4879
MR. SCRATCH,0.0007810059356451108,5.484218293211002e-07,0.32954135996293815,0.00023171750575951098,5841,3203,6088,6024
MR. SINISTER | AOA,0.00031240237425804435,0.0,0.3280553420445811,0.0002143057943758638,6269,4067,6135,6080
MR. SINISTER | MUTAN,0.004061230865354577,5.620090617667932e-07,0.3451212938005391,0.00037536819993203724,2650,3195,5443,5689
MR. SINISTER / NATHAN,0.029522024367385193,0.0009266505844174282,0.4559179604045008,0.01885114773115983,339,258,504,511
MR. TERMINEUS / AMODEU,0.0020306154326772885,1.0530389620437327e-05,0.3666456674875437,0.0011627530378828235,4200,1899,4064,4332
MR. X,0.0012496094970321774,0.0,0.3628017681060864,0.0014469107727750506,5271,4067,4353,3930
MS. FORTUNE / ,0.0020306154326772885,0.0,0.38211770323504834,0.0015555820929841115,4200,4067,2706,3786
M'SHULLA,0.005310840362386754,0.00046936173247504926,0.3531358596723482,0.0004004628469583213,2184,388,4916,5623
MS. MARVEL II / SHARON,0.04748516088722274,0.0005902762969047123,0.4931443537205361,0.04103613876358379,176,328,129,130
MS. NOVA,0.0012496094970321774,0.0,0.37390491764980727,0.0019559470960955074,5271,4067,3272,3385
"MUELLER, AMANDA",0.002967822555451421,1.5399116194593834e-06,0.3637706687879993,0.0018988730803849866,3351,2849,4288,3430
"MUGGINS, MAMIE",0.017650734145579505,5.470345442472681e-05,0.42405775981983174,0.010666310430674135,650,1115,1071,962
"MULDOON, SGT. BRIAN",0.004686035613870665,2.6706950852531624e-06,0.3950144999074474,0.004437049763220264,2377,2621,2037,2078
"MULDOON, TEXAS JACK",0.001718213058419244,2.851489572793347e-06,0.39170337738619676,0.0020727300253613407,4561,2587,2178,3276
"MULLANY, MIKE",0.0012496094970321774,3.238863799630258e-08,0.36746642176558375,0.0008602369016362123,5271,3822,3961,4827
MULTIPLE MAN DOPPELG,0.014682911590128085,5.977671827774984e-07,0.4647212543554007,0.020922355406727544,776,3161,401,444
MULTIPLE MAN / JAMES A,0.05045298344267416,0.0011258230011191148,0.49110156489720774,0.040045546949630806,162,230,145,138
"MUMM, MAX",0.0010934083099031551,0.0,0.35356491964433645,0.000802091851084459,5492,4067,4882,4916
"MUNDY, SHANE",0.0010934083099031551,0.0,0.37001502716448964,0.001247668893818663,5492,4067,3677,4212
MUNIN,0.006872852233676976,5.96321847896313e-06,0.400575647603554,0.006706604686714971,1733,2215,1784,1503
MUNIPOOR,0.0021868166198063103,0.0,0.3516230021420333,0.0007476433753012116,4042,4067,5049,4997
"MUNOZ, CARLOS",0.0009372071227741331,0.0,0.37100139082058414,0.0010050535533396958,5676,4067,3541,4582
"MUNROE, DAVID",0.0021868166198063103,0.0,0.373512252042007,0.002858965191350499,4042,4067,3296,2752
"MUNROE, N'DARE",0.0028116213683223993,9.493773306061206e-08,0.3741234221598878,0.0032055785281941813,3463,3625,3262,2567
"MUNSON, CLAUDIA",0.0021868166198063103,0.0,0.3665197229060514,0.000916624149031743,4042,4067,4077,4740
MUNSON,0.0015620118712902217,0.0,0.33345486744101255,0.0005814286103937435,4812,4067,6010,5319
MURDER,0.0031240237425804434,8.7890101848631e-07,0.3631722260040844,0.0016534129878941941,3214,3049,4331,3662
"MURDOCK, BATTLING JA",0.001718213058419244,0.0,0.355508662816526,0.0010426544001016606,4561,4067,4760,4490
"MURDOCK, MATT | TIME",0.0039050296782255542,0.0,0.38771802325581395,0.003517393750815408,2721,4067,2369,2436
"MURDOCK, SISTER MAGG",0.005779443923773821,3.222370263602902e-05,0.41109612791369676,0.004001375311820589,2050,1347,1426,2217
MURMUR / ,0.0021868166198063103,0.0,0.3470483005366726,0.0011425942235252075,4042,4067,5304,4367
MURMUR II / ARLETTE TR,0.012183692596063729,0.00012298752359572984,0.3872958257713249,0.005093065510784427,970,773,2397,1894
"MURPHY, JOBOA",0.0023430178069353325,0.0,0.3765439360075285,0.0024097572050787203,3856,4067,3074,3013
"MURPHY, MELISSA",0.0023430178069353325,4.686239443280895e-08,0.37442975786641713,0.0028377130424928343,3856,3753,3236,2762
"MURPHY, SEAN",0.001718213058419244,0.0,0.3523972037210326,0.000727482004608879,4561,4067,4971,5039
"MURRAY, WILLIAM T. B",0.00015620118712902218,0.0,0.3577935505504946,0.00038421844635885057,6354,4067,4654,5672
MUSE / SHANNON FITZPAT,0.00359262730396751,9.343356161203223e-06,0.37214439341975236,0.001675564222092123,2918,1960,3406,3630
MUSTANG / ,0.001718213058419244,5.989658514918802e-08,0.3756601337871142,0.0022453213993792504,4561,3708,3160,3132
MUTANT MASTER,0.004686035613870665,3.7752312658073834e-06,0.3877415056628914,0.004443962295903254,2377,2456,2368,2076
MUTAURUS,0.008591065292096219,0.0,0.4394865106061646,0.01325641164363887,1414,4067,780,796
"MUTO, JUNZO",0.007653858169322086,1.8069724015256056e-05,0.4281701444622793,0.009125360745003513,1561,1634,986,1132
MYCROFT,0.0009372071227741331,0.0,0.36774082371187317,0.0008007312756907879,5676,4067,3919,4920
"MYLZOB'RYN, CHIEF",0.0012496094970321774,0.0,0.30958943856085885,0.00011310739958107134,5271,4067,6330,6307
MYSTERIA / ,0.006872852233676976,1.2059457502521998e-07,0.38298636037329503,0.003261563930132063,1733,3575,2649,2537
MYSTERIO II / DANIEL B,0.00499843798812871,3.093332644023413e-06,0.37872692853762424,0.003094109828422692,2281,2545,2908,2622
MYSTERIO / QUENTIN BEC,0.02530459231490159,0.0006926597140593709,0.45459064119860826,0.015703646169089612,407,301,521,655
MYSTERIUM / DR. JOSEPH,0.0028116213683223993,0.0,0.31968441026665334,0.0005085867183660445,3463,4067,6293,5444
MYSTIQUE | MUTANT X-,0.0028116213683223993,6.100655644782932e-09,0.34458259325044405,0.00031131038122633015,3463,4008,5503,5848
MYSTIQUE / RAVEN DARKH,0.06310527960012496,0.002219445333873525,0.48915036674816625,0.03916587214659752,118,145,158,146
"NACHT, HERR",0.0031240237425804434,8.716396048327804e-08,0.3971710403871208,0.0037081002734369686,3214,3636,1943,2350
NAGALA,0.0020306154326772885,0.0,0.3710443955024922,0.001644262782671631,4200,4067,3531,3669
"NAGAN, DR. ARTHUR",0.009684473601999375,1.0136357136201723e-05,0.4252125398512221,0.008369180175791562,1251,1914,1046,1223
NAGA,0.00046860356138706655,0.0,0.3498934251516642,0.0003825514125980116,6167,4067,5180,5679
NAHREES [INHUMAN],0.004217432052483598,1.6690489992906248e-06,0.35950134770889486,0.002226874928287761,2569,2819,4544,3153
NAILS II / JOANIE EATO,0.0009372071227741331,0.0,0.33662845725102536,0.0003029475536815274,5676,4067,5907,5876
NAILS / ,0.0007810059356451108,0.0,0.335200795853186,0.00018132358686060297,5841,4067,5970,6137
"NAIP, SYNTHIA",0.0014058106841611997,7.201175682822495e-08,0.3714965473219985,0.0022703565161912077,5057,3682,3494,3116
NAKKA,0.003436426116838488,4.758258254901078e-09,0.40606368133959153,0.0052293594031855685,3010,4032,1599,1856
NAKOTA,0.004217432052483598,1.545319578167477e-05,0.3786597267404034,0.0012213851862944314,2569,1710,2911,4250
"NALES, DET. REBECCA",0.01077788191190253,8.057200708793195e-05,0.4139134932436801,0.007169976059558404,1109,941,1344,1408
NAMELESS ONE,0.0006248047485160887,9.724986515340192e-09,0.35071765092582446,0.0005293465264275367,6020,3958,5128,5403
NAMELESS ONE II,0.0007810059356451108,0.0,0.36973722206179616,0.001018426109550317,5841,4067,3717,4547
NAMORA / AQUARIA NAUTI,0.005935645110902842,3.1562411886604515e-05,0.37184178428297615,0.0021529297658417863,1994,1356,3439,3202
NAMORITA DOPPELGANGE,0.015620118712902217,2.0034546007291755e-06,0.4672310611589549,0.02185016564127991,730,2740,368,413
NAMORITA | MUTANT X-,0.007497656982193065,0.0,0.34513989972505255,0.00036711039563783697,1588,4067,5422,5715
NAMORITA / NITA PRENTI,0.09778194314276788,0.005456494352521592,0.512898573946483,0.05965131860607227,51,66,52,54
NANABOZHO,0.0010934083099031551,0.0,0.35133355284820544,0.0004886927720984753,5492,4067,5082,5484
NANNY II,0.01140268666041862,1.0506321346940662e-05,0.4216280295047418,0.011218726189678625,1037,1902,1141,924
NANNY,0.004842236800999687,1.70046936194218e-06,0.380980718876458,0.00533445855234763,2327,2811,2783,1815
"NAPIER, RAMONA DR.",0.0037488284910965324,6.430971529113925e-06,0.3861045775284965,0.002414538607308034,2830,2173,2469,3010
NARDI,0.0039050296782255542,5.404039127197072e-08,0.3705933429811867,0.0019409978997485921,2721,3733,3581,3396
"NASH, JOHN JOHNNY TH",0.0012496094970321774,0.0,0.3574140241179098,0.0007942623954797942,5271,4067,4676,4929
"NASH, SABRINA",0.0012496094970321774,0.0,0.3574140241179098,0.0007942623954797937,5271,4067,4676,4930
N'ASTIRH,0.016869728209934393,6.21430365750234e-05,0.45459064119860826,0.016637316772356896,679,1066,521,609
NAUDA,0.0018744142455482662,0.0,0.29011646349753023,0.00015994352638768895,4385,4067,6373,6196
NAUTILUS,0.0006248047485160887,0.0,0.36918286142667667,0.0006361419707750143,6020,4067,3773,5193
NAVARRO,0.00031240237425804435,0.0,0.2923554662526258,1.8478256658810455e-05,6269,4067,6365,6374
NAZE,0.00937207122774133,5.301336988291801e-06,0.3861278648974668,0.007741886388552613,1293,2278,2467,1317
N'DELE,0.008591065292096219,0.0,0.4394865106061646,0.01325641164363887,1414,4067,780,796
NEBULA,0.019212746016869727,0.00014499573423280485,0.4552047781569966,0.018934638797236898,589,710,515,509
NEBULO,0.007029053420805998,4.826158227635865e-06,0.39213524439544284,0.00557961076261615,1704,2325,2162,1737
NEBULON,0.0078100593564511085,1.6648026058924614e-05,0.4328600405679513,0.008511959564591824,1526,1672,912,1199
NECRODAMUS,0.007341455795064043,1.5288483100703813e-05,0.4258631011774097,0.00868852290368346,1640,1716,1031,1174
NECROMANCER / DR. STEP,0.002655420181193377,2.449585213554256e-06,0.3880235165767622,0.0030585653133385115,3591,2664,2353,2638
NECROM,0.004373633239612621,6.176162714342766e-08,0.3522808562152644,0.0020476234399316694,2505,3703,4990,3299
NEDDA,0.0021868166198063103,6.710362497629153e-06,0.3525912871069009,0.0007036710764824825,4042,2152,4950,5084
NEEDLE,0.0060918462980318645,5.332448931886059e-06,0.39687558117909616,0.005641517903782184,1940,2272,1962,1712
NEFFETHESK,0.005779443923773821,1.2893114180356607e-06,0.37357763902666746,0.0043598988133776925,2050,2920,3288,2098
NEIFI [INHUMAN],0.0039050296782255542,1.63472754385096e-06,0.3589772344959067,0.0021492563803696472,2721,2824,4569,3204
"NEKOBAH, ROMAN",0.00359262730396751,2.396373607745209e-06,0.392833036755231,0.004575640577097785,2918,2671,2139,2037
NEKRA / ADRIENNE HATRO,0.014058106841611996,5.100590828390762e-05,0.4462879051934472,0.014237113305033477,813,1143,665,737
NELIT,0.002499218994064355,0.0,0.38678105364910587,0.0038975620222545314,3730,4067,2432,2261
"NELSON, CANDACE",0.012652296157450796,0.00010070446892891756,0.43105305682736333,0.008196968001465547,912,850,942,1256
"NELSON, DEBBIE HARRI",0.010153077163386441,0.00011852569573829503,0.4372950819672131,0.008043028911469735,1193,784,823,1281
"NELSON, FRANKLIN FOG",0.0802874101843174,0.006019831544755519,0.49984384759525297,0.04586863897612781,75,62,98,102
NEMESIS,0.005467041549515776,5.5150120687278155e-06,0.38360596800287616,0.004338016425868794,2133,2262,2613,2105
NEOPHYTE / ,0.008591065292096219,2.9104432764053654e-06,0.39628597957288764,0.008296340467473063,1414,2573,1991,1244
NEPHRI,0.0007810059356451108,0.0,0.3384794332240668,0.0004082663798975949,5841,4067,5850,5610
NEPTUNE [OLYMPIAN],0.006248047485160887,9.20444411697251e-06,0.40439643736971764,0.005459856591543839,1895,1970,1647,1776
NEPTUNIUM,0.005935645110902842,0.0,0.3930500982318271,0.004246168681860293,1994,4067,2123,2146
NEREEL,0.009528272414870352,5.976563753951248e-06,0.3987046148097403,0.009007194791901384,1270,2212,1862,1143
NESTOR,0.005779443923773821,1.071879503095252e-06,0.37839115786985045,0.004098246150207231,2050,2975,2929,2188
NETTLES,0.0015620118712902217,0.0,0.33345486744101255,0.0005814286103937437,4812,4067,6010,5318
NETWORK NINA,0.006248047485160887,5.660374390807114e-05,0.42146148782093484,0.00509630392968393,1895,1105,1145,1893
NEUROTAP / MICHELLE BA,0.0010934083099031551,0.0,0.34229802705448326,0.0007283274092126402,5492,4067,5676,5034
NEUT,0.004061230865354577,1.377618270532794e-07,0.3896056475170399,0.004934620241091439,2650,3548,2271,1931
NEUTRON,0.008747266479225241,1.5088802370745744e-05,0.4024896265560166,0.007950861547384232,1390,1725,1710,1287
"NEVILLE, KATE",0.008122461730709154,8.646269109352914e-05,0.4218780889621087,0.005594792723645774,1488,910,1133,1732
"NEWELL, DIANE ARLISS",0.010934083099031553,7.917168213769335e-05,0.41054251635244327,0.008993273102133667,1098,952,1450,1144
"NEWMARK, LOTUS",0.013433302093095907,0.0005078615137088942,0.45423584504044273,0.014708242211922734,860,367,533,710
NEW SUN,0.00499843798812871,5.59011077052778e-06,0.3620221669305587,0.0012824533531867405,2281,2253,4393,4138
NEZARR,0.017650734145579505,0.00011078363679581507,0.4494839570315243,0.015811082469458185,650,811,615,642
N'GAMI,0.001718213058419244,0.0,0.37583656216977807,0.0017427014542278248,4561,4067,3145,3575
N'GAMO,0.0021868166198063103,0.0,0.3657031874785788,0.0010198344126390218,4042,4067,4180,4538
N'GASSI,0.0010934083099031551,0.0,0.35501580435867575,0.0006791259539358851,5492,4067,4784,5124
NHU'ABDAR,0.0023430178069353325,5.651432155694768e-08,0.37491215741391426,0.0032500168785742985,3856,3724,3216,2550
"NICHOLS, LORNA",0.0006248047485160887,0.0,0.3759910730017032,0.0010056418712136174,6020,4067,3126,4579
"NICHOLS, TOM",0.0018744142455482662,9.761049031652691e-09,0.33534126027971295,0.0001797259761807845,4385,3948,5947,6146
NICKEL,0.003436426116838488,0.0,0.34125799573560767,0.0012619172667664247,3010,4067,5745,4179
NICODEMUS,0.00046860356138706655,0.0,0.3508906549739655,0.0006047235147909866,6167,4067,5120,5257
NICODEMUS II,0.00499843798812871,3.8441267134752e-06,0.36820613101742683,0.002333229324226533,2281,2444,3867,3071
NIELS,0.00718525460793502,9.750515188973103e-06,0.36077768385460696,0.0027837743851088976,1664,1941,4461,2794
NIGHT,0.0032802249297094657,2.341413958160799e-06,0.38050520059435367,0.0025869011493104364,3094,2683,2810,2911
NIGHTCRAWLER 2013,0.0014058106841611997,0.0,0.3395205770046669,0.0003373599071225682,5057,4067,5813,5788
NIGHTCRAWLER / KURT WA,0.13698844111215244,0.00951637200731675,0.5302302468113301,0.07348140226775803,35,36,35,34
NIGHTCRAWLER | MUTAN,0.011090284286160575,9.910478242922843e-06,0.3485978763953172,0.0005781415263698021,1080,1934,5235,5333
NIGHTEYES / ERIC,0.00046860356138706655,0.0,0.29818351187703773,4.2260193922866404e-05,6167,4067,6353,6356
NIGHTFIGHTER / ,0.0012496094970321774,0.0,0.32580152671755724,0.00011757725073504388,5271,4067,6193,6292
NIGHT FLYER,0.0021868166198063103,8.6791552161905e-07,0.3821405121470781,0.002067477014046346,4042,3056,2705,3279
NIGHTHAWK III / NEAL,0.0028116213683223993,0.0,0.31968441026665334,0.0005085867183660441,3463,4067,6293,5450
NIGHTHAWK II / KYLE RI,0.04029990627928772,0.0005883813211668495,0.4824415975885456,0.03344803636692148,224,331,209,207
NIGHTHAWK / KYLE RICHM,0.023117775695095284,0.0005386424388968986,0.4751020408163265,0.026630042766171383,458,354,284,303
NIGHTINGALE / ,0.008903467666354263,0.00013604760331368493,0.39808481532147744,0.0037410688344472706,1370,737,1893,2341
NIGHTMARE / EDVARD HAB,0.02296157450796626,0.0008104126800084262,0.46536308788253256,0.017332598977103295,461,278,389,583
NIGHT PHANTOM II,0.0007810059356451108,0.0,0.3778105635880791,0.0009306381046362917,5841,4067,2986,4701
NIGHT PHANTOM / TRAVIS,0.00031240237425804435,0.0,0.36116439128963107,0.0004530016275894667,6269,4067,4447,5537
NIGHT RIDER,0.004217432052483598,1.8620948508147444e-06,0.4103846153846154,0.005801504557975753,2569,2777,1453,1677
NIGHT RIDER III / HAMI,0.005935645110902842,4.191317647927215e-05,0.4081606630538731,0.006567516088684142,1994,1240,1536,1527
NIGHTSHADE / TILDA,0.018275538894095594,0.00013707798342210605,0.4433825057136921,0.012193460107482238,629,730,710,856
NIGHTSIDE,0.012496094970321774,2.2756574923676863e-05,0.41969319522748133,0.012316362481724605,931,1540,1185,848
NIGHTSTICK / ,0.002499218994064355,1.717518359866918e-07,0.36511919698870765,0.0013498838790450829,3730,3509,4206,4059
NIGHT THRASHER / DUANE,0.06310527960012496,0.00291848328119836,0.4956642923505729,0.03777314223218548,118,112,111,157
NIGHTWATCH / ,0.003436426116838488,0.0,0.3716259360306496,0.0015310322971001456,3010,4067,3470,3835
NIGHTWIND / ,0.002655420181193377,6.306182458815627e-09,0.346916657635201,0.001019471055565483,3591,3999,5306,4540
NIKKI / NICHOLETTE GOL,0.006560449859418931,2.3519345088805076e-05,0.3938722775932078,0.005620869948129946,1811,1518,2082,1722
NIMROD,0.00015620118712902218,0.0,0.3236929922135706,0.00010024003495850171,6354,4067,6235,6316
NIMROD III,0.0021868166198063103,4.358762721912296e-08,0.35558764718951347,0.001471182131730802,4042,3759,4753,3897
NINA,0.00499843798812871,1.9129619280881453e-06,0.3795127156322248,0.004952232990849096,2281,2761,2856,1927
NINGAL,0.0009372071227741331,0.0,0.3520677518697756,0.0005485563490622847,5676,4067,5002,5371
NINJA / ,0.002655420181193377,8.239873033179213e-07,0.3461101800291939,0.0009407531576006209,3591,3077,5371,4680
NIRA,0.0014058106841611997,0.0,0.33490269930947897,0.0005110779614476682,5057,4067,5987,5438
"NITAL, DR.",0.0010934083099031551,0.0,0.39091408682908957,0.002193621259810531,5492,4067,2214,3174
NITRO / ROBERT L. HUNT,0.01874414245548266,0.00022564040121751596,0.4357770063304064,0.01240130572547957,611,568,852,844
"NIVENA, JOANNA",0.0023430178069353325,0.0,0.37227423387800196,0.0013491140891571899,3856,4067,3393,4063
"NIXON, RICHARD",0.005623242736644799,5.529402199525731e-06,0.4323630715202269,0.008208680571020978,2087,2257,925,1254
NOBILUS,0.008747266479225241,1.0529440647188338e-05,0.3861511550756982,0.005382589714512599,1390,1900,2465,1800
NOBLE,0.0007810059356451108,0.0,0.3511986395304186,0.0005147146666159003,5841,4067,5096,5430
"NOCENTI, ANN",0.0067166510465479536,1.7256763309760267e-06,0.4168511524938143,0.008958134083221794,1774,2804,1258,1148
NOCTURNE II / ANGELA C,0.0020306154326772885,2.951104836465506e-07,0.37585862737039866,0.0015077475483434239,4200,3364,3144,3860
NOCTURNE / ,0.00718525460793502,3.275424996568765e-05,0.3925439941136796,0.0039420097755190646,1664,1341,2146,2244
NOMAD II / EDWARD FERB,0.0010934083099031551,0.0,0.3898428936792108,0.002105280052598207,5492,4067,2255,3237
NOMAD III / JACK MONRO,0.03202124336144955,0.0006340735754115679,0.4517039441190997,0.01910989408518205,307,316,576,504
NOM,0.0039050296782255542,0.0003335053443383509,0.35397545062479263,0.0005803081533477231,2721,467,4862,5322
"NORRISS, JACK",0.011090284286160575,0.0001235492829882828,0.43212959838002024,0.009204494235302195,1080,770,928,1124
"NORRISS, SISTER BARB",0.061543267728834734,0.001593858258837003,0.5005081698068955,0.04780415881381657,126,188,96,94
"NORTH, DAKOTA",0.008434864104967197,0.00016211986355259666,0.416796875,0.00510485229553167,1439,682,1260,1891
"NORTH, RICKY",0.0006248047485160887,7.427826731368789e-07,0.36656169481820783,0.0006224472931023017,6020,3108,4074,5221
NORTHSTAR DOPPELGANG,0.014058106841611996,0.0,0.46445153801509,0.02047584086216398,813,4067,413,456
NORTHSTAR / JEAN-PAUL,0.06560449859418932,0.0025876519231662416,0.5030250648228176,0.05175788336312556,110,124,84,76
NORTHSTAR | MUTANT X,0.0023430178069353325,0.0,0.34452696157571844,0.00029677513645138295,3856,4067,5507,5892
NOSFERATA / PURPLE HAY,0.0007810059356451108,3.2536830105508966e-08,0.35170026918639785,0.0004087837062120847,5841,3816,5031,5607
NOTE,0.001718213058419244,0.0,0.3309724448120767,0.00022392870479328705,4561,4067,6063,6038
NOVA 0:0,0.0015620118712902217,0.0,0.36370866946937846,0.0016150765250036246,4812,4067,4292,3725
NOVA DOPPELGANGER II,0.01437050921587004,2.053810925434224e-06,0.4507498415827642,0.01911766217235432,790,2726,594,503
NOVA DOPPELGANGER,0.013901905654482974,0.0,0.45272611555052683,0.017802034540310763,824,4067,553,552
NOVA II / FRANKIE RAYE,0.047172758512964694,0.001254598302480506,0.48654810761513906,0.040251951326543155,180,217,178,136
NOVA III / FRANKIE RAY,0.001718213058419244,0.0,0.38580209714354585,0.002928298458698131,4561,4067,2492,2706
NOVA II | MUTANT X-V,0.0020306154326772885,5.6939452684640694e-08,0.34448988377098577,0.00030572233388866815,4200,3718,5526,5864
NOVA | MUTANT X-VERS,0.007497656982193065,0.0,0.34513989972505255,0.0003671103956378364,1588,4067,5422,5728
NOVA OMEGA / GARTHAN S,0.004217432052483598,6.197486247797107e-07,0.3541908713692946,0.002025231988990402,2569,3152,4844,3319
NOVA-PRIME,0.005154639175257732,7.552167237208851e-06,0.3988288063792674,0.004401052687972902,2237,2085,1853,2089
NOVA / RICHARD RIDER,0.10887222742892845,0.006388155358996239,0.5204454922364036,0.06261911451991424,45,55,41,47
NOX,0.002499218994064355,1.1389941906495488e-06,0.35421046807568884,0.0009677477873220626,3730,2957,4843,4645
NOY,0.002655420181193377,6.306182458815627e-09,0.346916657635201,0.001019471055565483,3591,3999,5306,4540
NUADA,0.007653858169322086,0.0,0.4419744563341388,0.010273979133203538,1561,4067,738,1002
"NUGENT, ALICE",0.004217432052483598,1.139354840437023e-06,0.3963841248219924,0.005378265976042306,2569,2956,1985,1801
NUGENT,0.0015620118712902217,1.4172181122879573e-07,0.3547797173732336,0.0008837965175309508,4812,3541,4797,4793
NUKE,0.004217432052483598,2.2074385537083167e-07,0.397442264713186,0.0038874803975327056,2569,3457,1922,2270
NUKLO / ROBERT FRANK J,0.01499531396438613,6.417809281300665e-05,0.4334168302755399,0.013255040644097908,759,1051,904,800
NULLITRON,0.0014058106841611997,0.0,0.3585349462365591,0.001227831749036574,5057,4067,4601,4237
NUMBER NINE,0.0020306154326772885,1.0143356656697742e-06,0.38533766702780786,0.002316505255983276,4200,2998,2519,3081
NUMBER ONE FAN / PROF.,0.001718213058419244,0.0,0.3637706687879993,0.0017547148845799981,4561,4067,4288,3563
NUMBERS,0.00999687597625742,2.2549271231853746e-05,0.43388681802778717,0.009695524425947503,1215,1543,894,1079
NUNTOO,0.0010934083099031551,0.0,0.3665197229060514,0.0015802207076067742,5492,4067,4077,3756
NURIL,0.0012496094970321774,0.0,0.3420419939092803,0.00026586981164314675,5271,4067,5706,5967
NURO,0.01358950328022493,8.073264180771948e-05,0.4530464935248744,0.016171712648567066,850,937,547,634
NUTT,0.0012496094970321774,0.0,0.32359482410028306,0.00011943800683967443,5271,4067,6239,6280
NUWA,0.0031240237425804434,0.0,0.38216332378223494,0.002102248041193478,3214,4067,2702,3238
"NYLES, JENNIFER",0.0015620118712902217,2.003574555878245e-07,0.3598246402877698,0.0011525857498116522,4812,3479,4528,4355
NZAGA,0.0009372071227741331,0.0,0.33592192255220904,0.00021069275477292724,5676,4067,5931,6090
OBLITERATOR [ELDER],0.002655420181193377,1.8526354653079363e-08,0.34998906625847365,0.001300575452631048,3591,3904,5172,4111
OBLITERATOR II,0.0020306154326772885,0.0,0.3667506874427131,0.0016354595066561917,4200,4067,4044,3694
OBLIVION,0.012496094970321774,6.418989476604479e-05,0.44622569178225413,0.013711800681959107,931,1050,668,763
"O'BREEN, GLORIANNA",0.0060918462980318645,4.3201582791082356e-05,0.4170684039087948,0.0043622326826820434,1940,1218,1253,2097
"O'BRIEN, MICHAEL",0.04514214308028741,0.0004827531046512131,0.48956182610690524,0.03983858511813286,188,379,156,142
"O'BRYAN, BOB",0.0032802249297094657,5.8556900492333674e-05,0.37557198169658573,0.0012855315802300918,3094,1089,3167,4135
OCCULT,0.012652296157450796,4.411495209134274e-05,0.4297798066595059,0.010464276015059613,912,1203,961,982
OCCULUS,0.0015620118712902217,0.0,0.3675719124992823,0.0022259381215480774,4812,4067,3943,3156
"O'CONNELL, TARYN",0.0028116213683223993,8.511467574233369e-06,0.37229588276343334,0.0018538481200920192,3463,2017,3389,3480
"O'CONNOR, A.C. ACE",0.0018744142455482662,9.670011648633646e-07,0.33939458198589834,0.0006373782654941561,4385,3015,5826,5189
"OCULUS, LT.",0.00359262730396751,3.5696188081935745e-07,0.3438792501477145,0.0013041588764507658,2918,3315,5575,4108
ODDBALL / ELTON HEALEY,0.004529834426741643,1.2891827326034413e-05,0.38545366969715217,0.0032877432128904103,2437,1798,2512,2527
ODIN [ASGARDIAN],0.06825991877538269,0.0027495046531622893,0.49072512647554806,0.04299363718037316,104,116,150,116
"O'DONNELL, EAMON",0.0039050296782255542,3.2228243400306584e-06,0.37301171123929383,0.003650995035145645,2721,2529,3335,2374
O'DONNELL,0.003436426116838488,3.273493736633241e-06,0.3884237349836185,0.002895621582015786,3010,2525,2330,2719
"OGADA, DR.",0.0028116213683223993,0.0,0.3504296896381849,0.0015745215888918398,3463,4067,5149,3764
OGRE II,0.0020306154326772885,0.0,0.38211770323504834,0.0015555820929841104,4200,4067,2706,3789
OGRESS / ,0.006248047485160887,6.41767217228845e-06,0.3826658696951584,0.0033386860599485357,1895,2174,2674,2509
OGRE,0.012652296157450796,5.040763505346975e-05,0.41054251635244327,0.008036612596714957,912,1146,1450,1282
OGUN,0.0039050296782255542,2.9455541423013003e-06,0.38050520059435367,0.0036219717306353533,2721,2566,2810,2385
OGUR,0.002655420181193377,8.466206847469866e-07,0.393412400909482,0.003792534358585406,3591,3060,2109,2314
"O'HARA, GERALD",0.00046860356138706655,0.0,0.33112651287886624,0.00015589711474766049,6167,4067,6053,6209
"O'HARA, ROBERT IRONG",0.005467041549515776,9.737211281820539e-06,0.3993512569396794,0.004252802734762183,2133,1944,1831,2136
"O'HOOLIHAN, SERGIUS",0.0018744142455482662,7.507537286277937e-09,0.37285963890506696,0.002864144980431905,4385,3981,3342,2746
OJANI,0.0039050296782255542,9.642578786239907e-06,0.3525524533289278,0.000694885863187656,2721,1947,4953,5103
"O'KEEFE, CHANDRA",0.004373633239612621,3.4122536244779575e-05,0.4158493017213381,0.005078871351842212,2505,1319,1283,1895
OKOYE,0.01358950328022493,0.0001428052666011405,0.44335180055401663,0.01038309593969719,850,714,711,992
"OLAFSON, ERIC",0.0010934083099031551,0.0,0.36459935076029387,0.0010819297537833846,5492,4067,4246,4427
OLALLA,0.0012496094970321774,0.0,0.32847614161108263,0.00031208552867176937,5271,4067,6120,5842
OLAR,0.0031240237425804434,0.0,0.4028949024543738,0.0050665350495885325,3214,4067,1695,1900
OLD SKULL,0.004529834426741643,0.0004626639053092284,0.35298009593648344,0.0003915091032824161,2437,394,4928,5640
OLD WOMAN,0.0028116213683223993,5.5822992828079115e-09,0.3713457076566125,0.0016820820162121149,3463,4018,3504,3625
OLIVIER,0.001718213058419244,1.676025666110277e-05,0.35883638809483775,0.0006263083156928049,4561,1667,4581,5214
"OLLSEN, BO",0.0009372071227741331,0.0,0.3362571563632544,0.00034207510995583763,5676,4067,5918,5767
"OLSEN, JIMMY",0.0028116213683223993,3.0534547942067093e-06,0.3872723973141371,0.0027657172178641026,3463,2549,2399,2806
"OLSON, MRS.",0.005154639175257732,5.97131564458726e-07,0.3675719124992823,0.0032743278575227417,2237,3163,3943,2530
"O'MEARA, KATHLEEN",0.001718213058419244,0.0,0.3783240751684198,0.0020898229085622526,4561,4067,2937,3254
OMEGA-20 / EUGENE,0.0060918462980318645,4.240804763762878e-05,0.37857016143338656,0.0029012341864826778,1940,1233,2918,2718
OMEGA,0.0031240237425804434,2.3452207138443745e-07,0.41006917755572636,0.005400385958150713,3214,3441,1463,1788
OMEGA II,0.006872852233676976,1.2527040153255382e-05,0.4131922034335872,0.0062950650146272775,1733,1816,1366,1582
OMEGA RED / ARKADY ROS,0.01733833177132146,0.0002673623726896818,0.4229371738125124,0.013927730003198795,659,522,1106,755
OMERTA / ,0.0018744142455482662,0.0,0.34303166693457643,0.0012983888668021831,4385,4067,5623,4118
OMNIBUS / LT. DALLAS,0.006872852233676976,2.510141891218397e-05,0.40429428481212504,0.005936726356547579,1733,1476,1651,1638
OMORO,0.002655420181193377,8.836774864655856e-07,0.3657658687082215,0.0010783886580853187,3591,3045,4174,4432
ONE ABOVE ALL [CELES,0.01952514839112777,7.567808501225794e-05,0.46482247876279675,0.020021352757501026,575,977,398,475
ONEG,0.015307716338644172,7.547004967799454e-05,0.4484449425609414,0.015094938660938332,740,978,633,688
"O'NEIL, BRIDGET",0.004217432052483598,1.2741941331728043e-06,0.3906516963631926,0.005034493161490661,2569,2924,2224,1906
"O'NEILL, DET. BRADY",0.006560449859418931,8.264927441663585e-06,0.38753026634382565,0.004183381657139311,1811,2034,2385,2162
ONSLAUGHT II,0.016869728209934393,8.991670065241793e-05,0.46304064805439027,0.020572681382058474,679,888,428,455
ONSLAUGHT,0.0039050296782255542,0.0,0.3707221031906885,0.0028939992159349665,2721,4067,3566,2720
OPSIDIAN / ,0.002967822555451421,0.0,0.34461969101577217,0.0010871556650668371,3351,4067,5491,4420
ORACLE / LADY SIBYL,0.024211184004998436,0.00030647863610204875,0.44737945492662473,0.020148196851029487,429,485,647,469
ORB,0.005779443923773821,0.00010501786700772405,0.4068378240976106,0.004401554868963764,2050,834,1571,2088
ORBIT,0.002655420181193377,0.0,0.3699722607489598,0.0016426330229587036,3591,4067,3685,3673
ORIGIN / PHYLLIS TWOMB,0.004529834426741643,1.6517878969141616e-05,0.3986549598356062,0.0033504923972260538,2437,1679,1865,2505
ORIKAL,0.00718525460793502,1.0969445499594596e-05,0.3830092731079868,0.003603745320648085,1664,1878,2648,2396
ORINI,0.0021868166198063103,4.241024278059145e-08,0.3527467078075927,0.0010518161254355301,4042,3763,4938,4471
ORKA,0.019056544829740705,0.00010324505556614942,0.44390514491748717,0.018041112022449658,598,843,704,541
ORPHAN,0.0010934083099031551,0.0,0.37001502716448964,0.0012476688938186627,5492,4067,3677,4213
ORPHAN II / GUY SMITH,0.0020306154326772885,0.0,0.3586353705674752,0.0009915004361328108,4200,4067,4593,4606
ORPHAN-MAKER / PETER,0.01140268666041862,1.0506321346940662e-05,0.4216280295047418,0.011218726189678627,1037,1902,1141,923
OSAMA,0.004529834426741643,8.319946461703768e-07,0.38303218858442023,0.005245094833489731,2437,3071,2646,1835
"OSBORN, EMILY",0.0009372071227741331,0.0,0.36658268437929453,0.0006666185799501925,5676,4067,4071,5143
"OSBORN, HARRY",0.04217432052483599,0.0008808565664871565,0.47840382603497233,0.02652017496916212,208,262,256,304
"OSBORN, LIZ ALLAN",0.05435801312089972,0.0016843718230520324,0.47672946608086975,0.026980336086219844,148,177,266,297
"OSBORN, NORMAN",0.0018744142455482662,0.0,0.36831204694511566,0.0014819486581692642,4385,4067,3861,3887
"OSBORN, NORMIE",0.029053420805998126,0.00045431822517088004,0.449989456666901,0.015525463471038076,344,398,607,660
"O'SHAUGNESSY, COLLEE",0.00031240237425804435,0.0,0.3260006110601894,0.00012098592189269041,6269,4067,6186,6270
OSHIMA,0.0012496094970321774,0.0,0.33698284029897885,0.00033559906513691025,5271,4067,5893,5802
OSHTUR,0.0037488284910965324,6.212951020190151e-06,0.35839444662150816,0.001549433019980881,2830,2190,4604,3796
OSIRIS,0.009840674789128397,5.216830734008457e-05,0.44381282495667246,0.011782828313688067,1240,1136,706,884
"OSNICK, OLLIE",0.001718213058419244,2.109436724484678e-08,0.36839682357003106,0.0013502381895651827,4561,3886,3851,4057
OTHER,0.002967822555451421,0.0,0.3935817041682036,0.0034425561183395615,3351,4067,2102,2469
OTHER II,0.0012496094970321774,0.0,0.3465598440967899,0.0006523509949138487,5271,4067,5338,5172
OTOMO,0.0010934083099031551,0.0,0.3495686360161625,0.0007641836829913363,5492,4067,5191,4980
OUBLIETTE / ,0.00046860356138706655,0.0,0.2654999377928918,1.6460035953724476e-06,6167,4067,6389,6403
OUIJA / ,0.002655420181193377,0.0,0.33946656768651573,0.0008566673192129302,3591,4067,5818,4837
OUTLAW / NIGEL HIGGINS,0.001718213058419244,2.2188884676017075e-08,0.3449539307074735,0.00042254400918713235,4561,3877,5455,5583
OUTRIDER II / MARTIN Z,0.0010934083099031551,0.0,0.36721349087988986,0.0008569757505063245,5492,4067,3987,4835
OUTRIDER / OCLIN UWIR,0.002499218994064355,2.3189209573280346e-07,0.3429030530262453,0.00029078656924819434,3730,3447,5632,5912
OVERBOSS DIXON,0.00359262730396751,4.939894446403884e-05,0.3949170316451792,0.002385446587574486,2918,1155,2040,3022
OVERMIND / GROM,0.01077788191190253,2.6092524124127397e-05,0.418705035971223,0.009653802233758215,1109,1458,1224,1084
OVERRIDE / DR. GREGORY,0.009840674789128397,4.327738674371019e-05,0.3890137935225132,0.0036476614669789784,1240,1217,2302,2375
OVERRIDER / ,0.0020306154326772885,0.0,0.3589571068124474,0.0009433072177038029,4200,4067,4571,4677
OWAYODATA,0.0010934083099031551,0.0,0.35133355284820544,0.0004886927720984751,5492,4067,5082,5486
OWL / LELAND OWLSLEY,0.010465479537644486,8.312441015500894e-05,0.40779667494744887,0.007561475148918841,1156,925,1544,1346
OX,0.007497656982193065,3.638143964321612e-05,0.41122816032887977,0.006180980089465653,1588,1295,1424,1599
OXBOW / ,0.00999687597625742,0.00020623515427444113,0.4053694674855949,0.005343614535507462,1215,600,1618,1813
OX II / DR. KARL STRAG,0.0006248047485160887,0.0,0.35102533172496986,0.0006220057389870715,6020,4067,5105,5222
OX III,0.004842236800999687,4.518775450754253e-06,0.3894871326884468,0.0031871584420625847,2327,2367,2277,2571
OX IV,0.004686035613870665,6.776561577505802e-06,0.38603473227206947,0.0031076746442928503,2377,2142,2474,2613
"OXNARD, PHIL",0.0015620118712902217,0.0,0.3737957610789981,0.0008065987798830925,4812,4067,3279,4909
"OXTON, PROFESSOR HEN",0.003436426116838488,1.9195825189065775e-07,0.34125799573560767,0.00047623133209349894,3010,3487,5745,5498
"OZ, DR. MALACHI",0.0007810059356451108,0.0,0.29992972593113143,3.663298320863458e-05,5841,4067,6347,6359
OZYMANDIAS,0.016244923461418308,0.0004291006243873456,0.4516402116402116,0.017377942679315805,707,410,578,580
"PACE, MICHAEL",0.0014058106841611997,0.0,0.3713672486803179,0.0012584829406347869,5057,4067,3499,4194
"PACKER, ARTIE",0.0010934083099031551,3.794214220368223e-08,0.3273675598281857,0.00027092669373219376,5492,3797,6154,5946
PAGAN,0.004686035613870665,1.2656667625979855e-06,0.4022367429002262,0.0057749615285737745,2377,2925,1716,1681
"PAGE, KAREN",0.04842236800999687,0.0031581123767547552,0.47944282183778925,0.028089238896434734,168,103,244,271
"PAIBOK, CAPT. [SKRUL",0.01499531396438613,1.921954466404487e-05,0.4516402116402116,0.0183703588402377,759,1606,578,525
PAI,0.002655420181193377,0.0,0.3634196185286104,0.0012954592551743054,3591,4067,4304,4123
"PAINE, DR.",0.0007810059356451108,0.0,0.36643580791025127,0.0006627740413175286,5841,4067,4087,5149
PAIN,0.0009372071227741331,0.0,0.3530579606242762,0.0004440701976122476,5676,4067,4920,5551
PAINTER / WILHELM VON,0.004217432052483598,1.2805488194997705e-07,0.4218224945641431,0.006409316336109752,2569,3567,1136,1560
PAKAI,0.0010934083099031551,0.0,0.3665197229060514,0.001580220707606774,5492,4067,4077,3758
PALADIN / PAUL DENNIS,0.04686035613870665,0.001322152882844895,0.4911769218965782,0.038111081616878845,181,209,143,152
"PALERMO, HARRIET ROS",0.012183692596063729,3.124179292136146e-05,0.42335669884935856,0.007535168484027686,970,1360,1096,1349
"PALERMO, VICTOR",0.012339893783192751,3.226535156141179e-05,0.4234967255407819,0.0075628987701093706,947,1346,1090,1345
"PALMIOTTI, JIMMY",0.0060918462980318645,0.0,0.4142616798239938,0.005241954227361039,1940,4067,1327,1838
PAM,0.0018744142455482662,0.0,0.3872723973141371,0.003382018321130515,4385,4067,2399,2495
PANDEMONIA,0.0037488284910965324,3.6140956507133995e-06,0.35815384615384616,0.001987190607826994,2830,2477,4617,3364
PAPA GRANITE,0.0014058106841611997,0.0,0.34220654265554845,0.0005739646244932564,5057,4067,5680,5343
PAPA HAGG,0.004373633239612621,2.2398657175849952e-06,0.40959692898272554,0.005404352115416415,2505,2697,1484,1787
PAPA NEBO,0.00031240237425804435,0.0,0.26911597797301273,7.499629767525965e-06,6269,4067,6382,6384
PARADIGM,0.00359262730396751,4.654058845950609e-07,0.3489969472307021,0.001693135511978612,2918,3237,5217,3616
PARADOX,0.0018744142455482662,5.268432414525181e-07,0.35210647893521063,0.0007586494362701383,4385,3215,4999,4984
PARADOX II,0.0018744142455482662,0.0,0.3489969472307021,0.001209126182886845,4385,4067,5217,4269
"PARADY, CAPT. RONALD",0.0010934083099031551,0.0,0.3703146691346599,0.0007861965137552858,5492,4067,3614,4940
PARALYZER,0.010934083099031553,2.4261666227601482e-05,0.42731277533039647,0.010094001122079227,1098,1496,1001,1028
"PARETSKY, DR. GARY",0.01140268666041862,4.698408419357906e-05,0.41431529899042197,0.008442240043835538,1037,1178,1325,1214
"PARETTI, TONY",0.0007810059356451108,0.0,0.3220321931589537,0.00021703208103709552,5841,4067,6259,6077
PARIS,0.01140268666041862,0.00014950086788556653,0.4306471142203686,0.008947829356074485,1037,696,949,1151
"PARK, ARCHIE",0.00359262730396751,3.075255587063651e-05,0.3697158697158697,0.0012180584979936825,2918,1365,3721,4256
"PARKER, BEN",0.0067166510465479536,4.345069803054342e-05,0.39633504612146353,0.004664209089762786,1774,1215,1988,2006
"PARKER, HORACE",0.0010934083099031551,0.0,0.3659749614131367,0.0007320739836389154,5492,4067,4143,5029
"PARKER, MARY",0.004217432052483598,4.754183988990678e-06,0.3881882124666505,0.0038295463524716292,2569,2334,2345,2300
"PARKER, MARY (ROBOT)",0.004842236800999687,9.348185028904392e-06,0.40251493241119146,0.003717319460509709,2327,1959,1708,2348
"PARKER, MAY",0.0788815995001562,0.005405163325499402,0.4954341433214673,0.036372613909881626,77,68,114,173
"PARKER, MAY III",0.0037488284910965324,0.0,0.37227423387800196,0.0024221029746252063,2830,4067,3393,3004
"PARKER, MAY II",0.0037488284910965324,0.0,0.373098665423393,0.0022988921893542756,2830,4067,3328,3093
"PARKER, MAY | TIMESL",0.0039050296782255542,0.0,0.38771802325581395,0.0035173937508154083,2721,4067,2369,2434
"PARKER, PETER | TIME",0.0039050296782255542,0.0,0.38771802325581395,0.0035173937508154052,2721,4067,2369,2442
"PARKER, RICHARD",0.004686035613870665,8.73403385246537e-06,0.3882588392261508,0.003883385862593664,2377,2000,2339,2272
"PARKER, RICHARD (ROB",0.004217432052483598,3.3218189719121503e-06,0.40241372807844616,0.00365821456563716,2569,2514,1714,2367
"PARKS, JOE",0.0021868166198063103,5.739374648549092e-07,0.40437089439110663,0.004416480309268628,4042,3184,1650,2084
"PARKS, JUDITH",0.002499218994064355,5.496171343087914e-07,0.4005004691898655,0.0038730251260428185,3730,3202,1787,2283
"PARRISH, MAX",0.0012496094970321774,3.59594193810673e-07,0.3618584671037757,0.0008932007528744881,5271,3310,4413,4778
PARSON / ,0.0009372071227741331,0.0,0.2773709977903904,1.2815654767444394e-05,5676,4067,6376,6381
"PARSONS, DR. DEREK",0.0031240237425804434,4.1213074184975634e-08,0.34443428202507126,0.001199241177061706,3214,3777,5532,4289
"PARTRIDGE, STEVE",0.002499218994064355,3.166542826223571e-07,0.3754178150472058,0.0015656469554961615,3730,3348,3178,3774
P,0.0009372071227741331,0.0,0.36589129565068296,0.0005743891217816423,5676,4067,4157,5342
PAST MASTER / PROFESSO,0.00015620118712902218,0.0,0.3574140241179098,0.0003964723072281349,6354,4067,4676,5631
PATCH II,0.006248047485160887,3.2088836888738554e-05,0.3506024096385542,0.0017350035147214908,1895,1350,5136,3583
PATCHWORK / KYLE BARKE,0.0012496094970321774,1.481859402761591e-06,0.37169066418950303,0.0012378005820733173,5271,2865,3458,4219
PATHWAY / LAURA DEAN,0.015307716338644172,9.47810892968284e-05,0.44322902243145945,0.015781397243554318,740,870,712,647
"PATILIO, MARIE",0.0010934083099031551,0.0,0.36618429331350455,0.0006586496076715131,5492,4067,4114,5157
"PATRICK, KERRY",0.004686035613870665,1.1200876791980687e-06,0.39134421419402166,0.005145367492154805,2377,2961,2201,1878
PATRIOT / JEFF MACE,0.0037488284910965324,7.422318615302091e-06,0.3831238779174147,0.002123807751360681,2830,2096,2638,3221
"PATTERSON, JACK",0.0015620118712902217,0.0,0.37210113339145595,0.0007564088124307917,4812,4067,3409,4990
"PATTON, JESS",0.0007810059356451108,0.0,0.36869384934346927,0.0009316433511824298,5841,4067,3814,4695
PAVANE II,0.0006248047485160887,0.0,0.3616949152542373,0.000728268645677522,6020,4067,4421,5036
PAVANE,0.0010934083099031551,5.3080508055827736e-08,0.3207736246116845,0.00012571368394496206,5492,3739,6267,6264
PAYBACK / ,0.00031240237425804435,0.0,0.3351481520259659,0.00017916505394698046,6269,4067,5978,6148
"PAYGE, REEVA",0.004217432052483598,0.0,0.3952339795036424,0.006076224247873408,2569,4067,2029,1610
"PAYNE, EDWARD",0.001718213058419244,0.0,0.35448504983388707,0.0010159567503069203,4561,4067,4825,4553
"PAYNE, MICHAEL",0.001718213058419244,0.0,0.35448504983388707,0.00101595675030692,4561,4067,4825,4554
PEACEKEEPER / JOSHUA,0.001718213058419244,6.47598459763882e-08,0.3552719200887902,0.0007081306485404011,4561,3700,4778,5074
PEACEMONGER / ,0.00015620118712902218,0.0,0.33771166323785407,0.0002171019439663211,6354,4067,5863,6076
PEARLA,0.0018744142455482662,2.0829652918012753e-09,0.3807994289793005,0.003074617167957408,4385,4058,2798,2633
"PEARSON, AUBREY",0.001718213058419244,1.051499171693199e-06,0.4093088677194553,0.002886483364600487,4561,2980,1496,2727
"PEARSON, MARCY",0.008434864104967197,1.335004278599167e-05,0.4023631449940293,0.006734675496446744,1439,1780,1715,1492
PEATOR,0.03514526710402999,0.0002633159826186088,0.4848163574403635,0.035848272299333815,273,527,192,177
PECOS BILL,0.0037488284910965324,0.0,0.397639751552795,0.005395117576315077,2830,4067,1904,1790
"PEEL, EMMA",0.004842236800999687,0.0,0.39877912046841907,0.007679889138392845,2327,4067,1857,1326
PELE II,0.001718213058419244,0.0,0.3418228415825725,0.0009232180378397288,4561,4067,5720,4723
PELE / MICHI SASAKI,0.0032802249297094657,3.475200845974129e-07,0.3848743537333173,0.003657722159653906,3094,3328,2548,2368
PELIALI,0.001718213058419244,0.0,0.3775431974995577,0.0023691053792847553,4561,4067,3003,3035
"PELTINO, LT.",0.0021868166198063103,0.0,0.3759469140877327,0.001701015868935771,4042,4067,3137,3614
PEMBROKE,0.005310840362386754,4.960784526720727e-06,0.40185801267968113,0.004692827183440455,2184,2315,1728,1994
PENANCE III,0.01077788191190253,4.262307620525892e-05,0.3938722775932078,0.00924675777113557,1109,1229,2082,1120
PENANCE / MONET ST. CR,0.025460793502030614,0.00047683334975017237,0.4121547672696839,0.012658490671971553,403,383,1397,830
"PENDRAGON, ARTHUR",0.0014058106841611997,3.831559963149831e-07,0.37612361200869515,0.0014155037433680607,5057,3288,3115,3965
"PENNINGTON, AUDRA",0.0014058106841611997,0.0,0.3242011444776422,0.00013191816688057332,5057,4067,6224,6247
PENNSU,0.001718213058419244,0.0,0.36468242665907147,0.0011368576938926263,4561,4067,4234,4375
"PENNYWORTH, J.C.",0.005623242736644799,4.109909299324092e-06,0.4168240119799466,0.00672788665696913,2087,2407,1259,1494
PENTIGAAR,0.0039050296782255542,3.26591267913792e-07,0.3697585768742058,0.00321463910933838,2721,3344,3715,2564
"PEREGRINE, LE / FRANCK",0.02139956263667604,9.542525591082452e-05,0.47492581602373884,0.0270966790010935,513,866,287,295
"PEREZ, DET. CECILIA",0.0012496094970321774,2.9707763863766485e-06,0.33104090180464346,0.00023733263995621116,5271,2559,6057,6016
"PEREZ, GEORGE",0.007497656982193065,0.00010246927630710659,0.41223438506117194,0.006668365777323645,1588,845,1395,1514
PERRIKUS,0.007029053420805998,3.9217824621872245e-05,0.4165528010931095,0.005693693627352502,1704,1263,1264,1697
PERSEPHONE,0.004217432052483598,1.288974002233386e-06,0.4011026878015162,0.005908382010383825,2569,2921,1767,1647
PERSEPHONE II,0.0006248047485160887,0.0,0.3315724052206339,0.0001954980061846259,6020,4067,6043,6112
PERSUASION / KARA KILL,0.017494532958450482,0.00012947440081184693,0.44638125784409427,0.017208618083081204,656,752,663,589
PERUN,0.006404248672289909,1.3675893963088453e-05,0.3964823186969716,0.00530637205358116,1854,1767,1979,1820
PESTER,0.004529834426741643,0.0,0.37102289191538684,0.002832960181210412,2437,4067,3536,2766
PESTILENCE / CAPT. F.R,0.0032802249297094657,2.007966842883525e-08,0.37467080236437056,0.0032991660491766875,3094,3896,3226,2523
PESTILENCE | MUTANT,0.0023430178069353325,0.0,0.3449167609503798,0.0003532733492679974,3856,4067,5461,5747
"PETERS, NIGEL",0.00046860356138706655,0.0,0.32433253964233244,0.00012612158987698407,6167,4067,6217,6262
"PETERS, SHANA TOC",0.00031240237425804435,0.0,0.3287460203348054,0.00022722404739873532,6269,4067,6112,6032
PET,0.0015620118712902217,1.2201311289565864e-08,0.33492021972273084,0.0005130899411860625,4812,3924,5983,5434
"PETRIE, JUDGE RICHAR",0.0015620118712902217,0.0,0.36905516804058336,0.0015987832808520368,4812,4067,3782,3740
"PETROVITCH, DMITRI",0.0020306154326772885,1.284335387508686e-06,0.37070063694267513,0.0010666923638246908,4200,2922,3573,4442
"PETROVITCH, IVAN",0.01577631990003124,0.00021640309410813046,0.44794290512174645,0.012445990471764161,722,584,639,840
"PEYER, DANNY",0.0009372071227741331,0.0,0.3462599383417167,0.0005631720162429956,5676,4067,5355,5356
PHAE-DOR,0.002967822555451421,2.8361612821645184e-07,0.36014851485148514,0.0025144936815772903,3351,3373,4505,2949
PHANTAZIA / ,0.005467041549515776,1.477109700487855e-05,0.4015555416170106,0.004373522417891819,2133,1736,1734,2093
PHANTOM EAGLE,0.0007810059356451108,3.868756303288385e-08,0.3574339791189772,0.0007838200088581952,5841,3792,4674,4942
PHANTOM,0.0006248047485160887,0.0,0.33744465528146744,0.0003406540269713267,6020,4067,5870,5774
PHANTOM RIDER II / HAM,0.004842236800999687,2.11898105685267e-06,0.3969001859888407,0.0060699651164701635,2327,2712,1957,1613
PHARAOH KHAFRE,0.0010934083099031551,0.0,0.36337836303780224,0.000979780428596368,5492,4067,4314,4630
PHARAOH RAMA-TUT,0.06263667603873789,0.001704411420210445,0.4939433685672402,0.049332430358508296,121,176,123,85
PHASTOS [ETERNAL],0.012339893783192751,0.00010289749757776195,0.4107795957651588,0.0104466085643142,947,844,1440,984
PHAT / BILLY BOB REILL,0.0020306154326772885,0.0,0.3586353705674752,0.0009915004361328108,4200,4067,4593,4606
PHEMOUS,0.002499218994064355,0.0,0.3541908713692946,0.0008778693727785974,3730,4067,4844,4810
"PHILIPS, PHILIP",0.0006248047485160887,0.0,0.3504105090311987,0.00046693666161913094,6020,4067,5153,5507
"PHILLIPS, HANDSOME H",0.005467041549515776,8.365934399887427e-07,0.38307802776448063,0.004671167745345574,2133,3067,2641,2005
"PHILLIPS, SIR GORDON",0.004686035613870665,0.0,0.3855233048295797,0.005920356502210794,2377,4067,2508,1645
"PHIM, FATHER",0.00359262730396751,7.1145013918658785e-06,0.3789511069018586,0.002506499840193137,2918,2122,2888,2956
PHINEAS,0.002967822555451421,4.431966451392735e-07,0.37552792116377287,0.0034789455447748843,3351,3253,3171,2455
PHOBIUS,0.013745704467353952,4.280903535064247e-05,0.42694231410470157,0.012633690962231936,843,1227,1012,831
PHOBOS,0.0018744142455482662,0.0,0.35301902398676593,0.0008886118751215848,4385,4067,4924,4790
PHOENIX 2013,0.004686035613870665,4.2760354975464195e-05,0.3778328611898017,0.004803037825385849,2377,1228,2983,1959
PHOENIX II,0.02280537332083724,0.0001383725940489456,0.4610066969107799,0.01775924535999224,466,726,450,563
PHOENIX III / RACHEL S,0.06497969384567323,0.00291443832975219,0.48900091659028416,0.04177104258555176,114,113,162,123
PHOSPHORUS,0.005935645110902842,7.452221201640424e-07,0.39719568184638293,0.005522355851732567,1994,3096,1929,1751
PICARO / FELIPE,0.0037488284910965324,0.0,0.41911620294599017,0.005388074555951558,2830,4067,1207,1798
PICO,0.00359262730396751,3.9145715086632846e-08,0.35444579780755175,0.0018200242381356101,2918,3787,4828,3510
PIECEMEAL / GILBERT BE,0.00999687597625742,2.9288894050224896e-06,0.4127659574468085,0.010117017411167141,1215,2568,1376,1023
"PIERCE, ALEXANDER GO",0.016557325835676352,0.0002921737787992414,0.4589247311827957,0.013857200916682952,693,499,475,757
"PIERCE, DONALD",0.020306154326772883,0.00017662440544213511,0.4234126984126984,0.01368354214466225,544,652,1094,766
"PIERSON, FRED",0.00046860356138706655,0.0,0.31787487586891755,6.240336131069242e-05,6167,4067,6305,6342
PIERSO [TRIONIAN],0.0020306154326772885,0.0,0.32745128126438544,0.00021602144088121643,4200,4067,6151,6078
PIGSKIN / ,0.0015620118712902217,0.0,0.3627606527651859,0.000579109257914797,4812,4067,4357,5327
"PIKE, FRISCO",0.0012496094970321774,0.0,0.35311638168781023,0.0007862971650672781,5271,4067,4917,4938
PILEDRIVER,0.001718213058419244,0.0,0.38738956795352775,0.0031320015218997393,4561,4067,2393,2594
PILEDRIVER II / BRIAN,0.02874101843174008,0.00018838052209377485,0.4742573523964738,0.027222569560457596,351,636,291,291
PILGRIM,0.004686035613870665,2.0846139740332668e-05,0.37816764132553604,0.0012380599280197029,2377,1576,2958,4216
PILGRIMM,0.0015620118712902217,0.0,0.37296824934459655,0.001938092520008724,4812,4067,3338,3400
"PILLMAN, JIM",0.00031240237425804435,0.0,0.32723369454099366,0.0001982801642221895,6269,4067,6158,6111
"PINKERTON, PERCIVAL",0.0015620118712902217,0.0,0.3771206409048068,0.0011593956828339696,4812,4067,3042,4338
"PINKERTON, RUDY",0.0009372071227741331,0.0,0.3590577678070667,0.0007574520578462918,5676,4067,4565,4987
PINK PEARL / ,0.008903467666354263,1.2798386456264413e-05,0.3867109634551495,0.004728936495139204,1370,1803,2439,1985
"PINKWATER, ELLA",0.00015620118712902218,0.0,0.34901597339584584,0.00030400636272246074,6354,4067,5211,5868
PINTA,0.0007810059356451108,0.0,0.29992972593113143,3.66329832086344e-05,5841,4067,6347,6361
PIPELINE / CORMICK GRI,0.01733833177132146,8.69548603804015e-05,0.4334168302755399,0.015781300229864126,659,908,904,648
PIPER,0.012027491408934707,2.0848380292546258e-05,0.4349775784753363,0.01333519351764319,984,1575,857,788
PIP / PRINCE GOFERN,0.03670727897532021,0.0004714155883717293,0.4829146865806744,0.03480441265269283,256,386,207,190
PIRANHA,0.0039050296782255542,1.286864091724747e-05,0.40925653646998655,0.00440961068800718,2721,1800,1498,2085
PIRANHA II / ,0.0006248047485160887,0.0,0.3357281451570612,0.00016727494974821527,6020,4067,5939,6162
PIROUETTE / JOBETH,0.006248047485160887,4.6778626366871065e-06,0.3913920645595158,0.007065860995517825,1895,2344,2194,1425
PISCES II,0.004686035613870665,2.139666676405076e-07,0.3433075933075933,0.0014328684473283015,2377,3464,5608,3953
PISCES / NOAH PERRICON,0.006404248672289909,2.690918668110797e-06,0.4040136312003029,0.006697031810791644,1854,2614,1662,1504
PISTON / ANDREI SEMYAN,0.002655420181193377,0.0,0.36801563577833984,0.0016702905450982986,3591,4067,3889,3641
PIXIE /  [ETERNAL],0.015620118712902217,0.0006545863108343318,0.4274268927760716,0.009703165392461853,730,309,995,1078
PIXIE II / ,0.0018744142455482662,0.0,0.3662680931403398,0.001826557976349143,4385,4067,4106,3501
P'KAR,0.0031240237425804434,0.0,0.3602701181767023,0.001543310531811403,3214,4067,4494,3816
"P'KRRD, CAPTAIN",0.0023430178069353325,0.0,0.3731639076707857,0.002790492627896145,3856,4067,3320,2792
PLAGUE,0.009215870040612308,2.232477019929058e-06,0.39729427826734515,0.008068132198177688,1318,2698,1926,1277
PLANNER,0.005623242736644799,7.174420772142361e-06,0.38589511754068717,0.003726243752248114,2087,2118,2485,2346
PLANTMAN / SAM SMITHER,0.026398000624804747,0.0002939373278840695,0.4742222222222222,0.024492249174063112,387,496,292,349
PLASMA / ,0.0009372071227741331,7.655869390515299e-07,0.36884254191392524,0.0010680025955170146,5676,3090,3807,4440
PLASMA WRAITH,0.0015620118712902217,0.0,0.3622065063649222,0.00102940947156016,4812,4067,4386,4512
PLAZM,0.0015620118712902217,0.0,0.3580737177694502,0.00041440839427559265,4812,4067,4624,5596
"PLEXICO, DET.",0.0023430178069353325,3.5060724050499637e-07,0.3722093023255814,0.0017155282933760362,3856,3325,3402,3604
PLEX INTELLIGENCE,0.0007810059356451108,3.2536830105508966e-08,0.2655219609306955,1.6590668301608002e-06,5841,3816,6384,6399
"PLUNDER, ADAM KYLE M",0.010621680724773508,0.00013027267768346858,0.42541032626752606,0.010147593377932147,1131,748,1044,1012
PLUNDERER / LORD EDGAR,0.008122461730709154,0.0001233250914851148,0.40170672021083015,0.007124672532272215,1488,772,1732,1417
PLUTONIUM,0.005935645110902842,0.0,0.3930500982318271,0.004246168681860297,1994,4067,2123,2142
PLUTO [OLYMPIAN],0.023273976882224306,0.0004701244565312885,0.44594594594594594,0.019212035351057324,454,387,673,499
PO,0.0032802249297094657,7.308903966295261e-06,0.3266993263931415,0.00016095198921314428,3094,2101,6160,6174
"POGUE, BARTON",0.0021868166198063103,0.0,0.3785925487876996,0.0019843373936858743,4042,4067,2917,3366
POISON / CECILIA CARDI,0.001718213058419244,3.4217101216153873e-07,0.33061350960545344,0.0002695133411642047,4561,3330,6077,5953
"POITIER, CLAUDE",0.00499843798812871,4.569179539061999e-06,0.36614240777809554,0.0013888873465729176,2281,2360,4121,3983
"PO, KIM",0.0018744142455482662,0.0,0.3539558799137502,0.0007045575653546742,4385,4067,4865,5082
POLARIS DOPPELGANGER,0.015307716338644172,1.2424954299720628e-06,0.4568614857632199,0.018863904968902848,740,2931,496,510
POLARIS / LORNA DANE,0.08903467666354264,0.0031232336460784143,0.5088625705428821,0.056117401205143295,60,107,64,62
POLARIS | MUTANT X-V,0.012339893783192751,1.2078736740125462e-05,0.3484081632653061,0.000545210758906375,947,1837,5238,5375
POLESTAR / ,0.004373633239612621,5.263530715829136e-07,0.3733379986004199,0.0018553909298157556,2505,3216,3310,3479
"POLOMBO, CATHY",0.0023430178069353325,0.0,0.37171224525344015,0.002849114536237932,3856,4067,3455,2757
POLTERGEIST / MICKEY S,0.004529834426741643,3.2157480056140027e-06,0.3983325037332006,0.0051716888106813595,2437,2530,1884,1870
"POMEROY, SYLVIA",0.002967822555451421,0.0,0.34249946501176975,0.0011791397710851162,3351,4067,5654,4311
"PONG, WU",0.002499218994064355,4.202424463151739e-06,0.41202213927146353,0.0035985112241820093,3730,2397,1401,2401
POPE,0.0012496094970321774,6.662958973116403e-07,0.38191254548708464,0.0013635039848117773,5271,3135,2727,4041
POPEYE,0.004842236800999687,0.0,0.39877912046841907,0.007679889138392841,2327,4067,1857,1327
POPPA WHEELER,0.0020306154326772885,1.7568011932938256e-06,0.3671082057457423,0.0009699663046165581,4200,2797,3996,4641
PORCAL,0.005623242736644799,2.3653716776572754e-07,0.3843429188929579,0.004269761270060549,2087,3436,2581,2130
PORCUPINE / ALEX GENTR,0.022024367385192128,6.650476359165155e-05,0.4672992700729927,0.021884869967717303,495,1035,367,412
PORGA,0.0020306154326772885,0.0,0.33953858392999203,0.00043838660611759733,4200,4067,5806,5557
PORTAL / CHARLES LITTL,0.005154639175257732,1.6752885615983402e-05,0.40678612276019827,0.0032435779494858516,2237,1670,1573,2553
"PORTER, KIM",0.0014058106841611997,0.0,0.3347450980392157,0.0004987631598758152,5057,4067,5993,5469
POSITRON / RONNIE,0.016869728209934393,0.0006627532152149468,0.4424631971801783,0.014144399865546347,679,308,731,740
"POTTER, BETSY BEATTY",0.00718525460793502,8.760745316035748e-06,0.41536365405826253,0.005538353659652477,1664,1998,1303,1744
"POTTS, VIRGINIA PEPP",0.0009372071227741331,0.0,0.2773709977903904,1.2815654767445009e-05,5676,4067,6376,6377
POUNDCAKES / MARIAN PO,0.018587941268353638,0.00013163850306929244,0.4525341061709196,0.016460052272626265,620,747,563,615
POWDERKEG / FRANK SKOR,0.0010934083099031551,0.0,0.3498360655737705,0.0004082741501745056,5492,4067,5184,5609
POWDERKEG II,0.0010934083099031551,0.0,0.3425727739726027,0.0010259049227036455,5492,4067,5649,4524
"POWELL, AMY",0.0020306154326772885,0.0,0.37169066418950303,0.0016719208476521424,4200,4067,3458,3633
POWELL,0.005779443923773821,5.4582929258677026e-05,0.39704787893822874,0.0035440446973172275,2050,1116,1949,2424
"POWELL, GRACE",0.008747266479225241,0.0002553260041801655,0.41922598389103527,0.0051328131265804345,1390,538,1205,1883
"POWELL, JASON",0.008591065292096219,0.00023977083471693513,0.41641732795628983,0.004988355786088507,1414,549,1268,1921
"POWELL, JONATHAN",0.008747266479225241,0.00023872609709884324,0.41813075566586116,0.005102247361128401,1390,550,1231,1892
"POWELL, OFFICER MIKE",0.004842236800999687,4.410314403563947e-05,0.38163934426229507,0.0025143692159570025,2327,1204,2741,2950
"POWER, DR. JIM",0.02577319587628866,0.0005420874775784591,0.4583005225857255,0.019834788718649573,396,351,480,480
"POWER, DR. MAX",0.0015620118712902217,4.330955940789807e-06,0.38706166868198305,0.002557451958912019,4812,2384,2409,2924
POWERHOUSE II / ,0.0006248047485160887,0.0,0.38089005235602097,0.0009811636000040542,6020,4067,2792,4627
POWERHOUSE IV / ,0.00031240237425804435,0.0,0.3623705213109187,0.0005996421131493763,6269,4067,4378,5263
POWERHOUSE / RIEG DAVA,0.005623242736644799,7.793598718861686e-06,0.3732291727394625,0.0027310265723669075,2087,2068,3318,2821
"POWER, LEFTENANT",0.0032802249297094657,0.0,0.34206026928830946,0.0015405289215320906,3094,4067,5705,3824
POWER MAN / ERIK JOSTE,0.07060293658231802,0.002635746823180131,0.4898615043232076,0.04023381803310082,96,121,155,137
POWER MAN III / STEELE,0.004061230865354577,3.187452554885738e-05,0.380980718876458,0.001984865237391673,2650,1353,2783,3365
POWER MAN II | MUTAN,0.007497656982193065,0.0,0.34513989972505255,0.0003671103956378372,1588,4067,5422,5711
"POWER, MARGARET",0.023273976882224306,0.0004662059935672673,0.45702455739577386,0.018647542358918794,454,391,495,516
POWER PRINCESS / ZARDA,0.01874414245548266,0.00043270353701661265,0.4302708515357215,0.011957239685635994,611,407,955,870
POWERSURGE / ILLARION,0.01296469853170884,1.586459531674245e-05,0.4210734017363852,0.01057295672098744,893,1696,1153,975
PRADDA FOL,0.004061230865354577,1.536686053037051e-06,0.34308681672025726,0.00030521257300872236,2650,2850,5621,5865
"PRAZNIKI, ANNIE",0.003436426116838488,1.0619946094004239e-05,0.3827116212338594,0.0024721456324881554,3010,1893,2672,2982
"PRAZNIKI, SYLVIA",0.0028116213683223993,3.4690644770518936e-06,0.3707435719249479,0.0014974510116529368,3463,2490,3565,3868
"PRAZNIKI, VICTOR",0.0020306154326772885,4.368210776050011e-06,0.37388308123576475,0.0019090116698913058,4200,2382,3277,3426
PREECHA,0.002655420181193377,0.0,0.32663265306122446,0.00016026132993014522,3591,4067,6168,6184
"PRENTISS, BETTY DEAN",0.005779443923773821,1.5180884042585103e-05,0.4079006052883084,0.005019314116274256,2050,1720,1541,1909
PRESIDENT ITOES [TRI,0.0020306154326772885,0.0,0.32745128126438544,0.00021602144088121624,4200,4067,6151,6079
PRESTER JOHN,0.006404248672289909,7.465624785094431e-07,0.4226858576521854,0.009914342326148335,1854,3095,1113,1056
PRETTY BOY,0.010153077163386441,8.51541228088633e-06,0.38856518572469045,0.007744839653315812,1193,2016,2327,1316
PRETTY LARRY,0.0007810059356451108,0.0,0.3659122085048011,0.0005976844022331649,5841,4067,4153,5266
PRETTY PERSUASIONS / H,0.006248047485160887,1.0124895797049668e-05,0.3789286771234093,0.003985194478351679,1895,1916,2893,2227
PREYY,0.0060918462980318645,9.044730982220185e-06,0.39572258622821116,0.004689897496508634,1940,1977,2017,1996
PRIMAX / JAROMEL,0.00031240237425804435,0.0,0.3697799341535263,0.0005238730659269789,6269,4067,3714,5410
PRIME MOVER,0.003436426116838488,1.5263127350301677e-05,0.3903658536585366,0.0030612912170714305,3010,1717,2230,2637
"PRIMO, ALEXIS",0.0010934083099031551,8.414804041777722e-06,0.33705380646519956,0.00018821662876844684,5492,2028,5880,6122
PRIMUS,0.00999687597625742,6.37888781458507e-05,0.416173698238315,0.007063967595015737,1215,1054,1274,1427
PRIMUS II,0.002499218994064355,6.704437632429473e-09,0.368566493955095,0.002075174468481282,3730,3995,3832,3275
PRINCE BAYAN,0.003436426116838488,5.116522352878792e-06,0.37012198647164246,0.002262283503026919,3010,2296,3649,3120
"PRINCE, DIANA",0.002499218994064355,0.0,0.3761899165589376,0.0013317768815203938,3730,4067,3108,4083
PRINCE REY,0.004686035613870665,3.987266917642556e-06,0.39569812720192843,0.004723767528775069,2377,2425,2018,1986
PRINCESS FEN [ATLANT,0.0021868166198063103,3.0118195538357564e-07,0.38408927285817135,0.0020024639563243976,4042,3359,2593,3352
PRINCESS NEPTHYS / SAN,0.0010934083099031551,6.100655644782932e-09,0.3454751497490691,0.0004975102270216684,5492,4008,5394,5471
PRINCESS PEARLA,0.002499218994064355,1.8547251633026633e-07,0.3827573837139782,0.0037702653551395767,3730,3495,2667,2318
PRINCESS PYTHON / ZELD,0.029678225554514215,0.0003225887839981592,0.46757230499561786,0.024310598204911243,335,476,365,355
PRINCESS SANDELLA,0.004842236800999687,1.046287236839825e-05,0.37044323573660454,0.0015659502861439815,2327,1905,3593,3773
PRINCESS ZAFINA,0.002967822555451421,0.0,0.34911113534736615,0.0005823268355001316,3351,4067,5200,5313
PRINCESS ZANDA,0.001718213058419244,1.1508214042472421e-07,0.3754178150472058,0.0015911563703258178,4561,3588,3178,3743
PRISM,0.008122461730709154,2.0023485835358314e-06,0.3884237349836185,0.007396453955497303,1488,2741,2330,1379
PROCTOR,0.004529834426741643,4.011807008079227e-06,0.39151174168297453,0.005171188295612708,2437,2421,2188,1871
"PROCTOR, COORDINATOR",0.00499843798812871,9.847757486622694e-07,0.3466161342717921,0.0019835313567024013,2281,3008,5331,3367
PRODIGAL / ,0.008591065292096219,2.1077106962729284e-05,0.39261621489022447,0.00789567331508509,1414,1569,2142,1297
PRODIGY / ,0.0018744142455482662,0.0,0.34303166693457643,0.0012983888668021844,4385,4067,5623,4117
PROFESSOR ANGST / DR.,0.004529834426741643,2.5298091043976463e-06,0.37373029772329247,0.0021531752176577857,2437,2658,3282,3201
PROFESSOR GIBBON / ,0.00015620118712902218,0.0,0.3577935505504946,0.00038421844635885057,6354,4067,4654,5672
PROFESSOR POWER / ANTH,0.009059668853483286,2.07714513311446e-05,0.42928988131160734,0.008177070036080725,1347,1579,969,1258
PROFESSOR XAVIER 201,0.0031240237425804434,1.5290217198624176e-05,0.3571548117154812,0.0019287022750000807,3214,1715,4689,3408
PROFESSOR X / CHARLES,0.16994689159637613,0.012121149753074403,0.5396156439649359,0.0875396045843761,20,27,22,18
PROFESSOR X DOPPELGA,0.013901905654482974,0.0,0.45272611555052683,0.017802034540310745,824,4067,553,556
PROFESSOR X | EARTH,0.0014058106841611997,2.4402622579131724e-08,0.32581810779174514,0.00011804192128091636,5057,3868,6190,6285
PROFESSOR X | MUTANT,0.006404248672289909,1.4861608877947553e-06,0.34540059347181007,0.0003960640991189599,1854,2864,5403,5634
PROGENITOR,0.0012496094970321774,0.0,0.35865546218487393,0.0009450228799294862,5271,4067,4590,4675
PROJECTOR / ,0.011090284286160575,1.6629795928583996e-05,0.40302171860245517,0.007911924301956455,1080,1675,1691,1291
"PRO, LE / ",0.003436426116838488,6.0342258588216204e-06,0.3736430489086028,0.0016723648436059782,3010,2203,3287,3632
PROMETHEUS II,0.0067166510465479536,1.605631171899893e-05,0.3964332156789894,0.0046901605655546895,1774,1692,1982,1995
PROMETHEUS [OLYMPIAN,0.004217432052483598,0.00026666961635268485,0.3883294916899187,0.0035662717525886635,2569,523,2337,2416
PROSH,0.0060918462980318645,2.5548598220888695e-06,0.382780269058296,0.006144408019215984,1940,2650,2664,1604
"PROSPERO, DR. / HARPER",0.0015620118712902217,0.0,0.37397044219872655,0.002153253331650131,4812,4067,3269,3200
PROTECTOR III / ,0.00499843798812871,5.134570867953547e-06,0.374254647492108,0.0028720660398150136,2281,2292,3248,2741
PROTEUS II,0.008747266479225241,2.966966459337982e-06,0.4137529890777483,0.009474009748945598,1390,2560,1351,1099
PROTOCIDE / PRIVATE CL,0.0039050296782255542,2.8442373972339906e-06,0.39086635325721963,0.0031359516425324336,2721,2588,2216,2590
PROTO-GOBLIN / VAN ADD,0.00031240237425804435,0.0,0.33134930904197507,0.00016283840885218694,6269,4067,6044,6169
"PROUST, PAUL",0.002655420181193377,7.431444711699661e-06,0.37042180177052597,0.0013941194042549356,3591,2094,3596,3981
"PROVENZANO, PAULIE",0.0023430178069353325,3.0926919257554514e-09,0.37244749549130257,0.0030070276886293664,3856,4045,3374,2665
PROWLER / HOBIE BROWN,0.023430178069353325,0.0004654732507563976,0.4503059717239924,0.016373760140296848,450,392,600,619
PROWLER III / RICK LAW,0.0021868166198063103,2.595612756285589e-08,0.3698226561146092,0.0013926596682012975,4042,3857,3701,3982
"PRYDE, CARMEN",0.00359262730396751,2.308048066226475e-08,0.37881656804733727,0.004544362305261202,2918,3875,2902,2051
"PRYDE, TERRI",0.00359262730396751,2.308048066226475e-08,0.37881656804733727,0.004544362305261204,2918,3875,2902,2050
PSI-BORG / ,0.002967822555451421,2.2750301753112445e-06,0.3610625458236986,0.0012371037379801276,3351,2691,4452,4220
PSI-LORD / FRANKLIN BE,0.013277100905966885,0.00021377942815876795,0.40808261091279957,0.009814930938605571,876,589,1539,1067
PSIMON,0.0020306154326772885,2.334614198798502e-05,0.3834681042228212,0.0013709271763480883,4200,1528,2628,4022
PSIREN,0.001718213058419244,1.2504406171746167e-05,0.3640188775800307,0.0006934404452398052,4561,1818,4272,5104
PSI-WOLF / NIKOLAI VON,0.0014058106841611997,0.0,0.33226074320116256,0.0002358784198327386,5057,4067,6041,6017
PSYCHE II / PSYKOS / RON,0.0023430178069353325,0.0,0.34823759791122716,0.0010611953517652112,3856,4067,5245,4456
PSYCHO-MAN,0.012496094970321774,0.0002581593205850569,0.4439975032942645,0.012196503482603429,931,535,702,854
PSYKLOP,0.0028116213683223993,1.4077456759152764e-06,0.4105951770138533,0.00494041824456708,3463,2886,1446,1929
PSYLOCKE 2013,0.0012496094970321774,0.0,0.3367169831168148,0.00021810530350753485,5271,4067,5897,6068
PSYLOCKE / ELISABETH B,0.11027803811308966,0.004602066861571333,0.5172497374161752,0.0638930455828337,44,76,46,45
PSYNAPSE,0.010309278350515464,8.716641665697936e-06,0.431227266603799,0.011503492294222147,1172,2002,941,907
PUCK DOPPELGANGER II,0.017494532958450482,1.1782937682780463e-05,0.46566773348850743,0.02195158444267356,656,1850,387,410
PUCK DOPPELGANGER,0.013901905654482974,0.0,0.45272611555052683,0.017802034540310745,824,4067,553,556
PUCK / EUGENE MILTON J,0.05795064042486723,0.0032820734062249455,0.49337237977805176,0.04084753493237795,134,98,127,131
PUCK | MUTANT X-VERS,0.0023430178069353325,0.0,0.34452696157571844,0.0002967751364513827,3856,4067,5507,5893
PUDDLEGULP,0.010309278350515464,7.2005685155087055e-06,0.4039371569184176,0.01061553712884466,1172,2117,1666,971
"PUENTES, DONNA MARIA",0.005935645110902842,6.2430116561716336e-06,0.39877912046841907,0.004924951605809472,1994,2187,1857,1933
PUFF ADDER,0.013901905654482974,4.2321546024479e-05,0.43480032599837,0.013837795072928023,824,1235,858,758
"PULASKI, JOSEPHINE J",0.0014058106841611997,0.0,0.38016627078384796,0.0013748491968018466,5057,4067,2821,4009
PULSAR II / LAN,0.0032802249297094657,7.69052347948394e-08,0.32048458149779735,9.23073255516098e-05,3094,3666,6273,6317
PULSAR / PLOR,0.0032802249297094657,6.760019390490657e-07,0.33648691264585306,0.0009198537886700933,3094,3133,5916,4735
PULSE II / ,0.0009372071227741331,0.0,0.3660377358490566,0.0005961865757863839,5676,4067,4135,5275
PULSE / ,0.0007810059356451108,0.0,0.366226188433156,0.0007455420143686721,5841,4067,4112,5003
PULSSUS,0.0078100593564511085,2.543368394503833e-06,0.39460059171597633,0.006470113042209406,1526,2651,2055,1541
PUMA / THOMAS FIREHEAR,0.017025929397063416,0.0001458656274278349,0.43450522600787295,0.010328601024833564,676,703,877,996
PUMPKIN,0.0006248047485160887,9.695871372967273e-08,0.34558704453441297,0.00040623436822024385,6020,3616,5387,5616
PUNCHOUT,0.006404248672289909,1.5585054564884136e-05,0.4039626451287229,0.006773539150002874,1854,1705,1665,1485
PUNISHER,0.004061230865354577,8.979856203747757e-07,0.39338822661914713,0.00498262915320805,2650,3038,2111,1923
PUNISHER / FRANK CASTL,0.0007810059356451108,0.0,0.34434165232358005,0.00028192681087940106,5841,4067,5542,5927
PUNISHER II / FRANK CA,0.0760699781318338,0.018911245748262,0.5040151157298063,0.03654907683138692,82,17,80,170
PUPPET MASTER / PHILLI,0.038581693220868477,0.000576372881378913,0.48810612991765784,0.03579661304877513,233,337,171,181
PUPPY,0.008434864104967197,3.0636098560282165e-05,0.43450522600787295,0.00804914723666329,1439,1369,877,1280
"PURL, DR. NOAH",0.0028116213683223993,2.6747175580686075e-06,0.33126358273828005,0.0002918745753287951,3463,2619,6045,5907
PURPLE MAN / ZEBEDIAH,0.012496094970321774,0.00024045227149678794,0.4442748091603053,0.013321987068084974,931,547,697,790
PURSUER,0.0018744142455482662,0.0,0.3653483992467043,0.002167354197486682,4385,4067,4198,3190
"PUSHKIN, IVAN",0.0014058106841611997,8.105092753353893e-09,0.3377294787929943,0.000502445659884263,5057,3972,5860,5463
PYLLAR,0.007653858169322086,3.588393142397217e-05,0.4062440510184656,0.005237956060477332,1561,1302,1591,1853
"PYRAKH, COMMANDER",0.0012496094970321774,0.0,0.3420419939092803,0.00026586981164314664,5271,4067,5706,5968
PYRE II,0.00359262730396751,1.3990347119723739e-07,0.34517711759314174,0.0013049146766789138,2918,3544,5418,4107
PYRE,0.0018744142455482662,0.0,0.3242832539762942,0.00017367326890623411,4385,4067,6219,6157
PYRO / ALLERDYCE JOHNN,0.04779756326148078,0.0010920202496071964,0.4871404656825445,0.03575728563498226,170,236,176,182
PYRON / ,0.001718213058419244,8.492985847621892e-08,0.34255444379046496,0.0006345794856025642,4561,3641,5651,5200
QABIRI,0.0020306154326772885,2.9373301272385545e-06,0.32967712034605284,0.00023545372201505757,4200,2567,6087,6018
Q,0.0009372071227741331,0.0,0.36589129565068296,0.0005743891217816425,5676,4067,4157,5341
QIRMET,0.00359262730396751,6.821756742690638e-06,0.3529606351306649,0.000700185549462322,2918,2138,4929,5092
QNAX,0.0031240237425804434,9.575266520187451e-07,0.3616949152542373,0.002150735049327597,3214,3022,4421,3203
QUAGMIRE,0.008434864104967197,3.8890234083399916e-05,0.3784582643650981,0.003052961554323995,1439,1270,2924,2639
QUANTUM,0.0018744142455482662,1.4254134058374072e-07,0.37727620955860686,0.0025253664078773753,4385,3540,3021,2942
QUARK,0.005467041549515776,4.879536500711197e-05,0.3877884790114483,0.005816051663591495,2133,1159,2361,1673
QUARRY,0.002655420181193377,0.0,0.32663265306122446,0.00016026132993014506,3591,4067,6168,6187
"QUARTERMAIN, CLAY",0.020930959075288972,0.0006005320835153859,0.4678798509098882,0.0187318443340148,527,326,358,515
QUASAR DOPPELGANGER,0.017650734145579505,3.3630187609085395e-06,0.4657016076234815,0.02237659580881271,650,2502,385,398
QUASAR II,0.012339893783192751,1.929063440276269e-05,0.4185681595292579,0.01166895227723387,947,1603,1225,892
QUASAR III / WENDELL V,0.11605748203686347,0.006175063407786339,0.5193477731808226,0.07203844256320131,39,60,43,37
QUASAR,0.00015620118712902218,0.0,0.36114401760027076,0.00040433117232089265,6354,4067,4449,5622
QUASIMODO,0.01140268666041862,0.00010336699402320113,0.44932622122403143,0.013587510465652533,1037,841,617,771
"QUAYLE, DAN",0.0031240237425804434,0.0,0.38303218858442023,0.0029071726788280033,3214,4067,2646,2713
QUEEN DIVINE JUSTICE,0.013277100905966885,0.00013634748557736503,0.4323046795867378,0.01089781651955256,876,735,927,945
QUEEN KNORDA / NORA QU,0.00359262730396751,8.709493538144052e-07,0.4052668228144584,0.005533798399432626,2918,3055,1623,1746
QUEEN OF STAR SWORDS,0.002499218994064355,0.0,0.34825654136974377,0.0012889391894207332,3730,4067,5242,4128
QUENTINO,0.0037488284910965324,1.663853070258166e-05,0.39489267209474466,0.0024773991361712556,2830,1674,2041,2979
"QUENTIN, RALPH",0.0006248047485160887,0.0,0.32773625473533324,0.00016014063404332904,6020,4067,6138,6191
"QUESADA, JOE",0.0060918462980318645,0.0,0.4142616798239938,0.005241954227361039,1940,4067,1327,1838
QUESTA,0.005467041549515776,6.714613496438115e-06,0.3679098902361933,0.0016900625557680616,2133,2148,3904,3622
QUICKSAND,0.022336769759450172,0.00011629495455289388,0.4286862193652069,0.013281655016537029,485,798,975,794
QUICKSILVER DOPPELGA,0.01437050921587004,1.2807719790569796e-07,0.4646537959065176,0.020787802428235382,790,3565,404,449
QUICKSILVER | MUTANT,0.009528272414870352,1.331214416681545e-06,0.3453819594302978,0.00038820287349423146,1270,2910,5406,5658
QUICKSILVER / PIETRO M,0.14479850046860357,0.00768432692539028,0.5308457711442786,0.08215928595853371,34,48,33,27
QUIET BILL,0.0014058106841611997,2.9655544280183346e-07,0.36271954674220963,0.0015906517071628975,5057,3360,4368,3744
QUILL,0.009215870040612308,9.005847701747133e-06,0.4105951770138533,0.00855655386420291,1318,1981,1446,1192
"QUINN, ASHLEY",0.0060918462980318645,0.0,0.4142616798239938,0.005241954227361036,1940,4067,1327,1842
"QUINN, MIRANDA / M'RYN",0.0020306154326772885,0.0,0.3667506874427131,0.0016354595066561924,4200,4067,4044,3687
"QUINN, MR.",0.0020306154326772885,0.0,0.3667506874427131,0.0016354595066561922,4200,4067,4044,3689
"QUINN, PAMELA",0.0067166510465479536,1.1718569024538363e-05,0.41576828159501233,0.005867588842040639,1774,1854,1288,1661
QUISLING,0.004529834426741643,1.0573396570139423e-07,0.38970051132213296,0.005137641589465224,2437,3604,2262,1879
QUORUM / ,0.001718213058419244,0.0,0.3236111813172926,0.00027390735426575,4561,4067,6237,5943
Q'WAKE / QUAKE,0.0031240237425804434,2.7993590093474616e-08,0.3715827964478496,0.0017817249514952825,3214,3845,3483,3545
RAA,0.005467041549515776,2.672064310666003e-07,0.4124202795851317,0.008502894873842957,2133,3400,1385,1201
RA'AL,0.0032802249297094657,1.3074904123390962e-07,0.3633164973611032,0.002884711122324408,3094,3558,4320,2731
RABBIT,0.004686035613870665,6.776561577505802e-06,0.38603473227206947,0.003107674644292851,2377,2142,2474,2612
"RABIN, GRETTA",0.001718213058419244,0.0,0.3560226893560227,0.0010476800417751236,4561,4067,4737,4477
"RACAL, CONSTANTIN",0.0015620118712902217,2.788871151900769e-08,0.358695652173913,0.0009530895232463301,4812,3851,4587,4664
"RADCLIFFE, TODD",0.0018744142455482662,1.4951272808066201e-06,0.38316973904716306,0.0015522811431476244,4385,2863,2634,3791
"RADD, FENNAN",0.0006248047485160887,7.22391347540664e-08,0.3454751497490691,0.00045982461281123026,6020,3681,5394,5521
RADIOACTIVE MAN / DR.,0.02155576382380506,0.0001070289388211477,0.4591222030981067,0.020274145675447858,507,827,472,465
RADIOACTIVE MAN II / D,0.0010934083099031551,0.0,0.34065875591975736,0.00026365560606268047,5492,4067,5777,5971
RADION,0.0018744142455482662,1.0548344297051042e-06,0.38358298382264827,0.00275782507181028,4385,2979,2621,2808
RADIUM,0.005935645110902842,0.0,0.3930500982318271,0.0042461686818602955,1994,4067,2123,2144
RADIUS / JARED CORBO,0.013120899718837863,0.00013580500497374065,0.38750680951516253,0.00524812918444783,882,738,2388,1832
RAGA,0.00046860356138706655,0.0,0.36118476727785614,0.00045571731307280446,6167,4067,4446,5529
RAGAR,0.0037488284910965324,8.796303870311925e-07,0.369587807412539,0.0019813422708156157,2830,3048,3738,3368
RAGA-SHAH,0.00046860356138706655,0.0,0.33112651287886624,0.00015589711474766027,6167,4067,6053,6210
RAGE / ELVIN DARYL HAL,0.044048734770384255,0.0012335448605182073,0.4857359635811836,0.03401157590824326,197,219,184,195
RAGGADORR,0.0021868166198063103,0.0,0.3516230021420333,0.0007476433753012116,4042,4067,5049,4997
RAHL,0.0023430178069353325,1.8143423440416843e-07,0.3537407448336833,0.0012086285453704747,3856,3500,4873,4270
"RAHN, TAMARA",0.010465479537644486,5.944363379594719e-05,0.419940964250574,0.009979762466461334,1156,1082,1182,1049
RAI,0.0018744142455482662,0.0,0.3006057191153684,4.368583678873452e-05,4385,4067,6343,6352
"RAINBOW, BECKY",0.0020306154326772885,1.1476214426727301e-08,0.37436407227647506,0.0029110453008213454,4200,3932,3246,2711
RAINBOW,0.002655420181193377,2.7157743087863315e-07,0.3417316109746984,0.000804201657538801,3591,3392,5726,4910
"RAINTREE, VIVIAN",0.0009372071227741331,0.0,0.36858771374287524,0.0007826234764390222,5676,4067,3827,4948
RAKESH,0.0009372071227741331,0.0,0.35098684210526315,0.0005435068302363211,5676,4067,5107,5382
"RAKIM, SEN. KAMAL",0.0031240237425804434,2.4158454544741993e-06,0.4005004691898655,0.0039167559470384495,3214,2666,1787,2256
RAKKUS,0.0021868166198063103,8.886218399077812e-08,0.3835600023965011,0.0025415164679820036,4042,3634,2624,2931
RAKSOR [SKRULL],0.008434864104967197,3.443899849297207e-06,0.42560829676904666,0.01170143597705822,1439,2494,1038,890
"RALEIGH, RICHARD",0.0023430178069353325,6.243100151918e-07,0.375,0.0022073828465703728,3856,3151,3211,3166
RALF,0.008747266479225241,2.2963777286719683e-05,0.43657937806873975,0.008408630949479082,1390,1535,835,1219
"RALSTON, SENATOR ROB",0.005623242736644799,2.7792721846547485e-05,0.3988288063792674,0.004178899220725397,2087,1431,1853,2163
RAMA KALIPH,0.0021868166198063103,6.071001388228588e-07,0.35612171107526286,0.0012044880760404,4042,3156,4727,4276
RAMAN,0.0014058106841611997,0.0,0.3750659089577597,0.0011215992231675424,5057,4067,3208,4391
"RAMBEAU, FRANK",0.008122461730709154,4.121899875898139e-06,0.41412769260624877,0.010837990870795356,1488,2406,1341,950
"RAMBEAU, MARIA",0.008903467666354263,4.646594347975682e-06,0.4149867116095158,0.01179621051968193,1370,2351,1311,880
RAMBO,0.009528272414870352,0.0005885368346317811,0.41096418025420467,0.005128568151205419,1270,330,1429,1884
"RAMIREZ, ALMA",0.00359262730396751,5.800914609830636e-06,0.38706166868198305,0.0025569408736328485,2918,2227,2409,2925
"RAMIREZ, JAVIER",0.005623242736644799,1.9136922819701596e-05,0.39704787893822874,0.00418996649413049,2087,1608,1949,2160
"RAMIREZ, LUIS",0.00359262730396751,5.800914609830636e-06,0.38706166868198305,0.002556940873632847,2918,2227,2409,2926
"RAMIREZ, MARTA",0.002655420181193377,2.6318001132471518e-06,0.3823459149546106,0.0017367089430060506,3591,2628,2692,3580
"RAMIREZ, ROSA",0.002655420181193377,2.6318001132471518e-06,0.3823459149546106,0.0017367089430060502,3591,2628,2692,3581
RAMONDA,0.005779443923773821,1.913038501114029e-05,0.40115295444576726,0.00368926018804447,2050,1609,1762,2355
RAMON,0.001718213058419244,0.0,0.36920415224913494,0.0022298478881874217,4561,4067,3768,3149
"RAMOS, MANUEL",0.0014058106841611997,0.0,0.34909209880582365,0.000722021237674269,5057,4067,5205,5046
"RAMOS, ROGER",0.0012496094970321774,0.0,0.3867576874282607,0.0018568685851450056,5271,4067,2434,3475
RAMPAGE / STUART CLARK,0.007653858169322086,4.0515178019023704e-05,0.42016144910415437,0.006768751815920235,1561,1252,1178,1486
RAMROD II,0.005310840362386754,9.296106219592059e-06,0.40670859538784065,0.0053163821403814275,2184,1964,1576,1818
RAMROD III / ,0.0023430178069353325,0.0,0.3657867672266027,0.0018940108771414532,3856,4067,4172,3435
RAMROD,0.0018744142455482662,1.1062971385523838e-08,0.3774541595424798,0.0015461322667791283,4385,3938,3010,3809
RAMSHOT / ,0.005623242736644799,5.115471373520027e-06,0.37627835899847184,0.0026219914132659485,2087,2297,3101,2881
"RAM, SIR",0.012496094970321774,3.9059181011809626e-05,0.4062956146474583,0.009357700206864553,931,1267,1589,1108
"RANDEAU, DR.",0.003436426116838488,3.0857543311297977e-07,0.36723455515401826,0.0012235121356327853,3010,3351,3984,4246
"RAND, HEATHER DUNCAN",0.0023430178069353325,2.4016084160768868e-05,0.39687558117909616,0.0024398050845842803,3856,1503,1962,2995
RANDI,0.00999687597625742,9.942487596721258e-06,0.4103583103647202,0.006945492283513937,1215,1930,1454,1452
RANDOM,0.0032802249297094657,4.318744517440131e-09,0.3873426911907067,0.004291319607125607,3094,4036,2394,2126
RANDOM II / MARSHALL E,0.00937207122774133,3.269357447543514e-05,0.3890847210404765,0.006237131474333167,1293,1342,2295,1591
RANGER I / ,0.002967822555451421,1.5929944256161373e-07,0.370186191742801,0.002108877076240647,3351,3519,3626,3231
RANGER II,0.002655420181193377,0.0,0.36801563577833984,0.0016702905450983014,3591,4067,3889,3637
"RANIER, MIKE",0.0015620118712902217,0.0,0.37210113339145595,0.0007564088124307915,4812,4067,3409,4991
"RANN, COMMANDER ARCT",0.005623242736644799,3.122671002513031e-05,0.36924674126196794,0.002062702580493855,2087,1361,3764,3285
"RANSOME, DR. SUSAN",0.005154639175257732,2.366763986573599e-07,0.37229588276343334,0.00287348524546501,2237,3435,3389,2740
"RANSOME, JENNIFER AM",0.018431740081224616,0.00010510497869700396,0.43462321792260694,0.016438534216469305,623,833,863,617
RAPIDO,0.001718213058419244,5.263101958855644e-07,0.3449539307074735,0.0004218718088603728,4561,3217,5455,5585
RAPIER,0.007341455795064043,1.324931937032874e-05,0.3960163305703328,0.0036750224252052074,1640,1786,2005,2363
RAPTAR,0.00046860356138706655,0.0,0.37442975786641713,0.0007602258347113954,6167,4067,3236,4983
RAPTOR II / PROFESSOR,0.0020306154326772885,5.845825785601029e-07,0.38529128550794417,0.0027380017636589706,4200,3172,2521,2814
RAPTOR / PAUL HAZLETT,0.00031240237425804435,0.0,0.3358514321687126,0.00022098136155304957,6269,4067,5935,6051
RAPTURE / SISTER JOY,0.0028116213683223993,7.016095890205362e-09,0.3673609915648132,0.0025041258185152346,3463,3985,3970,2957
RAPUNZEL,0.006248047485160887,4.0747171842632234e-05,0.3960408289514383,0.004758120413721515,1895,1249,2004,1974
RASCAL / ,0.00031240237425804435,0.0,0.3829405431271683,0.0008375350065525856,6269,4067,2656,4873
"RASPUTINA, ALEXANDRA",0.00499843798812871,3.1882134029310298e-06,0.3818669847897405,0.005663710256035341,2281,2535,2728,1705
"RASPUTINA, ILLYANA I",0.0067166510465479536,1.9873504840732003e-06,0.4011026878015162,0.007705921454600979,1774,2743,1767,1321
RASPUTIN,0.0018744142455482662,3.85751280778721e-07,0.3746927308907878,0.0019350238104442186,4385,3285,3222,3401
"RASPUTIN, LUCIFER",0.0010934083099031551,0.0,0.34114888628370454,0.0005137820416206209,5492,4067,5760,5431
"RASPUTIN, MIKHAIL",0.009528272414870352,1.229212847711259e-05,0.4138867339022498,0.010460935585888304,1270,1829,1346,983
"RASPUTIN, NIKOLAI",0.00499843798812871,3.1882134029310298e-06,0.3818669847897405,0.00566371025603534,2281,2535,2728,1706
"RASSITANO, MAD DOG",0.017806935332708527,0.0001324411890663544,0.44415151935618147,0.01332200526311542,644,744,698,789
RAT,0.0020306154326772885,0.0,0.3404051682884033,0.0010768672483417055,4200,4067,5795,4433
"RATLIFF, OFFICER LAR",0.001718213058419244,0.0,0.3335938721275598,0.0002976571294425611,4561,4067,6008,5884
RATTACK,0.0015620118712902217,0.0,0.3524360033030553,0.0003720272102777963,4812,4067,4967,5698
RATTLER,0.01796313651983755,7.577625375385766e-05,0.4380730806076365,0.01530420348135329,640,976,809,672
RAVAGE / PROF. GEOFFRE,0.0012496094970321774,0.0009369293434228306,0.3524942186983812,0.000715418829421115,5271,256,4962,5058
"RAVEN, HELEN",0.0015620118712902217,1.2201311289565864e-08,0.3233496641244507,0.0001504427276396733,4812,3924,6247,6229
RAVEN,0.0007810059356451108,0.0,0.37055044278520577,0.0008571014240864374,5841,4067,3586,4834
"RAVEN, LT. JACOB",0.01296469853170884,0.0002267083257124136,0.38102606832519936,0.0038833201844270227,893,563,2779,2273
"RAVEN, MATTHEW",0.0015620118712902217,1.2201311289565864e-08,0.3233496641244507,0.00015044272763967308,4812,3924,6247,6230
RAVEN | MUTANT X-VER,0.008747266479225241,7.946413606391305e-06,0.34672876949740034,0.0004060396433032112,1390,2057,5321,5617
"RAVEN, SABBATH",0.0010934083099031551,1.0932246664376753e-06,0.3890610756608933,0.0010157352279681158,5492,2971,2296,4555
"RAVEN, SABBATH II / EL",0.001718213058419244,1.679340189978276e-06,0.38771802325581395,0.0014295699979473269,4561,2817,2369,3955
RAVENWOOD,0.0014058106841611997,0.0,0.34244450387804226,0.0008512131557120158,5057,4067,5665,4844
RAVONNA LEXUS RENSLA,0.012652296157450796,6.936786996444804e-05,0.42882979435997054,0.01414928602200386,912,1009,973,739
RAWHIDE KID,0.004373633239612621,0.0006248995065963118,0.40294561933534745,0.00526509087115436,2505,318,1693,1828
RAX,0.010309278350515464,5.92972669540245e-05,0.3916075360900416,0.007045533733457772,1172,1084,2182,1429
"RAYMOND, ANN",0.010934083099031553,1.7831060249089476e-05,0.4158493017213381,0.010806349716221287,1098,1643,1283,954
"RAYMOND, FRED",0.0018744142455482662,0.0,0.3760352422907489,0.0011537545338893564,4385,4067,3120,4350
"RAYMOND, HENRY / ADAM",0.001718213058419244,0.0,0.33944856839872745,0.00028981517633738823,4561,4067,5820,5913
"RAYMOND, NORA JONES",0.0018744142455482662,0.0,0.3760352422907489,0.0011537545338893558,4385,4067,3120,4352
RAZA LONGKNIFE,0.026866604186191814,0.0001320763009956637,0.4553342816500711,0.02560525105372157,379,745,511,318
RAZORBACK / ,0.006248047485160887,7.904898938146875e-05,0.41963817514420554,0.005549731284894712,1895,956,1186,1742
RAZORBLADE / ,0.0021868166198063103,0.0,0.38089005235602097,0.002508396300748261,4042,4067,2792,2955
RAZORBLADE II / ,0.0006248047485160887,0.0,0.33539396479463535,0.00022741889063152793,6020,4067,5944,6028
RAZOR / ,0.001718213058419244,0.0,0.3413853783394657,0.000352920535818556,4561,4067,5737,5750
RAZORFIST III,0.005310840362386754,0.00010574082762997641,0.4132722225808534,0.003766315211105773,2184,830,1361,2328
RAZORFIST II,0.0012496094970321774,0.0,0.32154696132596683,0.00014121231992961033,5271,4067,6265,6239
RAZORFIST IV / MARCO S,0.0010934083099031551,0.0,0.35679652232068215,0.0005722504916545411,5492,4067,4712,5348
RAZORFIST,0.0007810059356451108,0.0,0.31992404177702266,8.65477618434944e-05,5841,4067,6286,6329
RAZORFIST ROBOT,0.0014058106841611997,2.1448574033017165e-08,0.34367618638608544,0.00039354137657558806,5057,3884,5582,5636
RAZORWIRE,0.0006248047485160887,0.0,0.36918286142667667,0.0006361419707750134,6020,4067,3773,5195
RAZOR WIRE / ,0.0020306154326772885,0.0,0.38211770323504834,0.0015555820929841107,4200,4067,2706,3788
"REAGAN, NANCY",0.002499218994064355,0.0,0.37798901812599633,0.0033158195345596437,3730,4067,2975,2519
"REAGAN, RONALD",0.020306154326772883,6.503283974088246e-05,0.46956139064104446,0.02388347263597977,544,1045,344,365
"REANDEAU, DR.",0.0015620118712902217,0.0,0.3663519313304721,0.000801999278477765,4812,4067,4097,4919
REANIMATOR / ,0.0023430178069353325,3.801485219877261e-07,0.374254647492108,0.0025232654075415784,3856,3291,3248,2943
REAPER,0.0006248047485160887,0.0,0.36988675756875433,0.0006324764473442134,6020,4067,3698,5205
REAPER II,0.012652296157450796,2.4332122444263035e-05,0.4077447296350551,0.010653066861110972,912,1492,1548,965
REAVER / JOSHUA STRAGG,0.00046860356138706655,0.0,0.337872070930969,0.0003098337896303355,6167,4067,5857,5853
"REAVES, VERNON",0.0021868166198063103,0.0,0.3462412114656571,0.0005946492494477293,4042,4067,5357,5282
REBEL / ,0.00499843798812871,0.0011650564242977873,0.38365194462755436,0.002477193777848348,2281,224,2611,2980
REBOUND / ,0.0023430178069353325,0.0,0.3631310266591038,0.0013188906989591773,3856,4067,4338,4092
REBO,0.0014058106841611997,0.0,0.36204263982355933,0.0011851189531446506,5057,4067,4389,4301
RECKLESS ERIC / ,0.0015620118712902217,0.0,0.3627606527651859,0.0005791092579147969,4812,4067,4357,5329
RECOIL / ,0.0007810059356451108,0.0,0.335200795853186,0.00018132358686060335,5841,4067,5970,6136
RECORDER II,0.01140268666041862,7.104863137695675e-05,0.39970031841168757,0.007563134356721741,1037,1001,1819,1344
REDEEMER / CRAIG SAUND,0.005935645110902842,1.5365036979245518e-05,0.4242263600821682,0.00849291194414095,1994,1713,1068,1206
RED GHOST / IVAN KRAGO,0.036394876601062165,0.0006451681179939576,0.48606787639511045,0.036052593084085885,261,312,181,175
RED GUARDIAN II / ALEX,0.009684473601999375,1.422318412249508e-05,0.42243483998680303,0.011664070354959451,1251,1756,1118,893
RED GUARDIAN III / DR.,0.025460793502030614,0.00020670443516171522,0.46928602844157746,0.022733541278487618,403,598,347,392
RED GUARDIAN IV,0.002967822555451421,0.0,0.38107142857142856,0.0026201201550477326,3351,4067,2774,2884
RED GUARDIAN V,0.022492970946579195,0.0001343531196161943,0.4452326309200918,0.018968427258019446,481,741,685,508
REDJEK / ,0.0023430178069353325,0.0,0.36670867224195214,0.0017229919388704244,3856,4067,4055,3593
RED QUEEN,0.0031240237425804434,7.020277619589863e-08,0.36453706867099417,0.0023095348949856574,3214,3687,4252,3087
RED RAVEN,0.0078100593564511085,7.787789632705078e-05,0.4226579520697168,0.00814791588051431,1526,963,1115,1263
RED RAVEN II,0.00499843798812871,2.3835548157908535e-06,0.40332640332640335,0.005914877007325763,2281,2674,1683,1646
RED RONIN,0.002967822555451421,4.159519212920763e-05,0.4051129532367272,0.004938856275380044,3351,1244,1629,1930
RED SHIFT,0.002967822555451421,3.713253612413991e-08,0.42123963679431503,0.005944916949275485,3351,3798,1151,1635
RED SKULL II / ALBERT,0.005154639175257732,6.126346842544714e-06,0.4142080745341615,0.005650541056726937,2237,2197,1337,1708
RED SKULL / JOHANN SCH,0.039831302717900655,0.0012662256648026508,0.4702857562623962,0.027847664433746012,227,215,332,277
REDSTONE / ,0.0032802249297094657,2.1601919213969176e-08,0.3291009098853647,0.0007734909786812794,3094,3883,6102,4961
REDWING,0.04217432052483599,0.000512086187341607,0.4860309747950197,0.036374264923000416,208,364,182,172
REDWING II,0.0018744142455482662,0.0,0.36980129390018485,0.0018840593946053508,4385,4067,3706,3446
RED WOLF III / WILL TA,0.02280537332083724,0.0006911999880472279,0.47436277415530526,0.027338827372249064,466,302,290,289
RED WOLF / WILDRUN,0.005779443923773821,1.9573697988118155e-06,0.41196911196911196,0.008473974311447367,2050,2750,1402,1207
REE,0.005310840362386754,1.9088195625707853e-06,0.36723455515401826,0.0034343327121243933,2184,2763,3984,2478
"REESE, MURRAY",0.014214308028741018,1.7627110722804154e-05,0.39631051132846357,0.01098622250253377,803,1648,1989,940
"REEVES, MAJOR",0.0020306154326772885,3.2903724728654186e-06,0.37390491764980727,0.0023452273884642947,4200,2520,3272,3057
REFLEX / ,0.005154639175257732,1.8426375832106328e-05,0.3818669847897405,0.0026078597559289537,2237,1622,2728,2897
REIGNFIRE / ,0.0078100593564511085,3.187333202164126e-05,0.36788874841972186,0.0029447926933253224,1526,1354,3905,2699
REIKO,0.0021868166198063103,1.3329103516949922e-06,0.36474475843208753,0.0012179101591276037,4042,2909,4225,4258
"REILLY, MAVIS",0.00359262730396751,0.0,0.3996504151320307,0.0036152042469133113,2918,4067,1822,2391
REINHOLDT,0.0023430178069353325,1.5143944899277385e-07,0.3712165139742549,0.0019275995958038165,3856,3528,3512,3412
"REINMAN, PAULA",0.0028116213683223993,7.016095890205362e-09,0.3673609915648132,0.0025041258185152316,3463,3985,3970,2961
REI,0.001718213058419244,0.0,0.34209682590573903,0.0002690988242202553,4561,4067,5690,5954
"REISS, JACOB",0.0007810059356451108,0.0,0.34884481255448996,0.0008149565552789557,5841,4067,5225,4902
"REISZ, RAY",0.0021868166198063103,0.0,0.3718849840255591,0.0026072503207811674,4042,4067,3432,2899
REJECT / RAN-SAK [DEVI,0.020618556701030927,0.0002241015541936632,0.42705623374024415,0.014344206204088392,536,569,1009,725
RELAY,0.0009372071227741331,0.0,0.32773625473533324,0.0001755881600837985,5676,4067,6138,6153
REMIPED,0.002499218994064355,0.0,0.3697585768742058,0.002661421258790462,3730,4067,3715,2856
REMORA,0.0021868166198063103,0.0,0.35493707379275935,0.001253499099454118,4042,4067,4790,4204
REM-RAM / ,0.0060918462980318645,1.9348967068273767e-06,0.3861511550756982,0.0049801474717410905,1940,2755,2465,1924
"RENKO, DR. IRENO",0.001718213058419244,0.0,0.3710443955024922,0.0015034679896846568,4561,4067,3531,3864
"RENO, AGENT",0.003436426116838488,2.127862281932545e-06,0.3809580481999405,0.0029501420486767417,3010,2710,2787,2693
REPLICUS,0.0039050296782255542,6.650926082688124e-07,0.3657449725776965,0.002196070088718409,2721,3136,4176,3173
REPTILLA,0.006872852233676976,2.3702078026745683e-05,0.41925343811394894,0.007462353419200968,1733,1509,1198,1366
REPTYL,0.009528272414870352,0.00014583546796267027,0.4343283582089552,0.010128874478777411,1270,705,885,1021
REQUIEM / ,0.0012496094970321774,0.0,0.3686513877692042,0.001483829002407542,5271,4067,3820,3885
"RESTON, CLIVE",0.00499843798812871,0.00014775594980283204,0.38143469971401334,0.002564642067826855,2281,698,2751,2922
RETREAD,0.001718213058419244,1.0506050379665134e-07,0.3523972037210326,0.00048524628694221857,4561,3608,4971,5491
REVELATION,0.0010934083099031551,0.0,0.34553108808290156,0.000704564821444085,5492,4067,5390,5078
REVELATION II / ,0.0014058106841611997,4.2706658703771165e-06,0.3681637817010754,0.0008639701526512982,5057,2388,3871,4819
REVENANT / ,0.002655420181193377,0.0,0.36894882434301524,0.0016278415940289793,3591,4067,3798,3712
"REVER, BRAD",0.0009372071227741331,0.0,0.3696518274727178,0.00046249265653737986,5676,4067,3725,5515
REVERB,0.0037488284910965324,0.0,0.38132110310322237,0.004818968639103291,2830,4067,2757,1955
"REVER, DAN",0.0009372071227741331,0.0,0.3696518274727178,0.0004624926565373796,5676,4067,3725,5517
REXEL TOIVEN,0.002655420181193377,0.0,0.3461663242132584,0.0014678998077511532,3591,4067,5370,3901
"REYES, DR. CECELIA",0.01811933770696657,0.00019595963382065606,0.4514172895219292,0.015151794259620927,635,622,586,683
"REYES, DR. DANIEL",0.0032802249297094657,0.0,0.39167941266442335,0.0034952100799557104,3094,4067,2181,2451
"REYNOLDS, DR.",0.0012496094970321774,0.0,0.37857016143338656,0.001277075208458255,5271,4067,2918,4149
"REYNOLDS, KATHERINE",0.0015620118712902217,4.048460825789436e-06,0.36973722206179616,0.0012816307149894882,4812,2414,3717,4142
"REYNOLDS, LINDY",0.0021868166198063103,2.7536109824128617e-06,0.39955064594645195,0.004252222186485226,4042,2601,1825,2139
RHAPSODY / RACHEL ARGO,0.0021868166198063103,0.0,0.3639361036893866,0.0016618629224911107,4042,4067,4278,3653
RHINO,0.049359575132771005,0.0016753919515390047,0.49208301306687163,0.03497771566946787,165,179,135,189
"RHODES, MRS.",0.0023430178069353325,9.040543573131064e-06,0.36323404255319147,0.0007674125915654333,3856,1978,4328,4975
"RHODES, MR.",0.0018744142455482662,2.4402622579131728e-08,0.3324332744833316,0.000246806368420257,4385,3862,6026,6006
"RICHARDS, FRANKLIN 2",0.013745704467353952,2.467527984665524e-05,0.4300107469102633,0.013529500080769035,843,1484,958,776
"RICHARDS, FRANKLIN B",0.10465479537644486,0.004145317176014447,0.5166236281471918,0.06660899994583463,48,83,48,41
"RICHARDS, FRANKLINK",0.008278662917838176,0.0,0.4362818590704648,0.013735015916255786,1467,4067,843,761
"RICHARDS, NATHANIEL",0.016869728209934393,9.36234931132152e-05,0.445635528330781,0.015102813021339537,679,873,677,687
"RICHARDS, REED | EAR",0.0023430178069353325,1.846040384496493e-07,0.37552792116377287,0.002949523934430399,3856,3496,3171,2694
"RICHARDS, REED | MUT",0.011871290221805685,4.237119304242386e-06,0.34566168133470115,0.00040789885947938856,1000,2394,5386,5612
"RICHMOND, DELROY",0.0012496094970321774,0.0,0.34886382213503353,0.0006566051899809763,5271,4067,5223,5165
"RICKMAN, JONATHAN",0.0015620118712902217,5.37565019134496e-09,0.3662471395881007,0.0010476526147649634,4812,4023,4108,4481
RICOCHET RITA,0.006872852233676976,4.029253500919084e-06,0.41576828159501233,0.007339288842079617,1733,2416,1288,1388
RICOCHET / SEN. STEVEN,0.002499218994064355,2.4084181604106363e-07,0.36742424242424243,0.002079081399727846,3730,3431,3964,3271
RICTOR / JULIO ESTEBAN,0.03670727897532021,0.00051467642972333,0.4530144353240872,0.023826951941287373,256,363,550,367
"RIDDLEY, HIRAM RAM",0.005154639175257732,4.17397091429457e-07,0.3890137935225132,0.004557894827702666,2237,3268,2302,2045
"RIDER, CHARLES",0.010465479537644486,5.770345293542202e-05,0.40424322788406897,0.0061385351510344615,1156,1097,1652,1605
"RIDER, GLORIA",0.009684473601999375,3.246294606892738e-05,0.38870673952641166,0.005490880767579879,1251,1343,2316,1771
"RIDER, ROBERT ROBBIE",0.00999687597625742,4.2908569933535536e-05,0.38369793227449805,0.004310053170230045,1215,1224,2610,2120
"RIDGE, CHRISTINA DEV",0.0014058106841611997,0.0,0.3535258711138108,0.0005968848422815443,5057,4067,4884,5272
"RIDGEWAY, DAWN",0.001718213058419244,0.0,0.38643085652200154,0.002052852935010829,4561,4067,2453,3291
"RIESER, ROB",0.0014058106841611997,0.0,0.3512371756185878,0.0007718533046579329,5057,4067,5092,4963
"RIFKIN, BIFF",0.004217432052483598,2.2436828047364516e-06,0.3817076079179585,0.00304622713646348,2569,2696,2737,2640
"RIFKIN, MARJORIE",0.0015620118712902217,0.0,0.3346576058546785,0.0008105327927899015,4812,4067,5998,4906
RIGER,0.007029053420805998,8.973626147957612e-06,0.3880470360043642,0.004566018867344888,1704,1984,2350,2040
RIGHT,0.00499843798812871,6.381706556130428e-07,0.3561415220293725,0.0019708622787119193,2281,3148,4724,3375
RIGHT-WINGER / JEROME,0.005310840362386754,2.1422554917641358e-06,0.40117809249279357,0.00667619128555386,2184,2707,1759,1511
"RIGOLETTO, DON DANTE",0.004686035613870665,4.304284898269229e-06,0.3805956839664705,0.002428392075415049,2377,2387,2809,3001
"RILEY, JACK",0.0015620118712902217,2.155352645706265e-07,0.3289149198520345,0.00018578584115771892,4812,3460,6104,6124
"RILEY, KIM",0.0009372071227741331,0.0,0.32869538429943007,0.0001654215175843131,5676,4067,6113,6166
"RILEY, MARIEL",0.0009372071227741331,0.0,0.32869538429943007,0.0001654215175843131,5676,4067,6113,6166
RINGER / ANTHONY TONY,0.0078100593564511085,1.5502556369265063e-05,0.4061409630146546,0.004267097097344433,1526,1708,1595,2132
RINGER II,0.0018744142455482662,4.93964879287188e-06,0.3431603773584906,0.0005815507814995494,4385,2318,5617,5317
RINGLEADER,0.002655420181193377,2.909455533632102e-06,0.3771872974724563,0.0016208401491044733,3591,2577,3032,3721
RINGLET,0.004061230865354577,1.5823038202172285e-05,0.39081863134118794,0.004174999761580996,2650,1697,2218,2167
RINGMASTER / MAYNARD T,0.0303030303030303,0.0005752756702875108,0.47125506072874496,0.024104522335981024,329,339,320,360
RINGO KID,0.0032802249297094657,0.0,0.40132898696088265,0.003964273043854312,3094,4067,1749,2237
RINGTOSS,0.010621680724773508,2.798309247991871e-05,0.43456421395601413,0.010145991976793119,1131,1423,870,1015
RINTRAH DOPPELGANGER,0.0015620118712902217,0.0,0.3713241691317209,0.0016289865333771064,4812,4067,3506,3705
RINTRAH,0.02280537332083724,0.0005557880937255551,0.46522781774580335,0.01912103916295128,466,348,393,502
"RIORDAN, JIMMY",0.0020306154326772885,0.0,0.3645785876993166,0.001708760472819409,4200,4067,4251,3608
RIOT-ACT / ,0.0039050296782255542,0.0,0.38462000600781016,0.0025407454396436297,2721,4067,2563,2932
RIOT / HEIDI SLATKIN,0.0014058106841611997,5.819973391225558e-07,0.3771206409048068,0.0008430310701992346,5057,3174,3042,4863
RIOT II / ,0.002967822555451421,6.646525544403314e-07,0.37040037028465633,0.0018125379063590043,3351,3137,3597,3515
RIPPER / DR. JACQUELIN,0.00015620118712902218,0.0,0.34652232746955347,0.000291581895255705,6354,4067,5340,5911
RIPSTER,0.0007810059356451108,0.0,0.3659122085048011,0.0005976844022331649,5841,4067,4153,5266
RIPTIDE,0.010621680724773508,4.599018954953649e-06,0.3917752891499908,0.009180689984536554,1131,2356,2174,1126
RIP,0.0006248047485160887,0.0,0.3041041231236937,6.485243388580563e-05,6020,4067,6340,6337
RISQUE / GLORIA,0.005779443923773821,1.539184098636138e-05,0.3772984441301273,0.0033834230060331523,2050,1712,3018,2494
"RITTER, DEBORAH",0.01140268666041862,4.292490234502765e-05,0.4015555416170106,0.007460633889192988,1037,1222,1734,1370
"RITTER, DONALD",0.01140268666041862,4.292490234502765e-05,0.4015555416170106,0.007460633889192987,1037,1222,1734,1371
"RIVERA, DR. JASON",0.006872852233676976,7.300969809617956e-06,0.3940177252584934,0.005150230207583852,1733,2110,2080,1877
"RIVERA, MS.",0.0006248047485160887,0.0,0.35090988818241614,0.0005279116760775626,6020,4067,5116,5405
"RIVERS, JERRY",0.002499218994064355,0.0,0.37445165818564663,0.0017612207087304075,3730,4067,3234,3557
"ROBERTS, CHESS",0.004061230865354577,0.0,0.40115295444576726,0.0032558273502892015,2650,4067,1762,2549
"ROBERTSON, AMANDA",0.011558887847547642,1.714166023518329e-05,0.40567771370635575,0.00649075447891868,1023,1659,1612,1537
"ROBERTSON, JOE",0.10434239300218681,0.008297877447056335,0.5117096954679882,0.04912567240873922,49,47,56,86
"ROBERTSON, MARTHA",0.023117775695095284,0.0002174402484676507,0.445449485109936,0.011787168170258096,458,582,681,882
"ROBERTSON, PROF. BOB",0.0009372071227741331,3.4355339758394405e-07,0.35513396571808953,0.000676518163827487,5676,3329,4781,5129
"ROBERTSON, RANDY",0.02530459231490159,0.0002796380222379561,0.4315761089389241,0.011012057284474451,407,506,936,938
"ROBERTS, TED",0.004686035613870665,9.187401259122477e-06,0.4099641393442623,0.005009934358766631,2377,1971,1467,1913
"ROBESON, PROFESSOR K",0.0032802249297094657,3.31723621442665e-07,0.3784358928888101,0.003133051478969865,3094,3339,2925,2592
"ROBINSON, LUCY",0.00359262730396751,5.402805339381097e-07,0.4011026878015162,0.005499442155502269,2918,3209,1767,1768
ROCKETLAUNCHER / ,0.00718525460793502,8.197699377265603e-06,0.41143958868894603,0.00524122111648042,1664,2042,1409,1851
ROCKET RACCOON,0.004842236800999687,2.40641308584239e-05,0.37205788341953855,0.0028707339207056943,2327,1501,3416,2742
ROCKET RACER II / ,0.0006248047485160887,0.0,0.3660586654468523,0.0007674400715041471,6020,4067,4132,4974
ROCKET RACER / ROBERT,0.01515151515151515,0.00022054615974389155,0.4195006880283075,0.008200477508704968,750,575,1191,1255
ROCK PYTHON,0.013433302093095907,3.3218843888700855e-05,0.4347117539213689,0.013780338748030283,860,1330,860,759
ROCK / SAMUEL JOHN ROC,0.011871290221805685,9.973103895929728e-05,0.4352437283295941,0.011760906802681565,1000,852,855,885
ROCKWALL,0.0010934083099031551,0.0,0.367255621844883,0.0007549543378618114,5492,4067,3981,4993
ROC / ,0.0015620118712902217,0.0,0.33528857232638526,0.00018961203069339005,4812,4067,5954,6116
"RODGERS, MARIANNE",0.012183692596063729,9.473978956417491e-05,0.4226858576521854,0.010097410967411742,970,871,1113,1025
RODOR,0.0006248047485160887,0.0,0.3484081632653061,0.0005049361477969032,6020,4067,5238,5460
"RODRIGUEZ, DEBRA",0.0018744142455482662,8.938450885117136e-07,0.35787355358041256,0.0007951038305186461,4385,3039,4638,4928
"RODRIGUEZ, DET. PHIL",0.0021868166198063103,1.7946414723117517e-07,0.37205788341953855,0.0012509456356289109,4042,3502,3416,4205
"ROEBERG, SEN.",0.0020306154326772885,0.0,0.3696518274727178,0.0011368411300252987,4200,4067,3725,4377
"ROGERS, CAPT. STEVEN",0.0014058106841611997,8.952583950062204e-06,0.381162181471779,0.000935945750123013,5057,1987,2763,4684
"ROGERS, GAYLE",0.01077788191190253,1.7613227906359992e-05,0.3930742309817646,0.006076822385655323,1109,1649,2121,1608
"ROGERS, W.T.",0.0012496094970321774,0.0,0.3595821163783419,0.0012060635197606152,5271,4067,4537,4274
ROGUE  / ,0.1316776007497657,0.006546609450953965,0.5241955293539671,0.07333723098847003,36,54,37,35
ROGUE DOPPELGANGER,0.009840674789128397,3.0682955373504965e-07,0.4346527259148618,0.013135654229946373,1240,3355,862,809
ROGUE | MUTANT X-VER,0.01077788191190253,8.764075092348482e-06,0.34821865651346207,0.0005321906937565915,1109,1997,5250,5397
ROK,0.0021868166198063103,0.0,0.341421790837822,0.00151984700672011,4042,4067,5734,3841
"ROLLINS, MRS.",0.002499218994064355,0.0,0.3670661085946907,0.001447317711908539,3730,4067,4005,3929
ROMA,0.022649172133708217,0.0002644851200853504,0.44838212634822805,0.016740392923370546,474,525,634,606
"ROMAN, DR. NILES",0.0015620118712902217,1.2134107668479403e-06,0.35952153647442014,0.0010204686219291259,4812,2937,4542,4535
"ROMANO, TONY",0.00031240237425804435,0.0,0.35127572016460906,0.0003595745379267417,6269,4067,5089,5736
"ROMANOV, MICKEY",0.0009372071227741331,0.0,0.34026043050757376,0.0010792899618849178,5676,4067,5796,4431
ROM CLONE,0.0021868166198063103,1.0509654084324339e-06,0.3568959750250864,0.0013486919419323123,4042,2983,4703,4069
"ROMITA, JOHN",0.0015620118712902217,0.0,0.35407333665173385,0.000927223769860985,4812,4067,4856,4707
"ROMMEL, EDWIN ROMULU",0.006560449859418931,0.0001606836844111268,0.41091142490372273,0.0035816992141360386,1811,684,1432,2412
"ROM, SPACEKNIGHT",0.03764448609809434,0.004594119973699155,0.4859571884013967,0.0318710786486705,243,77,183,220
RONAN THE ACCUSER [K,0.02733520774757888,0.000292723180091654,0.47070068377325197,0.0252443768193383,371,498,328,330
"RON, DAN",0.0018744142455482662,0.0,0.33856893542757416,0.0006991403584016373,4385,4067,5847,5096
"RON, TALLA",0.004373633239612621,1.0655900708553917e-05,0.39685097941978675,0.004591460270788832,2505,1892,1965,2025
"ROOSEVELT, FRANKLIN",0.0015620118712902217,3.030983172931893e-08,0.37612361200869515,0.0012146952445308,4812,3828,3115,4266
ROOTAR,0.0078100593564511085,2.543368394503833e-06,0.39460059171597633,0.006470113042209402,1526,2651,2055,1544
"RORY, RICHARD",0.008278662917838176,9.844160705335486e-05,0.4134857585739198,0.006823681641640363,1467,857,1357,1477
"ROSE, HENRIETTA",0.0020306154326772885,4.736229219872373e-06,0.38111679961900224,0.0016677557369679126,4200,2340,2770,3644
ROSE III / ,0.0012496094970321774,0.0,0.3666876682513317,0.0010656924417924605,5271,4067,4061,4446
ROSE II / SGT. BLUME,0.0023430178069353325,2.7757292843178065e-07,0.3698226561146092,0.0015100862029888001,3856,3381,3701,3855
ROSE IV / JACOB JAKE C,0.014682911590128085,9.617853056534181e-05,0.4094921325316618,0.0051792081662702825,776,865,1489,1865
"ROSE, JUSTICE",0.0018744142455482662,6.8550982010694156e-06,0.3861278648974668,0.001675653074495162,4385,2136,2467,3629
"ROSELLINI, ROBERTA",0.0023430178069353325,0.0,0.3936059022440824,0.0024072006076282645,3856,4067,2101,3014
"ROSE, MICHKA",0.0009372071227741331,0.0,0.2773709977903904,1.2815654767444718e-05,5676,4067,6376,6380
"ROSENBERG, ANNIE",0.00046860356138706655,0.0,0.3288135593220339,0.0003378239434540336,6167,4067,6106,5785
"ROSENTHAL, BERNIE",0.029209621993127148,0.00032531871852697143,0.4665160679151789,0.022152279017628135,342,474,377,405
"ROSEN, WALTER",0.017806935332708527,0.00019109739930887065,0.4429530201342282,0.011898727587351672,644,630,718,875
ROSETTA STONE,0.0023430178069353325,0.0,0.36670867224195214,0.0017229919388704231,3856,4067,4055,3596
"ROSETTI, GABRIEL",0.005154639175257732,0.0003957107738314102,0.3772317482764716,0.0032676675369286245,2237,426,3030,2534
"ROSS, COURTNEY",0.00499843798812871,6.892575669051174e-05,0.39640866873065017,0.003330459340724642,2281,1012,1984,2513
"ROSS, EVERETT KENNET",0.02155576382380506,0.0003917173582333447,0.46070811744386875,0.01750721699312247,507,428,455,576
"ROSS, GEN. THADDEUS",0.05263980006248047,0.0025567728393205234,0.4911769218965782,0.03787774609181549,150,126,143,155
"ROSSI, COL. MICHAEL",0.011715089034676662,6.131757831619597e-05,0.42029936974789917,0.010091942029527231,1013,1072,1173,1030
"ROSSIN, DR.",0.0009372071227741331,0.0,0.3598246402877698,0.001091231270569911,5676,4067,4528,4416
"ROTH, ARNIE",0.01077788191190253,4.743643546477753e-05,0.4242263600821682,0.00947525612840014,1109,1169,1068,1098
"ROTH, DR. GERALD",0.0015620118712902217,0.0,0.37906329563621294,0.0015090549943591876,4812,4067,2879,3858
ROTWRAP,0.0018744142455482662,0.0,0.3242832539762942,0.00017367326890623428,4385,4067,6219,6154
ROUGHHOUSE,0.0060918462980318645,7.191858247402322e-05,0.41146603252137026,0.004653771005796051,1940,994,1408,2010
ROULETTE / DUDE JENSEN,0.0006248047485160887,0.0,0.3259010384850336,0.00016011229485561018,6020,4067,6187,6192
ROULETTE II / JENNY ST,0.013433302093095907,4.7054432598998385e-05,0.40813464235624125,0.010525528185970294,860,1176,1537,977
"ROUSSEAU, ETIENNE",0.0021868166198063103,0.0,0.3478969677208999,0.0014604355024702934,4042,4067,5260,3910
ROUST,0.007029053420805998,0.00041794916115656865,0.38643085652200154,0.002277221234133299,1704,412,2453,3108
"ROWEN, CARL",0.0015620118712902217,0.0,0.36059479553903345,0.0012324642057879001,4812,4067,4472,4227
"ROWEN, MIKE",0.0015620118712902217,0.0,0.36059479553903345,0.001232464205787901,4812,4067,4472,4226
"ROYCE, JENNIE",0.00937207122774133,8.569399582847446e-05,0.40777070063694265,0.005470992570259473,1293,916,1546,1775
"ROYTON, RAYMOND",0.0023430178069353325,0.0,0.3711949904331188,0.0015192239991631132,3856,4067,3514,3844
R'TEE,0.01358950328022493,8.073264180771948e-05,0.4530464935248744,0.01617171264856708,850,937,547,633
"RUBINO, STEVE HEADSE",0.00499843798812871,6.367684743899542e-05,0.38870673952641166,0.0020021953154615007,2281,1057,2316,3353
RUBY,0.011715089034676662,2.3586200831938483e-05,0.43951668268570643,0.010994198785026053,1013,1516,778,939
RUCKUS,0.004373633239612621,3.881805872810727e-06,0.380980718876458,0.003894844673243365,2505,2439,2783,2266
"RUDOLFO, PRINCE",0.00359262730396751,5.2142264334350516e-08,0.4024390243902439,0.004955564241233213,2918,3744,1711,1926
"RUIZ, DR. BERNARDO",0.00046860356138706655,0.0,0.35245540629817224,0.0004545085582462158,6167,4067,4964,5535
"RUIZ, RHYTHM",0.0018744142455482662,0.0,0.370186191742801,0.0023388348222838458,4385,4067,3626,3062
"RUIZ, RIGGER",0.019056544829740705,0.00014584157104800035,0.4487907465825447,0.015359072310097206,598,704,626,666
RUMOR / ,0.0023430178069353325,0.0,0.3631310266591038,0.001318890698959177,3856,4067,4338,4093
"RUNCITER, GAIL",0.0060918462980318645,8.477810668470361e-06,0.40993788819875776,0.004602494991682226,1940,2019,1468,2020
RUNNER,0.00999687597625742,1.6113966222576947e-05,0.40852530151234767,0.008583758674019214,1215,1689,1524,1190
RU,0.001718213058419244,0.0,0.34209682590573903,0.0002759991424929405,4561,4067,5690,5940
"RUSSELL, LISSA",0.004217432052483598,3.5402153812899725e-05,0.3895819387817197,0.002531246557482081,2569,1308,2272,2936
RUSSIAN,0.0015620118712902217,2.9423425444126305e-05,0.37037894127856524,0.0005479622868030951,4812,1389,3604,5372
"RYANS, JIM",0.00031240237425804435,0.0,0.33415105172503784,0.00027630938303935753,6269,4067,6005,5938
"RYAN, THOMAS",0.004686035613870665,1.6045679368555586e-06,0.38107142857142856,0.003338204717861064,2377,2832,2774,2510
"RYCHENKO, MAJ. VALEN",0.0010934083099031551,0.0,0.34303166693457643,0.0006596454056203613,5492,4067,5623,5156
RYDER,0.0014058106841611997,5.819973391225558e-07,0.3771206409048068,0.0008430310701992357,5057,3174,3042,4860
"RYKER, GENERAL",0.001718213058419244,8.745724746593821e-07,0.36335773880469946,0.0011272562031479712,4561,3051,4315,4382
"RYKER, HARLAN",0.004061230865354577,5.160475537491304e-06,0.3569158722194347,0.0009153030118575019,2650,2290,4702,4746
"RYKER, LUCY",0.0014058106841611997,0.0,0.3633164973611032,0.0009716594531686665,5057,4067,4320,4639
"RYKER, MAJOR SIMON",0.0007810059356451108,5.192654331155616e-05,0.3559633027522936,0.0005948074172825496,5841,1140,4744,5281
"RYKING, ALEXANDER",0.004061230865354577,1.2438435262545357e-06,0.38351404780446896,0.004658675862286636,2650,2929,2625,2009
RY'LOR,0.001718213058419244,0.0,0.34354708881137647,0.0010282322714738345,4561,4067,5588,4519
RYNDA,0.0015620118712902217,0.0,0.3462786672436175,0.001539653286663165,4812,4067,5352,3825
"SABINI, JERRY THE WH",0.004061230865354577,2.9954185603894777e-05,0.3791755508173419,0.0018970876825143827,2650,1382,2874,3431
SABOTEUR / ,0.0023430178069353325,0.0,0.37227423387800196,0.001349114089157189,3856,4067,3393,4065
SABRA / RUTH BAT-SERAP,0.035613870665417054,0.0006360373360420173,0.49249942303254096,0.03638363682692926,268,315,131,171
SABRE / ,0.0015620118712902217,0.0,0.3524360033030553,0.00037202721027779613,4812,4067,4967,5699
SABRETOOTH | MUTANT,0.0031240237425804434,2.5288444234474473e-07,0.34461969101577217,0.0003145300455519782,3214,3422,5491,5838
SABRETOOTH / VICTOR CR,0.043267728834739144,0.0011602074902577954,0.4809917355371901,0.02914150190198721,203,225,228,254
"SABUKI, DR. SAM",0.0018744142455482662,9.81148968255769e-09,0.3760352422907489,0.0011259264122917547,4385,3947,3120,4384
SABU,0.0020306154326772885,0.0,0.3519709714662708,0.001371630308442501,4200,4067,5007,4021
SACK,0.004529834426741643,8.873846425372279e-08,0.3830551068030874,0.005324259963050629,2437,3635,2644,1817
SACRIFICER,0.0023430178069353325,8.221052966798176e-08,0.3526689803338291,0.0003700787835019479,3856,3655,4942,5701
"SAGE, HENRY",0.0014058106841611997,0.0,0.3670661085946907,0.0007182873070382532,5057,4067,4005,5053
SAGITTARIUS / HARLAN V,0.013433302093095907,3.294823798068763e-05,0.4345937139365963,0.012859520135313579,860,1334,867,820
SAGITTARIUS II / ,0.004686035613870665,2.139666676405076e-07,0.3433075933075933,0.0014328684473283026,2377,3464,5608,3952
SAHREED,0.0007810059356451108,0.0,0.35031463748290015,0.0007823593931119618,5841,4067,5155,4949
SAI / ,0.0021868166198063103,0.0,0.38529128550794417,0.0023793636149211416,4042,4067,2521,3027
"SAINT, AMANDA",0.00031240237425804435,0.0,0.3110787172011662,5.876415867138026e-05,6269,4067,6324,6347
SAINT ANNA,0.0020306154326772885,0.0,0.3586353705674752,0.0009915004361328104,4200,4067,4593,4610
SAINT ELMO,0.001718213058419244,0.0,0.3634196185286104,0.001359618674695295,4561,4067,4304,4043
"SAINT, JOHNNY",0.003436426116838488,1.6007934462104838e-05,0.3768098881695115,0.002272873626729874,3010,1694,3060,3112
SAJA,0.00015620118712902218,0.0,0.324826221523162,0.00012401711125815625,6354,4067,6212,6266
SAKAA,0.0020306154326772885,0.0,0.3737084816998424,0.0026836188629661847,4200,4067,3283,2845
SALLA,0.002499218994064355,3.7894591125674514e-07,0.33876600698486614,0.000696633773610691,3730,3293,5844,5101
SALOME,0.0015620118712902217,2.8679902443230957e-06,0.36489028213166147,0.0012587315696957256,4812,2584,4218,4191
SALTZ / ,0.00359262730396751,6.425634947395649e-05,0.3872958257713249,0.0018093300273554146,2918,1048,2397,3521
SALVO,0.004061230865354577,9.507320332673355e-07,0.37436407227647506,0.0037604311284604617,2650,3026,3246,2332
SAMA-D,0.0009372071227741331,0.0,0.34596055120237773,0.00047490385275219036,5676,4067,5375,5500
SAMEDAR,0.00499843798812871,9.084294631386744e-07,0.3881882124666505,0.005036901007283004,2281,3035,2345,1905
SAMHAIN,0.0020306154326772885,4.2732578299653013e-08,0.370636253111793,0.001923050880898141,4200,3761,3577,3416
SAMMAEL,0.0014058106841611997,0.0,0.3347450980392157,0.0004987631598758154,5057,4067,5993,5468
SAMSON,0.0014058106841611997,0.0,0.35323328183623925,0.0014443004068474402,5057,4067,4909,3938
SAMUELS,0.0020306154326772885,2.012521280017563e-06,0.34437869822485206,0.000722872601035306,4200,2738,5536,5045
SAMURAI STEEL / YOSHID,0.00031240237425804435,0.0,0.36271954674220963,0.0005839381263476781,6269,4067,4368,5306
"SANADA, KONO",0.0010934083099031551,0.0,0.37340332458442693,0.0009321501726399883,5492,4067,3304,4692
"SANCHEZ, DET. LOUISA",0.00031240237425804435,0.0,0.3533697632058288,0.0004636918110279242,6269,4067,4891,5511
SANCTION / AARON,0.0018744142455482662,2.4402622579131728e-08,0.3324332744833316,0.0002468063684202578,4385,3862,6026,6004
SANCTITY / TANYA TRASK,0.002967822555451421,1.5145822160403869e-06,0.36464088397790057,0.0018695263925216162,3351,2852,4244,3465
"SANDERS, DET. NAPOLE",0.002499218994064355,0.0,0.34411954418404644,0.001034904622911438,3730,4067,5556,4497
"SANDERS, MAC",0.0021868166198063103,0.0,0.3665197229060514,0.0009166241490317423,4042,4067,4077,4742
"SANDHURST, VINCENT",0.006248047485160887,1.6800690749023987e-05,0.41305890702625975,0.006450146541534006,1895,1665,1370,1552
SANDMAN DOPPELGANGER,0.0021868166198063103,0.0,0.3930500982318271,0.0021342973964403773,4042,4067,2123,3207
SANDMAN / WILLIAM BAKE,0.06138706654170571,0.0019608722923431707,0.4917428373915047,0.04176262294623813,127,161,137,124
"SANDOR, PROFESSOR IS",0.0032802249297094657,3.68593754266475e-05,0.3855233048295797,0.0018750041080438768,3094,1289,2508,3458
"SANDOVAL, DIEGO",0.0018744142455482662,2.8302802694383267e-07,0.36846043165467623,0.001953035588310005,4385,3375,3844,3391
"SANDOVAL, JULIANA",0.0032802249297094657,6.149513024960687e-07,0.36439182651260743,0.00235916992139295,3094,3154,4259,3043
SANDSTORM / ,0.00015620118712902218,0.0,0.324826221523162,0.00012401711125815625,6354,4067,6212,6266
SANDY,0.0009372071227741331,3.617919676665333e-08,0.36472397880704155,0.000876073399101752,5676,3801,4228,4812
SANGRE / JULIA CONCEPC,0.0015620118712902217,0.0,0.3394125755487223,0.0005776748065199535,4812,4067,5823,5337
SANGUINE,0.0031240237425804434,1.1023715072099572e-08,0.3780336581045173,0.0038509064314138494,3214,3939,2971,2294
SANTA CLAUS / NICK ST.,0.0020306154326772885,9.524945609892293e-07,0.35368211701010993,0.0005850659204826132,4200,3024,4874,5302
"SANTINI, DR. JOSE",0.00499843798812871,1.1527950576281048e-06,0.4125,0.007187494607464408,2281,2953,1384,1405
"SANTOS, JOSE",0.00031240237425804435,0.0,0.329320987654321,0.0001668770124457932,6269,4067,6100,6164
"SANTOS, MARIO",0.00031240237425804435,0.0,0.329320987654321,0.0001668770124457937,6269,4067,6100,6163
"SAPIR, HERSCHEL",0.0015620118712902217,0.0,0.36916157305962405,0.001199878974651603,4812,4067,3776,4283
SAPPER,0.004061230865354577,8.026559358140055e-06,0.3868979271166979,0.0028794184971637536,2650,2051,2421,2736
SAPPHIRAS,0.0067166510465479536,3.732375469606743e-07,0.3858486017357763,0.004785802321625914,1774,3295,2487,1965
"SAPRISTI, JERRY",0.01499531396438613,8.009187296325297e-05,0.43462321792260694,0.010682908719496934,759,946,863,961
SARACEN,0.00046860356138706655,0.0,0.3351656981309879,0.0001798788319796026,6167,4067,5976,6141
SARDAN,0.0031240237425804434,0.0,0.3592390999382751,0.0020218579310483024,3214,4067,4556,3324
SARIEL,0.0010934083099031551,0.0,0.33523590092684713,0.00015599011704037316,5492,4067,5966,6206
"SAROYAN, NEAL",0.006560449859418931,6.08022263341037e-05,0.3969986357435198,0.004189322456308466,1811,1075,1952,2161
SASQUATCH DOPPELGANG,0.01952514839112777,6.350655514607671e-06,0.4675381581830132,0.023821528280600753,575,2178,366,368
SASQUATCH II,0.00937207122774133,6.32245762393421e-05,0.3745173745173745,0.004101886702772319,1293,1060,3231,2186
SASQUATCH | MUTANT X,0.0023430178069353325,0.0,0.34452696157571844,0.0002967751364513832,3856,4067,5507,5888
SASQUATCH / WALTER LAN,0.07154014370509215,0.0025940283292252156,0.5053279659010183,0.05418049433388755,92,123,77,68
SATANA,0.002499218994064355,1.914070465192602e-05,0.37645536869340235,0.0015619551592893157,3730,1607,3081,3778
SATAN / MARDU KURIOS,0.008434864104967197,0.0005220793607177195,0.4098591549295775,0.0049052157469435176,1439,361,1470,1938
SATANNISH,0.009528272414870352,9.683608728872458e-05,0.41096418025420467,0.006924294093713765,1270,860,1429,1461
SATELLITE,0.002655420181193377,0.0,0.3699722607489598,0.0016426330229587032,3591,4067,3685,3675
SATHAN,0.002655420181193377,0.0,0.3764775066157013,0.0016357308420340794,3591,4067,3077,3684
SA'TNEEN,0.0037488284910965324,0.0,0.35166163141993956,0.0018363374346105263,2830,4067,5041,3495
"SATURNYNE, OPAL LUNA",0.010309278350515464,2.787393288699546e-05,0.4213505331051731,0.007918629388946998,1172,1430,1149,1289
SAT-YR-9,0.005310840362386754,3.4148741330039275e-06,0.37442975786641713,0.0034492108786754938,2184,2498,3236,2466
SAUL,0.006560449859418931,8.44054378263892e-06,0.3707865168539326,0.0030905654487975126,1811,2025,3561,2624
"SAUNDERS, DABNEY",0.0028116213683223993,0.0,0.348105051383829,0.0015893019440852878,3463,4067,5253,3746
"SAUNDERS, KRISTINE",0.0032802249297094657,1.2560039078127423e-06,0.3826658696951584,0.002427161337833957,3094,2928,2674,3003
SAURON / DR. KARL LYKO,0.024367385192127458,0.00030886344986810505,0.4520547945205479,0.0177898818136071,425,484,569,561
SAVAGE STEEL / HARRY L,0.00359262730396751,6.907783051909505e-06,0.3453819594302978,0.0005828206996488996,2918,2135,5406,5308
SAVAGE STEEL II / ARTH,0.004373633239612621,9.229310945477394e-06,0.376832067808582,0.0025564808843828155,2505,1968,3059,2927
"SAVANNAH, LOU-ANN",0.0023430178069353325,2.3162618506039503e-07,0.3960163305703328,0.003634727982409173,3856,3448,2005,2380
"SAWYER, GENERAL SAMU",0.0037488284910965324,5.877086862775827e-06,0.38706166868198305,0.0024894547318751598,2830,2222,2409,2970
"SAWYER, RYAN",0.0020306154326772885,2.204600826021338e-07,0.36755080950740615,0.0010531952341551144,4200,3458,3951,4466
"SAXON, STARR",0.01874414245548266,0.00012931738608159556,0.4394865106061646,0.015764975327164796,611,753,780,649
SAYGE,0.00499843798812871,1.14436650537837e-05,0.38596491228070173,0.003977155511024276,2281,1860,2479,2231
SCALEFACE / ,0.0015620118712902217,5.748173318639918e-09,0.35397545062479263,0.0005919906926339201,4812,4014,4862,5290
SCALPHUNTER,0.013901905654482974,1.0123980561877996e-05,0.3988785046728972,0.011135704259721225,824,1919,1849,927
SCANDIUM,0.005935645110902842,7.452221201640424e-07,0.39719568184638293,0.005522355851732566,1994,3096,1929,1752
"SCANLON, COMMANDER",0.0020306154326772885,2.34675791771072e-07,0.37082947173308617,0.0008664289179986424,4200,3439,3556,4816
SCANNER II,0.023430178069353325,0.0001522922109581826,0.4378034603022636,0.01984047609659566,450,693,815,479
SCANNER II / RHANLA,0.0037488284910965324,2.5702186759067048e-06,0.32763561924257933,0.00021998286295031507,2830,2638,6141,6060
SCANNER / SKERA,0.0039050296782255542,4.0674143817870975e-06,0.34761361785307054,0.0012715860509191431,2721,2412,5285,4158
SCARBO,0.0020306154326772885,1.8504551312176488e-06,0.39343657817109146,0.0018900605145893094,4200,2785,2107,3437
SCARECROW / EBENEZER L,0.015307716338644172,0.00011303224818160474,0.4518314630531442,0.014732683160180199,740,807,574,709
SCARECROW II,0.002655420181193377,3.955127917518657e-06,0.37834643342592045,0.001903856334738345,3591,2433,2936,3428
"SCARFE, RAFAEL",0.015463917525773195,0.00035479135224307685,0.45343154614349457,0.011290714095723443,735,452,542,919
SCARLET BEETLE,0.00031240237425804435,0.0,0.35497643471028556,0.0005377769179827445,6269,4067,4787,5390
SCARLET CENTURION,0.009528272414870352,5.734204279890277e-05,0.41367278366502974,0.010174741058054137,1270,1103,1353,1009
SCARLET SCARAB / DR. F,0.0014058106841611997,0.0,0.375968992248062,0.0011066735568347906,5057,4067,3128,4402
SCARLET WITCH DOPPEL,0.01140268666041862,5.409052499914504e-07,0.4469109947643979,0.015326600534946817,1037,3208,655,668
SCARLET WITCH / WANDA,0.21274601686972822,0.01677237461747877,0.5561636695334897,0.0999147806138924,8,19,8,4
"SCARLOTTI, MICHAEL J",0.0010934083099031551,0.0,0.3619402985074627,0.0007918761530323541,5492,4067,4399,4935
"SCARLOTTI, MRS.",0.0010934083099031551,0.0,0.3619402985074627,0.0007918761530323551,5492,4067,4399,4934
"SCARPETTI, ALPHONSE",0.0009372071227741331,0.0,0.36677169865368087,0.0006382973116810387,5676,4067,4041,5186
SCAR THE STALKER / BRI,0.0010934083099031551,4.8805245158263455e-09,0.3662471395881007,0.0007708147640905994,5492,4027,4108,4965
SCARUM / ,0.0039050296782255542,0.0,0.36055417886911467,0.0015470775633951157,2721,4067,4474,3803
SCATTERBRAIN,0.010621680724773508,2.798309247991871e-05,0.43456421395601413,0.01014599197679312,1131,1423,870,1014
SCATTERSHOT / NATALIA,0.0023430178069353325,4.144572406296976e-08,0.3323642404734711,0.00027669070381199367,3856,3773,6034,5936
SCENE STEALER,0.0015620118712902217,8.217324755416614e-06,0.3639981805776666,0.0006927464469004052,4812,2040,4273,5109
"SCHEELE, STEPHANIE",0.0010934083099031551,0.0,0.33302122347066165,0.00025889867377989123,5492,4067,6022,5982
SCHEMER / RICHARD FISK,0.017182130584192438,6.417342540899622e-05,0.43309430388310105,0.010732471385937324,667,1052,908,959
"SCHOENFELD, ELAINE",0.002499218994064355,0.0,0.37445165818564663,0.0017612207087304072,3730,4067,3234,3558
"SCHOOLCRAFT, DR. DEN",0.006248047485160887,1.595224280941451e-07,0.36582857142857145,0.0029461501006187484,1895,3518,4170,2697
"SCHUYLER, DR. REBECC",0.0015620118712902217,0.0,0.34434165232358005,0.0010251501105470258,4812,4067,5542,4525
"SCHWINNER, DR. ERIC",0.0032802249297094657,1.0890142513666215e-06,0.3704861111111111,0.0018842097000380696,3094,2972,3590,3445
"SCICLUNA, MICHELE",0.002655420181193377,1.1125987848028822e-08,0.3592592592592593,0.002159878289015069,3591,3936,4552,3196
SCIMITAR,0.0020306154326772885,4.446902073479179e-06,0.3498934251516642,0.0009466012072889605,4200,2375,5180,4671
SCINTILLA,0.002655420181193377,0.0,0.3739267566146837,0.002780692509973457,3591,4067,3271,2798
SCOPE,0.00015620118712902218,0.0,0.34901597339584584,0.00030400636272246074,6354,4067,5211,5868
SCORCHER / ,0.011715089034676662,2.7558005878148106e-05,0.4141544831155389,0.007228412412689988,1013,1438,1339,1401
SCORCH II,0.0037488284910965324,2.110297008030594e-05,0.3539558799137502,0.0005802990520149319,2830,1567,4865,5324
SCORCH / TOMMY NG,0.00046860356138706655,0.0,0.3354115366479803,0.00029492463285626014,6167,4067,5943,5898
SCORPIA,0.0032802249297094657,1.355927519515635e-07,0.3741890233210591,0.0020786542941240113,3094,3549,3258,3272
SCORPIO II,0.0032802249297094657,6.164472480527557e-08,0.37656608434797956,0.002711977410461872,3094,3705,3072,2829
SCORPIO III / MIKEL FU,0.0037488284910965324,1.6550245774840623e-05,0.3989033584647019,0.0033550619439377343,2830,1677,1847,2502
SCORPIO IV,0.004842236800999687,2.6232001174731745e-07,0.3433260041829785,0.0014407461740990454,2327,3414,5607,3945
SCORPIO / JAKE FURY,0.007966260543580132,1.5065153996171354e-05,0.427113216358663,0.0090100605930518,1509,1726,1006,1142
SCORPION / MACDONALD G,0.021087160262417994,0.00016891565197067073,0.44148679401420593,0.015755862191890378,523,664,747,650
"SCOTT, JAKE",0.001718213058419244,0.0,0.30685903273738196,0.00017715523276413538,4561,4067,6335,6152
"SCOTT, PARIS",0.0015620118712902217,0.0,0.32933792890580793,0.00025362112865465766,4812,4067,6096,5990
"SCOTT, PETER",0.0032802249297094657,4.1627557424250665e-06,0.3732726954696519,0.0017106670350180199,3094,2402,3312,3607
SCOURGE,0.021243361449547016,0.0001874724206130616,0.4479115651017981,0.016731828669196886,518,637,640,607
SCOURGE II / ,0.004686035613870665,1.6314594579881668e-06,0.3912246394524566,0.0035804132816249913,2377,2826,2205,2413
SCRAMBLER,0.012808497344579818,8.61517811333528e-06,0.3976644512081496,0.010585377417793172,904,2006,1903,974
"SCRATCH, NICHOLAS",0.008434864104967197,2.989238131186631e-05,0.43090798949989906,0.00920916827883378,1439,1384,945,1123
SCRATCH,0.003436426116838488,6.488639168074538e-07,0.3671082057457423,0.0031705034160914316,3010,3144,3996,2575
SCREAMING MIMI / MELIS,0.06747891283973757,0.002558745241083754,0.49121460906928566,0.03962875744312732,106,125,142,144
SCREAM,0.00718525460793502,7.4041226767224205e-06,0.3903658536585366,0.0035535097268347055,1664,2097,2230,2421
SCRIBE,0.004061230865354577,1.3282179184614898e-06,0.3724691645333954,0.004094632932367214,2650,2911,3373,2189
SCRIER II / ,0.0067166510465479536,8.996609942892143e-06,0.38211770323504834,0.002926699333511095,1774,1982,2706,2707
SCRIER II / S. CRIER,0.0031240237425804434,2.8157674081725724e-07,0.36820613101742683,0.0013536481948542636,3214,3378,3867,4052
SCRIER JR.,0.0006248047485160887,0.0,0.36666666666666664,0.0006733280306026359,6020,4067,4063,5130
SCRIER,0.002967822555451421,9.756716634672185e-06,0.3778328611898017,0.0019500421428948432,3351,1940,2983,3393
"SCRIPPS, LAHOYA",0.0010934083099031551,0.0,0.3505448173903521,0.0004965448042508185,5492,4067,5140,5472
SCUZZ,0.0006248047485160887,0.0,0.33539396479463535,0.00022741889063152769,6020,4067,5944,6029
SCYLLA,0.0007810059356451108,0.0,0.36999364272091545,0.0009354416362010028,5841,4067,3683,4686
SCYTHE / ,0.003436426116838488,3.476280200350697e-06,0.3441380422512498,0.0006323397067227861,3010,2488,5550,5206
SEA URCHIN / JEREMY SW,0.004061230865354577,7.797992692152075e-06,0.3799406528189911,0.0033703291732382692,2650,2066,2839,2497
SEAWEED MAN,0.0007810059356451108,4.162586274295288e-08,0.3516230021420333,0.0006486300875887926,5841,3770,5049,5176
SEA WITCH / BRIGIT O'H,0.0021868166198063103,8.134207526377241e-09,0.29014276002719236,0.00016121289168187237,4042,3971,6370,6172
"SEBASTIAN, MARISSA",0.00359262730396751,1.0862821215775597e-06,0.35160369068541303,0.0015862168851804037,2918,2973,5057,3749
"SEBASTIAN, MRS.",0.002499218994064355,0.0,0.34825654136974377,0.0012889391894207337,3730,4067,5242,4127
SECOND / ALECTO,0.0009372071227741331,0.0,0.3433996674354986,0.00048032612832492783,5676,4067,5599,5495
SEDNA,0.0015620118712902217,0.0,0.3647863247863248,0.0010297411271732422,4812,4067,4223,4511
SEEKER III,0.0020306154326772885,2.5210270224060626e-06,0.34362084697547096,0.0005220215366768965,4200,2659,5584,5415
SEEKER / TARM,0.0039050296782255542,4.0674143817870975e-06,0.34761361785307054,0.0012715860509191442,2721,2412,5285,4157
SEER,0.001718213058419244,0.0,0.3309724448120767,0.00022392870479328732,4561,4067,6063,6036
SEERESS,0.00046860356138706655,0.0,0.2606571393672896,2.861566788741375e-06,6167,4067,6401,6395
SEESHA,0.00359262730396751,1.1059517798113159e-06,0.3830551068030874,0.0039530125510578865,2918,2966,2644,2241
SEETAH,0.0006248047485160887,0.0,0.34825654136974377,0.0006160806934366423,6020,4067,5242,5234
"SEGAR, OWEN",0.0018744142455482662,2.4402622579131728e-08,0.3324332744833316,0.00024680636842025743,4385,3862,6026,6005
SELENE,0.029053420805998126,0.0009436220786815386,0.46173818968626035,0.02180244498308944,344,255,444,415
SELENE | MUTANT X-VE,0.0037488284910965324,0.0,0.3446939105152641,0.0003202949492742427,2830,4067,5486,5825
SEMIJAN,0.004529834426741643,9.981304660011177e-06,0.370186191742801,0.0014497429747991912,2437,1925,3626,3920
"SENNET, PAMELA",0.002967822555451421,1.9834439694844275e-06,0.3580737177694502,0.0008577153294270274,3351,2745,4624,4832
"SENREICH, GUNTHER",0.0018744142455482662,1.0808097021223329e-07,0.3753297766312951,0.001358586630928529,4385,3595,3189,4048
SENSATIONAL HYDRA / A,0.004529834426741643,6.930675142514198e-06,0.4101217168481742,0.006734643947929778,2437,2133,1461,1493
SENSO,0.001718213058419244,2.534271604934911e-07,0.3849669272399278,0.002661320113610842,4561,3421,2538,2857
SENTINELS,0.02796001249609497,0.00019279528464356048,0.47317073170731705,0.025505244400212464,361,629,302,321
SENTRY 459,0.007341455795064043,8.259109156223834e-06,0.40951832661677223,0.009323603837722145,1640,2035,1487,1112
SENTRY 571,0.001718213058419244,0.0,0.36441256830601093,0.0009391337421348038,4561,4067,4257,4681
SENTRY II / BOB REYNOL,0.0021868166198063103,2.7536109824128617e-06,0.39955064594645195,0.004252222186485228,4042,2601,1825,2138
SENTRY III,0.005623242736644799,5.115471373520027e-06,0.37627835899847184,0.0026219914132659503,2087,2297,3101,2878
SENTRY IV / VAL,0.0037488284910965324,2.5702186759067048e-06,0.32763561924257933,0.00021998286295031488,2830,2638,6141,6061
SENYAKA,0.010309278350515464,1.3277248333667374e-05,0.40891670924885026,0.008757900320654363,1172,1783,1509,1166
"SENYAKA, TIA",0.0012496094970321774,0.0,0.35464214491469087,0.0007104915010216721,5271,4067,4809,5066
SERAPH,0.0020306154326772885,0.0,0.3804599750401141,0.0025748714830604413,4200,4067,2812,2918
SERESTUS,0.004217432052483598,0.0,0.400675929402929,0.0058100948981527865,2569,4067,1779,1676
SERGEI,0.022024367385192128,0.00016495624402942136,0.4550753483082172,0.020058076304550053,495,671,516,473
SERPENTYNE,0.0010934083099031551,1.6268415052754483e-08,0.32735082067801813,0.00029896012141968786,5492,3909,6155,5882
SERSI | MUTANT X-VER,0.004217432052483598,0.0,0.34474959612277867,0.00032201509276052966,2569,4067,5474,5822
SERSI / SYLVIA,0.09184629803186505,0.0031323147562042496,0.5054476551397442,0.06039192072612736,58,104,76,51
SERVITOR,0.0032802249297094657,4.1570722695810226e-07,0.3517582417582418,0.0013371929593283768,3094,3270,5016,4076
SET,0.008591065292096219,1.0253145150819676e-05,0.44535652173913043,0.010820700045414676,1414,1910,683,952
SETH,0.006560449859418931,2.351805824155268e-05,0.39285714285714285,0.004358350237644526,1811,1522,2136,2099
SETH III,0.002967822555451421,6.175292580438223e-08,0.3631722260040844,0.002309310266974745,3351,3704,4331,3089
SETH II,0.012339893783192751,4.392732079366564e-05,0.4372950819672131,0.011574580336451465,947,1208,823,902
"SEVERIN, MARIE",0.0015620118712902217,0.0,0.35407333665173385,0.000927223769860985,4812,4067,4856,4707
"SEVILLE, STACY",0.0012496094970321774,0.0,0.32876290248035744,0.00020210552261644158,5271,4067,6107,6106
"SEWARD, ANNE",0.0014058106841611997,0.0,0.3242011444776422,0.00013191816688057362,5057,4067,6224,6243
"SEWARD, DR. CHARLES",0.0014058106841611997,0.0,0.3242011444776422,0.00013191816688057307,5057,4067,6224,6248
"SEWARD, ELISABETH",0.0014058106841611997,0.0,0.3242011444776422,0.00013191816688057335,5057,4067,6224,6246
"SEWARD, JANE",0.0014058106841611997,0.0,0.3242011444776422,0.00013191816688057375,5057,4067,6224,6241
"SHAARA, MRS.",0.001718213058419244,0.0,0.370186191742801,0.0018423419742175952,4561,4067,3626,3489
"SHAARA, MR.",0.001718213058419244,0.0,0.370186191742801,0.0018423419742175946,4561,4067,3626,3490
"SHAARA, SANJIT",0.001718213058419244,0.0,0.370186191742801,0.0018423419742175946,4561,4067,3626,3490
SHAARA,0.0007810059356451108,0.0,0.34338124865908604,0.00041837887451600926,5841,4067,5601,5589
SHADES,0.002655420181193377,5.4243767699547565e-08,0.3446939105152641,0.0009823074561207577,3591,3732,5486,4625
SHADOWCASTER / ,0.0010934083099031551,6.100655644782932e-09,0.35139140457763873,0.0005459541813510394,5492,4008,5079,5373
SHADOWCAT 2013,0.00718525460793502,4.874760108243486e-06,0.3840201547597625,0.00665855384555982,1664,2323,2597,1517
SHADOWCAT / KATHERINE,0.11402686660418619,0.005825878270455988,0.5192635250223051,0.06700484232443164,41,63,45,40
SHADOWCAT | MUTANT X,0.0039050296782255542,6.475275979822105e-07,0.3477269023953072,0.0005059951213612075,2721,3145,5278,5456
SHADOW-HAND / LI CHUN,0.0009372071227741331,0.0,0.3199400299850075,0.00013182290971417972,5676,4067,6285,6249
SHADOW KING / AMAHL FA,0.02014995313964386,3.894564091394421e-05,0.43140161725067383,0.016761384012786935,552,1269,939,605
SHADOW KING | MUTANT,0.0021868166198063103,0.0,0.34450842167572515,0.00031012230597768473,4042,4067,5519,5851
SHADOWKNIGHT / RANDALL,0.0014058106841611997,1.8217604068256312e-06,0.3726859937128886,0.0009481758967352968,5057,2790,3355,4668
SHADOWOMAN / JILLIAN W,0.0006248047485160887,0.0,0.3379255740300871,0.0004047598603340671,6020,4067,5855,5620
SHADOW QUEEN / SHIALMA,0.0007810059356451108,0.0,0.35092912349942446,0.0006483117404990598,5841,4067,5113,5177
"SHAITAN, AL",0.0018744142455482662,5.6918701442139205e-06,0.3531943065210195,0.0008518421001455712,4385,2241,4910,4842
SHAKATI,0.005154639175257732,1.8508745972593926e-06,0.37539580157147884,0.003924857676212226,2237,2782,3181,2250
SHAKTI,0.00359262730396751,2.014571550228141e-06,0.40254024144869216,0.004751598078952574,2918,2736,1705,1979
SHALAK,0.0015620118712902217,0.0,0.37816764132553604,0.0014391987650111211,4812,4067,2958,3946
SHALLA BAL II,0.008122461730709154,4.3042627578657396e-05,0.416227813536181,0.007516951169500964,1488,1220,1273,1351
SHALLA BAL,0.0012496094970321774,3.0511105786736984e-08,0.3600067480177698,0.0011175633439681905,5271,3827,4514,4392
SHAMAN II,0.0031240237425804434,7.233703593335902e-07,0.3969001859888407,0.0027190792812555806,3214,3121,1957,2827
SHAMAN III,0.00046860356138706655,0.0,0.34746268656716417,0.0002882316852163672,6167,4067,5290,5915
SHAMAN / MICHAEL TWOYO,0.06638550452983442,0.0018872329733199327,0.5041738856512836,0.05185029056757677,109,166,79,75
SHAMAN | MUTANT X-VE,0.0023430178069353325,0.0,0.34452696157571844,0.0002967751364513825,3856,4067,5507,5894
SHAMROCK / MOLLY FITZG,0.026085598250546703,0.00017780609161148698,0.4808472284812979,0.031375189515485874,391,649,231,225
"SHANE, BRIDGIT",0.0010934083099031551,0.0,0.35342828751242134,0.001179563438433985,5492,4067,4887,4309
SHANGA,0.004061230865354577,0.0,0.3529995588883988,0.0018894884272050625,2650,4067,4926,3439
SHANG-CHI,0.019837550765385816,0.003182696085231287,0.4702512119876598,0.016092542729121372,563,102,333,637
SHANNA / SHANNA O'HARA,0.04514214308028741,0.003500158573031713,0.49493621955933514,0.03897575684122407,188,91,116,147
SHANZAR,0.004842236800999687,2.681264750519194e-06,0.39091408682908957,0.0040747125279109045,2327,2617,2214,2195
"SHAPANDER, KARIMA",0.001718213058419244,0.0,0.370186191742801,0.001842341974217596,4561,4067,3626,3488
SHAPE,0.015307716338644172,0.0002930500478920445,0.4131922034335872,0.009432346958012117,740,497,1366,1105
SHAPER OF WORLDS,0.004529834426741643,6.088261288417199e-06,0.3971217666397866,0.004778198184300276,2437,2199,1945,1969
SHARD,0.009840674789128397,0.0003980241620251861,0.38887201603595944,0.005546505195438622,1240,424,2308,1743
SHARK / ,0.0023430178069353325,0.0,0.38107142857142856,0.001828582373262652,3856,4067,2774,3499
"SHARPE, ROSALINDE",0.017025929397063416,0.00028846893596698355,0.44054500412881914,0.009559132063836889,676,503,758,1094
"SHARP, TRINA",0.0012496094970321774,1.481859402761591e-06,0.37169066418950303,0.0012378005820733178,5271,2865,3458,4217
SHARYD / CONAL,0.0010934083099031551,1.5772333640922633e-07,0.3407131452900479,0.0003060951236005109,5492,3520,5773,5859
SHA SHAN,0.020930959075288972,0.00012118309684767197,0.42498672331386084,0.010397406089514612,527,776,1054,991
SHATTERAX,0.010465479537644486,2.0167879463433138e-05,0.39860531722806797,0.008469050675134194,1156,1588,1869,1209
SHATTERFIST / ,0.01296469853170884,4.721291694063931e-05,0.39977519670288497,0.007149977625151389,893,1172,1818,1411
SHATTERSTAR II / GAVEE,0.036394876601062165,0.0005539533317194449,0.4531426953567384,0.02171690805557314,261,349,545,416
"SHAUNEGHANN, MICHAEL",0.00499843798812871,2.8925080369785193e-06,0.37285963890506696,0.002773447451709293,2281,2581,3342,2804
"SHAW, ESAU",0.0009372071227741331,0.0,0.3349727919631645,0.00026611166097791886,5676,4067,5981,5966
"SHAW, HIRAM",0.0007810059356451108,0.0,0.3253379408476471,0.00011769460007124577,5841,4067,6207,6289
"SHAW, JACOB",0.0009372071227741331,0.0,0.3349727919631645,0.00026611166097791956,5676,4067,5981,5965
"SHAW, MILDRED",0.00015620118712902218,0.0,0.35170026918639785,0.00033722403510878487,6354,4067,5031,5790
"SHAW, OBADIAH",0.0007810059356451108,0.0,0.3253379408476471,0.00011769460007124613,5841,4067,6207,6287
"SHAW, SAMARRA",0.0021868166198063103,2.8859585235338793e-07,0.331023784901758,0.0002127221866358558,4042,3368,6058,6086
"SHAW, SARAH",0.0007810059356451108,0.0,0.3253379408476471,0.0001176946000712458,5841,4067,6207,6288
"SHAW, SHINOBI",0.016869728209934393,0.0001300542443720979,0.4305312710154674,0.013703405471002874,679,751,954,764
SHAZANA,0.0021868166198063103,3.402279623230798e-07,0.3717985945757593,0.0018879965797514544,4042,3331,3444,3443
SHE-CAT,0.0032802249297094657,0.0,0.37035751475182227,0.0024778369494769556,3094,4067,3605,2977
"SHEFFIELD, LEAH",0.004061230865354577,0.0,0.40115295444576726,0.0032558273502892024,2650,4067,1762,2548
SHE-HULK DOPPELGANGE,0.01640112464854733,2.7963440414955797e-06,0.4631746491101143,0.021507099046615567,701,2596,426,423
SHE-HULK / JENNIFER WA,0.1704154951577632,0.015106394412047397,0.5422666440792817,0.09112176829713182,19,23,18,14
"SHELDON, PHIL",0.007497656982193065,2.925425465819493e-05,0.4490425755769096,0.011463167632908802,1588,1391,622,909
SHELL / ,0.001718213058419244,0.0,0.3284592889025704,0.00018214602781074145,4561,4067,6121,6134
SHELLSHOCK / ,0.013277100905966885,5.312582912723591e-05,0.45024263309656093,0.01445464783904211,876,1124,601,721
"SHEPPARD, JOAN ACE",0.0009372071227741331,0.0,0.36761412575366065,0.0009390350324693363,5676,4067,3942,4683
"SHERIDAN, FLORENCE",0.0037488284910965324,1.8164820683596267e-05,0.37836879432624115,0.002032631046380404,2830,1630,2931,3312
"SHERIDAN, LEAH",0.0018744142455482662,5.104473077364254e-06,0.36459935076029387,0.0009353185331470811,4385,2302,4246,4687
"SHERIDAN, RICHARD RI",0.011090284286160575,0.0007904049448014826,0.4231887890005288,0.006568867816618737,1080,281,1102,1526
"SHERIDAN, WILLIAM",0.0037488284910965324,1.8164820683596267e-05,0.37836879432624115,0.0020326310463804034,2830,1630,2931,3313
"SHERMAN, GEN.",0.002499218994064355,1.0067409823792125e-06,0.3707221031906885,0.0016682859978578463,3730,3000,3566,3643
SHE-WOLF / PAULETTE BR,0.0010934083099031551,0.0,0.372317534166909,0.0009260705584217269,5492,4067,3386,4712
"SHIFFMAN, MAXIE",0.006404248672289909,2.09065674127247e-05,0.438703487973686,0.008625842625817424,1854,1573,797,1185
SHIGARU,0.0023430178069353325,0.0,0.3901517459930526,0.004068655340204761,3856,4067,2244,2197
SHINAR,0.0031240237425804434,0.0,0.37110892122195815,0.003596701917792997,3214,4067,3525,2402
SHIN,0.0015620118712902217,9.357610384290125e-07,0.3631722260040844,0.0008828037639094797,4812,3029,4331,4796
"SHINCHUKO, LOTUS",0.0060918462980318645,5.58272471549461e-05,0.3969986357435198,0.003701011845298321,1940,1111,1952,2353
"SHINSKI, PROFESSOR W",0.010621680724773508,6.341874994648402e-05,0.4371457835438716,0.011023010157623952,1131,1059,829,937
SHIP,0.028897219618869104,0.0003426260535913103,0.46590495597118115,0.02243176765117785,348,459,381,397
"SHIPPINSKY, MALIK",0.0010934083099031551,1.5772333640922633e-07,0.3407131452900479,0.00030609512360051105,5492,3520,5773,5858
"SHIRE, DR. RANDALL",0.004529834426741643,9.981304660011177e-06,0.370186191742801,0.0014497429747991912,2437,1925,3626,3920
SHIVA,0.0012496094970321774,0.0,0.37727620955860686,0.0020628537294006067,5271,4067,3021,3282
SHIVER MAN,0.0020306154326772885,7.974095227880015e-07,0.38785896037804435,0.002223773208516343,4200,3084,2358,3159
SHOCKER / HERMAN SCHUL,0.02280537332083724,0.00024779056440940063,0.445635528330781,0.01735442763098659,466,541,677,582
SHOCKWAVE / LANCASTER,0.017025929397063416,0.00014165031235805378,0.43253834200391866,0.010889612406973673,676,718,920,946
SHOCKWAVE ROBOT,0.0010934083099031551,0.0,0.3435839639349541,0.00037548553061954906,5492,4067,5585,5687
SHOC / NEIL AIKEN,0.004529834426741643,3.5402513770557974e-06,0.3724908360970501,0.0020822643856969916,2437,2484,3367,3264
"SHOOTER, JIM",0.007653858169322086,2.3178314718252163e-06,0.4332408472626379,0.009868385321998902,1561,2686,906,1059
SHOOTING STAR,0.01515151515151515,2.0808680626384322e-05,0.4657016076234815,0.02127113834920328,750,1578,385,429
"SHORR, JACQUELINE",0.007029053420805998,2.507087115374675e-05,0.4105688449945488,0.0059043278506330414,1704,1478,1448,1652
SHORT CIRCUIT / HENRY,0.002655420181193377,4.820303635231434e-07,0.35540998167989785,0.0016025831254341451,3591,3230,4769,3738
SHOT / ,0.001718213058419244,0.0,0.3284592889025704,0.00018214602781074167,4561,4067,6121,6131
SHOTGUN III / ,0.004217432052483598,2.6455225038536387e-07,0.3735558408215661,0.002231872964356466,2569,3410,3290,3145
SHOTGUN II / WALKER,0.0010934083099031551,0.0,0.3427928892696509,0.0003364665554002991,5492,4067,5636,5798
SHOTGUN / ZEKE SALLING,0.0037488284910965324,1.7077182602664943e-06,0.37003641408011095,0.002079737735440089,2830,2806,3670,3269
SHREEVE,0.0010934083099031551,0.0,0.34484244546189063,0.0008162401087305581,5492,4067,5469,4900
SHREW / MARILYN MAYCRO,0.0031240237425804434,5.740126380704436e-07,0.3660377358490566,0.0022419122412822108,3214,3183,4135,3135
SHRIEK / SANDRA DEEL / F,0.004373633239612621,3.744065972963662e-07,0.37100139082058414,0.0016262133528465541,2505,3294,3541,3716
SHRILL / ,0.0020306154326772885,0.0,0.368800046085604,0.002639647818512621,4200,4067,3809,2868
SHRINE,0.0009372071227741331,0.0,0.35071765092582446,0.0008783799000429669,5676,4067,5128,4801
SHROUD / MAXIMILLIAN Q,0.029053420805998126,0.00047751563767138507,0.4788332086761406,0.03111104038560242,344,382,252,231
SHULK,0.002655420181193377,0.0,0.32663265306122446,0.00016026132993014516,3591,4067,6168,6186
SHUMA-GORATH,0.0006248047485160887,0.0,0.35094836092533715,0.0006461562410202955,6020,4067,5111,5180
SHYM'R,0.0015620118712902217,0.0,0.3096193838564589,0.00011968453458086388,4812,4067,6327,6271
SIBERCAT / ,0.0031240237425804434,4.920124673497874e-08,0.38894289185905223,0.003875417354511483,3214,3749,2305,2279
SIBERION,0.0023430178069353325,4.144572406296976e-08,0.3323642404734711,0.00027669070381199334,3856,3773,6034,5937
SICKLE,0.002967822555451421,2.0192870576200183e-08,0.37156123041207195,0.0017334366698870032,3351,3895,3492,3585
SICKLE II / ,0.0014058106841611997,8.105092753353893e-09,0.3377294787929943,0.0005024456598842627,5057,3972,5860,5464
SIDEWINDER / SETH VOEL,0.01874414245548266,0.0007576030911424979,0.44301432426821674,0.015332394083967662,611,285,717,667
SIEGE / JOHN KELLY,0.001718213058419244,0.0,0.36980129390018485,0.0012585376516986377,4561,4067,3706,4193
"SIEGEL, DR. AVRAM",0.002655420181193377,2.556167872420676e-06,0.33506044905008636,0.0005282955137903886,3591,2649,5980,5404
SIF,0.06044985941893158,0.0019529442136674796,0.48514701424674145,0.03821968691541232,129,163,191,150
SIFFROR,0.002499218994064355,0.0,0.3541908713692946,0.0008778693727785977,3730,4067,4844,4809
SIGMAR,0.001718213058419244,8.182839193891456e-09,0.34118524834790026,0.0007554736353077348,4561,3970,5756,4992
SIGN / ,0.002655420181193377,6.306182458815627e-09,0.346916657635201,0.001019471055565483,3591,3999,5306,4540
SIGYN,0.008278662917838176,6.086305935653692e-06,0.3733815467164353,0.004434796068882355,1467,2200,3308,2079
SIINGARD,0.0028116213683223993,9.26964393149514e-09,0.35733422638981915,0.0013662073576534994,3463,3965,4679,4029
SIKORSKY,0.017650734145579505,4.485894222635131e-05,0.4458217270194986,0.01951254746456178,650,1195,676,490
"SIKORSKY, RAYMOND",0.02389878163074039,0.00018046869454452295,0.4653969177086362,0.023320187883737617,436,643,388,375
SILENCE / ,0.0015620118712902217,0.0,0.33528857232638526,0.0001896120306933897,4812,4067,5954,6118
SILENCER,0.0009372071227741331,0.0,0.36677169865368087,0.0006382973116810392,5676,4067,4041,5185
SILENT ONE,0.003436426116838488,1.342640988328705e-06,0.3663100074383475,0.0025754748015377766,3010,2905,4102,2916
SILHOUETTE,0.04076850984067479,0.0009129637445869557,0.48844129091325245,0.03354304137826235,221,260,168,206
SILICON / GERALD SIMMS,0.0009372071227741331,0.0,0.33662845725102536,0.00030294755368152773,5676,4067,5907,5874
"SILVANI, VITTORIO",0.00718525460793502,8.197699377265603e-06,0.41143958868894603,0.0052412211164804216,1664,2042,1409,1847
SILVER,0.00937207122774133,1.927926141598804e-05,0.4148791393947249,0.007807308059650935,1293,1605,1312,1309
SILVERCLAW / LA GARRA,0.017182130584192438,3.2972337043074564e-05,0.45718774548311075,0.019692004223417714,667,1333,491,485
"SILVERCLOUD, SAM",0.0007810059356451108,0.0,0.33586905199097633,0.00030192303359442667,5841,4067,5934,5879
SILVER DAGGER / ISAIAH,0.00499843798812871,4.058944669262258e-05,0.3914399266279425,0.0034339417103177567,2281,1251,2193,2479
SILVER FOX / BAYAN,0.0007810059356451108,0.0,0.35092912349942446,0.0006483117404990598,5841,4067,5113,5177
SILVER FOX II / ZORA D,0.0031240237425804434,2.664152086859771e-06,0.380980718876458,0.0028528507405706158,3214,2623,2783,2753
SILVER II,0.005935645110902842,0.0,0.3930500982318271,0.004246168681860297,1994,4067,2123,2142
SILVERMANE / SILVIO MA,0.024054982817869414,0.00037478049725558606,0.44894810659186535,0.014545064849475847,433,433,624,719
SILVER SABLE,0.031240237425804434,0.0009578323065433436,0.4614719238809198,0.01982364247757194,312,250,446,481
SILVER SAMURAI / KENYU,0.030459231490159323,0.001089830828299259,0.46719696416843026,0.020923756991676645,324,237,369,443
SILVER SCORPION / ELIS,0.008278662917838176,8.093188671347045e-05,0.3896767910402337,0.004534476981055029,1467,935,2267,2055
SILVER SURFER DOPPEL,0.009215870040612308,0.0,0.44012099546267014,0.014260386113087768,1318,4067,769,734
SILVER SURFER IMPOST,0.010153077163386441,2.8112823552919296e-06,0.45774345774345776,0.01632110475939803,1193,2594,485,622
SILVER SURFER | MUTA,0.0020306154326772885,5.6939452684640694e-08,0.34448988377098577,0.00030572233388866837,4200,3718,5526,5862
SILVER SURFER / NORRIN,0.10731021555763823,0.018480302268076634,0.5195163515377749,0.0641607262640616,46,18,42,44
SIMBUS,0.0039050296782255542,7.401841147725516e-08,0.36142945858973635,0.0018259548439783617,2721,3671,4438,3503
"SIMMONS, ARCHIE",0.0010934083099031551,1.1387890536928139e-08,0.3359571788413098,0.0002706876382502093,5492,3933,5929,5952
"SIMMONS, RANDALL",0.002655420181193377,0.0,0.3449167609503798,0.0014683880888743887,3591,4067,5461,3899
"SIMON, ALEX FLORES",0.014214308028741018,0.0003541034952295434,0.4607744350079171,0.01661001573039017,803,454,454,611
"SIMON, FELIX",0.0031240237425804434,4.1592671884664866e-05,0.3670240210972883,0.0009496403964949959,3214,1245,4018,4666
"SIMONSON, LOUISE",0.006560449859418931,8.487142994005176e-07,0.3847818247385503,0.007559737341521161,1811,3059,2549,1347
"SIMPSON, CRASH",0.0015620118712902217,3.8415766090518335e-07,0.3397007322508755,0.0004671399386023132,4812,3287,5805,5506
"SIMS, EZEKIEL",0.0009372071227741331,8.378233752168559e-08,0.36595404138561793,0.000544329032392406,5676,3645,4146,5378
"SINCLAIR, MORGAN",0.0018744142455482662,5.607003918511472e-07,0.3449725185903653,0.0004234718692814249,4385,3196,5452,5581
SIN-EATER / STAN CARTE,0.004061230865354577,2.1324431945071229e-07,0.3766768651447399,0.0028748229149253984,2650,3466,3065,2739
SINEW / ,0.008434864104967197,1.486625577721649e-07,0.42366487988882273,0.009991233364682993,1439,3530,1083,1044
SINGER,0.005623242736644799,8.451608959857665e-06,0.3702718334297282,0.002036926673633485,2087,2021,3615,3308
"SINGER, MERLE",0.00046860356138706655,0.0,0.2905773420479303,2.277543242830138e-05,6167,4067,6369,6369
"SINGH, DR.",0.0032802249297094657,0.0,0.34266445431675857,0.001001644033099701,3094,4067,5646,4588
SINTARIIS,0.0031240237425804434,0.0,0.3602701181767023,0.0015433105318114022,3214,4067,4494,3820
SIR BENEDICT,0.0018744142455482662,1.5243550526982466e-07,0.35697557711609235,0.0012770190580486376,4385,3525,4697,4150
SIR,0.0031240237425804434,6.123433578843713e-06,0.3753077734787197,0.002093755276230711,3214,2198,3191,3249
SIROCCO,0.0014058106841611997,0.0,0.339718758291324,0.0006931215058851241,5057,4067,5801,5108
SIRYN / THERESA ROURKE,0.05920024992189941,0.0030878355519978057,0.4703894195444526,0.02945913557222206,131,108,331,246
SISTER AGONY,0.005467041549515776,1.8704712198025294e-06,0.3925439941136796,0.005384853086793908,2133,2773,2146,1799
SISTER CHLOE,0.004842236800999687,8.461726171116737e-07,0.34460114113467544,0.0016427074687927687,2327,3061,5502,3671
SISTER DEATH,0.004217432052483598,1.1882311413343573e-06,0.38865954346770276,0.004565401624434099,2569,2942,2320,2042
SISTER DREAM,0.004217432052483598,1.1882311413343573e-06,0.38865954346770276,0.0045654016244341,2569,2942,2320,2041
SISTER KATRINA,0.0007810059356451108,0.0,0.33930464278142886,0.00022242511467588432,5841,4067,5827,6045
SISTER MARIA,0.0012496094970321774,0.0,0.3589772344959067,0.0012485681644229534,5271,4067,4569,4208
SISTER NIL,0.0020306154326772885,7.45800117763397e-06,0.3656822985091678,0.001333804755209648,4200,2090,4183,4079
SISTER PERPETUA,0.0012496094970321774,7.320786773739518e-08,0.32580152671755724,0.00011756605392672241,5271,3674,6193,6293
SISTER PLEASURE / SCAR,0.005623242736644799,3.5031896776733077e-06,0.39285714285714285,0.005406401476500153,2087,2486,2136,1786
SISTER SALVATION,0.0028116213683223993,1.175710491285955e-05,0.3801888473187244,0.0023825137018398347,3463,1852,2819,3024
SISTER SOPHIA,0.001718213058419244,0.0,0.34343651091679633,0.000508151423694038,4561,4067,5596,5452
SITTING BULLSEYE / ,0.0015620118712902217,0.0,0.3522808562152644,0.0004463632525763608,4812,4067,4990,5547
"SITWELL, JASPER",0.037800687285223365,0.0010967222811182067,0.46600669675353035,0.027731404729035448,241,235,379,280
SKADI,0.002655420181193377,0.0,0.35556789780616493,0.0017590666067577804,3591,4067,4755,3559
SKAR,0.0023430178069353325,8.221052966798176e-08,0.3526689803338291,0.0003700787835019474,3856,3655,4942,5704
SKARABROUS,0.002499218994064355,0.0,0.3541908713692946,0.0008778693727785986,3730,4067,4844,4804
SKARLET,0.0010934083099031551,0.0,0.3523972037210326,0.00035743023753518797,5492,4067,4971,5740
SKETCH / ,0.002655420181193377,0.0,0.36894882434301524,0.0016278415940289802,3591,4067,3798,3710
SKEWER,0.001718213058419244,0.0,0.3701005896635449,0.001372921337723966,4561,4067,3656,4010
SKIDS / SALLY BLEVINS,0.030615432677288345,0.0003261321901607277,0.448727833461835,0.021028812791968804,320,473,627,439
SKIN / ANGELO ESPINOSA,0.035613870665417054,0.0016040678534392056,0.45475209546810624,0.021050655773357973,268,187,518,438
SKIN II / DONNA BLISS,0.003436426116838488,4.189412550442511e-05,0.392231344198015,0.0016309708613107827,3010,1241,2154,3703
SKINNER,0.0009372071227741331,0.0,0.3330039011703511,0.0002525542169621699,5676,4067,6025,5997
"SKIN, NYLA",0.0009372071227741331,0.0,0.3631722260040844,0.0010282138340067918,5676,4067,4331,4520
SKOLL,0.004529834426741643,5.728753545670732e-07,0.37933281981394795,0.0028038385194370766,2437,3185,2864,2780
SKOOKA,0.004373633239612621,1.2179624940202086e-05,0.35261070720423,0.0006982169037830506,2505,1832,4948,5100
SKUL / JOHN SKULINOWSK,0.0009372071227741331,0.0,0.33662845725102536,0.0003029475536815278,5676,4067,5907,5873
SKULLBUSTER,0.006872852233676976,7.578396915263028e-07,0.37794438868882463,0.005656276888414772,1733,3093,2976,1707
SKULLCRASHER / ,0.00046860356138706655,0.0,0.3627400985891552,0.0005862644851872814,6167,4067,4365,5298
SKULL-JACKET,0.001718213058419244,0.0,0.3523972037210326,0.0007274820046088786,4561,4067,4971,5040
SKUNGE,0.00359262730396751,2.869403260560465e-07,0.3868511692549399,0.004429425766895354,2918,3372,2427,2080
SKYE,0.0021868166198063103,1.6797961472043595e-06,0.36952380952380953,0.0012029300162509056,4042,2816,3747,4277
SKYHAWK / WINSTON BILL,0.0032802249297094657,0.00031240237425804435,0.361470272711874,0.0020046453007837744,3094,483,4437,3348
SKYMAX / SK'YM'X / JAMES,0.0028116213683223993,0.0,0.31968441026665334,0.0005085867183660443,3463,4067,6293,5449
SKY-WALKER,0.0006248047485160887,0.0,0.3507945205479452,0.0005435565886310042,6020,4067,5125,5380
SLAB / KRIS ANDERSON,0.007341455795064043,8.635090109421318e-06,0.39273664192380836,0.007465821160491829,1640,2005,2140,1363
SLADE,0.001718213058419244,0.0,0.355508662816526,0.001042654400101661,4561,4067,4760,4489
"SLAG / SLAGHT, DR. THE",0.002655420181193377,4.6330491612280326e-06,0.3861977438619774,0.002594553880218182,3591,2355,2464,2905
SLAMBEAUX,0.0007810059356451108,0.0,0.3659122085048011,0.0005976844022331651,5841,4067,4153,5265
S'LAR,0.0031240237425804434,4.022092338141474e-09,0.3780336581045173,0.003630785654488227,3214,4039,2971,2383
SLASHER,0.0020306154326772885,2.231963787196499e-05,0.36788874841972186,0.000835661095692313,4200,1548,3905,4881
SLASHER II,0.0021868166198063103,0.0,0.38089005235602097,0.002508396300748263,4042,4067,2792,2954
SLAUGHTER II / CONSTAN,0.0021868166198063103,0.0,0.3453819594302978,0.0010972796649924628,4042,4067,5406,4408
SLAUGHTER,0.0006248047485160887,0.0,0.3560028916198632,0.0005300052585664273,6020,4067,4740,5402
"SLAVINSKI, SALLY",0.0006248047485160887,0.0,0.35160369068541303,0.0003986700618136331,6020,4067,5057,5626
SLAYER / ,0.00015620118712902218,0.0,0.35170026918639785,0.00033722403510878487,6354,4067,5031,5790
SLEDGE,0.00718525460793502,1.1079532257644253e-05,0.3550748752079867,0.0021773603289970372,1664,1875,4782,3187
SLEEK,0.0032802249297094657,7.308903966295261e-06,0.3266993263931415,0.00016095198921314404,3094,2101,6160,6180
SLEEPER,0.005154639175257732,2.338819274035147e-06,0.38273450110599627,0.0029507924857339477,2237,2685,2671,2692
SLEEPWALKER,0.02155576382380506,0.0026461052858366358,0.464417845484222,0.018805468183490586,507,120,414,512
SLICE / ,0.0028116213683223993,5.976184789027036e-06,0.36698194325021494,0.002021977352998651,3463,2213,4020,3323
SLICK,0.0009372071227741331,0.0,0.3530579606242762,0.0004440701976122474,5676,4067,4920,5552
SLIDE,0.0006248047485160887,0.0,0.36918286142667667,0.0006361419707750141,6020,4067,3773,5194
SLITHER,0.01140268666041862,2.5143111723003312e-05,0.4275410711900628,0.010008319021772483,1037,1474,994,1040
"SLOAN, ANNA",0.001718213058419244,0.0,0.3698226561146092,0.001165324779203764,4561,4067,3701,4327
"SLOAN, DR.",0.008591065292096219,9.763927337883137e-06,0.38587185823639325,0.004700966193939102,1414,1938,2486,1992
"SLOAN, FRED",0.007966260543580132,1.1772775507272345e-05,0.4161195970100747,0.007737551191447451,1509,1851,1275,1318
"SLOAN, JASON",0.002499218994064355,8.61594326099699e-07,0.3688637935008066,0.0015838810374248986,3730,3058,3806,3751
SLOTH,0.002655420181193377,5.742961551670249e-09,0.3774764150943396,0.003117699987190305,3591,4015,3007,2600
SLOTOTH,0.0015620118712902217,0.0,0.3576336517512988,0.0010911131418332677,4812,4067,4662,4417
"SLUGANSKI, ERNIE",0.00031240237425804435,0.0,0.3191743942566557,0.00010573882337699721,6269,4067,6303,6314
SLUG / ULYSSES X. LUGM,0.007653858169322086,6.62904762058844e-05,0.408838367711859,0.004020880448540696,1561,1036,1511,2212
SLUJ,0.0023430178069353325,0.0,0.35954172750758173,0.0011555737629044584,3856,4067,4540,4348
SLUK,0.0015620118712902217,0.0,0.3580737177694502,0.0004144083942755924,4812,4067,4624,5597
SLYDE,0.011715089034676662,3.521447602671852e-05,0.41447623980318526,0.0070160253061873215,1013,1309,1323,1442
"SMALLWOOD, DAN",0.00359262730396751,2.1773243252117266e-07,0.38109411274480626,0.004084796034919939,2918,3459,2771,2191
SMART ALEC / ALEC THOR,0.001718213058419244,0.0,0.3634196185286104,0.0013596186746952946,4561,4067,4304,4044
SMASHER,0.00031240237425804435,0.0,0.35071765092582446,0.00048601792309965725,6269,4067,5128,5489
SMASHER II,0.0015620118712902217,0.0,0.36807911228655205,0.0015715623270544008,4812,4067,3882,3769
SMASHER III,0.0014058106841611997,0.0,0.3543673198272999,0.0009130682043957737,5057,4067,4837,4747
SMASHER IV,0.018587941268353638,5.8026290606132606e-05,0.43280151433207137,0.017545691991564603,620,1094,915,572
SMASHER V,0.0007810059356451108,0.0,0.3507945205479452,0.0005581063612914897,5841,4067,5125,5363
SMEDLEY,0.00031240237425804435,0.0,0.3242011444776422,0.00011711505200743383,6269,4067,6224,6295
"SMERDILOVISC, VICTOR",0.002499218994064355,1.8547544225766102e-07,0.37110892122195815,0.0016327089092985424,3730,3493,3525,3701
SMILING TIGER / ,0.004061230865354577,2.7977401172780524e-07,0.37663254500529475,0.003012031204797242,2650,3380,3068,2658
"SMITH, ANDY",0.0014058106841611997,0.0,0.36204263982355933,0.0011851189531446502,5057,4067,4389,4302
"SMITH, COL. TOLLIVER",0.0032802249297094657,4.172252053169294e-05,0.36776194852941174,0.0014608821771964215,3094,1243,3915,3908
"SMITH, DAPHNE",0.0006248047485160887,0.0,0.3658494771129779,0.0004554755492369668,6020,4067,4164,5531
"SMITH, DR. ARMSTRONG",0.001718213058419244,2.1084429275579656e-06,0.38163934426229507,0.001928929970040528,4561,2716,2741,3407
"SMITH, HELEN BACK",0.0014058106841611997,0.0,0.36204263982355933,0.0011851189531446509,5057,4067,4389,4300
"SMITH, JOE",0.0028116213683223993,5.3224178384313285e-08,0.37574832726845875,0.0020876698863370197,3463,3738,3154,3259
"SMITH, KEVIN",0.0060918462980318645,0.0,0.4142616798239938,0.005241954227361035,1940,4067,1327,1843
"SMITH, MANDY",0.0023430178069353325,0.0,0.3553113553113553,0.001158687958951019,3856,4067,4775,4341
"SMITH, MARTY LOUIS L",0.009215870040612308,3.5762697020836015e-05,0.3901993051746206,0.007132104012476909,1318,1305,2238,1414
"SMITH, SIR DENIS NAY",0.004373633239612621,8.04013460587242e-05,0.3791980098323758,0.0015070090081416086,2505,943,2872,3861
"SMITHSON, T.B.",0.0028116213683223993,0.0,0.38989037758830697,0.003390929060374925,3463,4067,2252,2490
"SMITH, WANDA JO BIAL",0.0028116213683223993,0.0,0.348105051383829,0.0015893019440852885,3463,4067,5253,3745
SMOKESCREAM / ,0.0020306154326772885,0.0,0.3589571068124474,0.0009433072177038021,4200,4067,4571,4679
SMOKESCREEN / ,0.00718525460793502,8.197699377265603e-06,0.41143958868894603,0.005241221116480421,1664,2042,1409,1849
SMUGGLER II / CONRAD J,0.00718525460793502,7.4041226767224205e-06,0.3903658536585366,0.0035535097268347064,1664,2097,2230,2419
"SMYTHE, ALISTAIR ALP",0.0078100593564511085,2.668559975370853e-05,0.3890137935225132,0.0036783266013660693,1526,1447,2302,2360
"SMYTHE, SPENCER",0.005779443923773821,4.465889437805838e-06,0.3928812519177662,0.003868366378385206,2050,2370,2135,2284
SNAGG,0.004373633239612621,1.4790526098106413e-06,0.37214439341975236,0.0026884030887259084,2505,2868,3406,2841
SNAKE,0.004686035613870665,6.776561577505802e-06,0.38603473227206947,0.0031076746442928486,2377,2142,2474,2614
SNAKEBITE / ,0.0018744142455482662,5.607003918511472e-07,0.3449725185903653,0.0004234718692814252,4385,3196,5452,5580
SNAKE-EYES,0.003436426116838488,4.120380540567332e-07,0.4030724674179941,0.004101663088365403,3010,3274,1690,2187
SNAKESKIN II / ,0.0021868166198063103,0.0,0.3478969677208999,0.001460435502470294,4042,4067,5260,3909
SNAPDRAGON / SHEOKE SA,0.006872852233676976,1.2059457502521998e-07,0.38298636037329503,0.0032615639301320646,1733,3575,2649,2536
SNARE,0.002655420181193377,7.032258540081576e-06,0.3780559820479509,0.0016377854434758612,3591,2126,2967,3680
"SNIDER, DET. LOU",0.004686035613870665,2.2435353064627443e-07,0.3732509328358209,0.002442181953046388,2377,3454,3313,2993
SNIPER / VON BURIAN,0.00031240237425804435,0.0,0.33648691264585306,0.00017810892956234472,6269,4067,5916,6150
"SNIPES, DET.",0.0020306154326772885,3.5670896718351995e-08,0.36990812965851966,0.0014155429156042093,4200,3805,3697,3964
SNOWBIRD | MUTANT X-,0.0023430178069353325,0.0,0.34452696157571844,0.0002967751364513831,3856,4067,5507,5891
SNOWBIRD / NARYA / ANNE,0.03811308965948141,0.0004322796997604894,0.49151631477927066,0.037780652200133595,238,408,138,156
SNOWBLIND / ,0.0020306154326772885,5.1594116310164224e-08,0.3331772053083529,0.0002956479563095247,4200,3745,6019,5896
"SNOW, CHARLIE",0.004842236800999687,3.647332873563131e-06,0.3708724365658672,0.001911301771804684,2327,2472,3550,3424
SNOW QUEEN / GITTE,0.00015620118712902218,0.0,0.3577935505504946,0.00038421844635885057,6354,4067,4654,5672
"SNOW, TANDY",0.004217432052483598,3.7897078672746815e-06,0.39582045257821197,0.00421381656374728,2569,2454,2015,2153
"SNOW, VICTORIA",0.001718213058419244,0.0,0.36441256830601093,0.0009391337421348038,4561,4067,4257,4681
"SOAP, DET.",0.001718213058419244,4.2617975800211584e-05,0.3762120232708468,0.0008507670883793171,4561,1230,3106,4846
SOCRATES SOCK,0.0031240237425804434,1.3333784718917607e-06,0.3717770034843206,0.0018502482533674953,3214,2908,3446,3482
SODIUM,0.005935645110902842,7.452221201640424e-07,0.39719568184638293,0.005522355851732566,1994,3096,1929,1752
"SOFEN, KARL AUGUST",0.009059668853483286,0.0,0.39628597957288764,0.005730833251520411,1347,4067,1991,1693
"SOFEN, MARION",0.009059668853483286,0.0,0.39628597957288764,0.0057308332515204116,1347,4067,1991,1692
SOLARR,0.007966260543580132,4.753980146403218e-05,0.44415151935618147,0.009336878225345291,1509,1168,698,1110
SOLAR WIND,0.0039050296782255542,0.0,0.3707221031906885,0.0028939992159349626,2721,4067,3566,2723
"SOLE, MAJOR REMINGTO",0.0023430178069353325,0.0,0.37789976978926865,0.003085287638018856,3856,4067,2978,2627
"SOLE, RANSOME",0.0060918462980318645,8.27625849677458e-06,0.3825286806883365,0.004590252535036227,1940,2032,2682,2027
SOLO / ,0.011246485473289597,6.571305574770602e-05,0.4396072237863078,0.010657454597905708,1063,1038,777,964
SOMBRE,0.0007810059356451108,0.0,0.3432155685412534,0.0003485471445965502,5841,4067,5616,5760
"SOMERS, JOHNATHAN",0.0012496094970321774,0.0,0.3423895603807894,0.0007635730773016513,5271,4067,5669,4981
"SOMERS, KATHY",0.0014058106841611997,0.0,0.3420419939092803,0.00029274832122298,5057,4067,5706,5904
"SOMMERS, APRIL",0.0031240237425804434,6.066013493137087e-07,0.37089392271594923,0.002412009652231233,3214,3157,3546,3012
SOMON,0.0007810059356451108,0.0,0.32954135996293815,0.00024084811758147445,5841,4067,6088,6014
"SONDHEIM, ERICA",0.01140268666041862,6.09411101064192e-05,0.408838367711859,0.008358650000741182,1037,1074,1511,1228
SONIC,0.004061230865354577,3.6237363317869604e-06,0.41528282304099634,0.004421111143419148,2650,2474,1304,2082
SOPHIE,0.007341455795064043,4.450981475186679e-06,0.40521551996961835,0.004593252137142903,1640,2374,1627,2024
SORRENTINO / SORRENTIN,0.004061230865354577,3.436381556670447e-05,0.41305890702625975,0.0045024501666592115,2650,1317,1370,2061
SORROW / ,0.0012496094970321774,0.0,0.3323297342192691,0.0002651627205390465,5271,4067,6039,5969
SOTEIRA,0.0012496094970321774,2.3624787113354896e-06,0.35556789780616493,0.0005171060347858734,5271,2676,4755,5424
"SOTO, BERNARD",0.0015620118712902217,0.0,0.37643323337449286,0.002021712801021584,4812,4067,3082,3326
SOUL-EATER,0.0031240237425804434,0.0,0.3750878837590813,0.0016624215750039196,3214,4067,3204,3650
SOULFIRE / JASON MALDO,0.0009372071227741331,0.0,0.32869538429943007,0.0001654215175843132,5676,4067,6113,6165
SOUL MAN / FATHER JASO,0.002499218994064355,2.0962296609612768e-07,0.3656614119259767,0.0016484421908711368,3730,3470,4184,3666
SOUNDBYTE / ,0.0015620118712902217,2.91946117210144e-06,0.36472397880704155,0.0009309823197019944,4812,2570,4228,4698
"SOUSA, PAUL",0.0018744142455482662,0.0,0.37194980246339765,0.0013604795313132182,4385,4067,3428,4042
"SOUTHERN, CANDY",0.026866604186191814,0.00017658669703073343,0.46364426419466975,0.021709171875269474,379,653,423,418
SPACE PHANTOM,0.009840674789128397,5.2253573798773154e-05,0.42791257268899136,0.010470490325508045,1240,1135,989,981
SPANKER / FRED HOVEL,0.0015620118712902217,0.0,0.3522808562152644,0.00044636325257636116,4812,4067,4990,5544
"SPAR, DR. KATHERINE",0.0031240237425804434,3.870710936208098e-06,0.388,0.0030211808605150525,3214,2440,2354,2655
SPARK,0.004217432052483598,1.2805488194997705e-07,0.4218224945641431,0.006409316336109759,2569,3567,1136,1559
"SPARROW BEAR, MELLIS",0.00015620118712902218,0.0,0.32175704880132683,0.0001084833284784307,6354,4067,6263,6313
SPARROW,0.004686035613870665,1.2385168437059027e-06,0.3570552147239264,0.001975994248811215,2377,2932,4692,3371
SPARX / AURELLE,0.0023430178069353325,0.0,0.34823759791122716,0.001061195351765212,3856,4067,5245,4454
SPAT,0.004529834426741643,1.1721820571753115e-06,0.3825972628936831,0.004996166914387426,2437,2946,2678,1917
"SPAULDING, JILL",0.0010934083099031551,0.0,0.3495686360161625,0.0007641836829913366,5492,4067,5191,4979
"SPAULDING, PETER",0.006404248672289909,6.844058525793579e-05,0.4127127385250129,0.00549961477583153,1854,1016,1379,1767
SPEAR,0.0021868166198063103,0.0,0.35327226575433174,0.0006163263750972352,4042,4067,4901,5231
SPECTRA / SELENA SLATE,0.0020306154326772885,5.452608893243988e-08,0.36505673718423903,0.001330119478935427,4200,3731,4212,4085
"SPECTRUM, SINCLAIR",0.003436426116838488,1.8327003568874108e-05,0.39292947891732644,0.002033385982290242,3010,1626,2133,3311
SPEEDBALL DOPPELGANG,0.019212746016869727,3.761247412250061e-06,0.46890793232256645,0.024363597038174454,589,2457,349,354
SPEEDBALL II / DARRION,0.01640112464854733,0.0001857233726263361,0.4102005510347921,0.006712609763257089,701,641,1460,1500
SPEEDBALL / ROBBIE BAL,0.08231802561699468,0.004722507530653536,0.508660416335611,0.05376805521089735,73,75,66,69
SPEEDFREEK / SHAPPE,0.001718213058419244,1.8756282730631724e-07,0.3585751092192226,0.0011590150574266006,4561,3490,4600,4340
SPELLBINDER / ERICA FO,0.0006248047485160887,0.0,0.34184109354976505,0.0005905658088830785,6020,4067,5719,5294
"SPENCER, TRACY",0.0021868166198063103,0.0,0.39694940476190477,0.003654241494855013,4042,4067,1955,2370
"SPERZEL, ANTON",0.0007810059356451108,0.0,0.37933281981394795,0.0010679752024147795,5841,4067,2864,4441
"SPETSBURO, GEN. YURI",0.001718213058419244,0.0,0.35106382978723405,0.0007686193858440026,4561,4067,5102,4972
SPHINX,0.01796313651983755,0.0001763822837811258,0.427113216358663,0.011718630221337815,640,654,1006,889
SPHINX III,0.0014058106841611997,0.0,0.37641110065851363,0.0010132181839843347,5057,4067,3084,4561
SPHINX II,0.007653858169322086,1.1485010785504374e-05,0.3817531305903399,0.004363336812767098,1561,1858,2736,2096
SPIDERCIDE,0.012339893783192751,0.00010550059924037461,0.4344757380386834,0.009788708870617826,947,832,879,1072
SPIDER-MAN CLONE / BEN,0.05545142143080287,0.00905261196419085,0.47641018008632235,0.02511322732876708,146,38,269,333
SPIDER-MAN III / MARTH,0.00999687597625742,0.0008461986299826416,0.4208796265860233,0.007317110610416597,1215,270,1157,1389
SPIDER-MAN / PETER PARKER,0.2739768822243049,0.07204460717982202,0.5767048013692461,0.09891682097387311,2,1,2,7
SPIDER-WOMAN DOPPELG,0.01437050921587004,4.588610868564043e-07,0.4645189377448846,0.020610393840656126,790,3243,410,454
SPIDER-WOMAN II / JULI,0.06654170571696345,0.0022916187521062623,0.4924236597184832,0.04545343915866965,108,141,133,104
SPIDER-WOMAN IV / CHAR,0.003436426116838488,6.611967326511447e-07,0.37251251018270687,0.0022181671869667507,3010,3142,3364,3163
SPIDER-WOMAN / JESSICA,0.04654795376444861,0.00240631486954299,0.491327705295472,0.0396818935442421,182,133,141,143
SPIKE,0.0009372071227741331,0.0,0.3530579606242762,0.0004440701976122473,5676,4067,4920,5553
SPIKEY,0.004373633239612621,3.5406327201126865e-07,0.3477457903313417,0.0013797791562899342,2505,3316,5270,3997
SPINNERET,0.0020306154326772885,0.0,0.33953858392999203,0.0004383866061175973,4200,4067,5806,5558
SPIRAL,0.034364261168384876,0.000949024441988372,0.4768359898704007,0.028592355721952338,282,252,264,263
SPIRAL II / ESTELLE GE,0.0010934083099031551,0.0,0.35679652232068215,0.0005722504916545418,5492,4067,4712,5347
SPIRIT OF '76 / WILLIA,0.0020306154326772885,0.0,0.375968992248062,0.0011124300437679129,4200,4067,3128,4394
SPITE / ,0.00031240237425804435,0.0,0.33100666976888476,0.00018655475088515867,6269,4067,6061,6123
SPITFIRE / LADY JACQUE,0.01671352702280537,0.0006502194922960572,0.4365198418109914,0.009855269910682718,687,310,839,1063
"SPITZ, BARRY",0.0023430178069353325,0.0,0.3749341142020498,0.0023228789061545125,3856,4067,3215,3080
SPLICE / CHANDRA KU,0.0067166510465479536,8.753860000430754e-05,0.38492063492063494,0.002984532088063945,1774,898,2542,2677
SPLICE II / ,0.0010934083099031551,0.0,0.3505448173903521,0.0004965448042508179,5492,4067,5140,5474
SPOILSPORT / ,0.002655420181193377,6.306182458815627e-09,0.346916657635201,0.0010194710555654818,3591,3999,5306,4545
SPOOKY,0.0021868166198063103,0.0,0.370614796804446,0.0016026423854880276,4042,4067,3578,3735
SPOOR / ANDREW HAMISH,0.009528272414870352,1.3334256716074166e-05,0.404600897427795,0.00840474268711121,1270,1781,1639,1222
SPORE,0.0010934083099031551,0.0,0.35986509274873524,0.0006840141862904893,5492,4067,4525,5114
SPOT / ,0.0023430178069353325,1.0446043645828551e-08,0.36973722206179616,0.0013878146596587682,3856,3944,3717,3985
SPRAGG,0.007497656982193065,9.178172406570676e-05,0.4300107469102633,0.008170591200235286,1588,879,958,1260
"SPRINGER, JERRY",0.0021868166198063103,0.0,0.37166908563134976,0.00208889872216942,4042,4067,3465,3257
SPRITE,0.016869728209934393,0.0001624224819673084,0.418869405914682,0.013591327011763294,679,680,1217,769
SPROCKET,0.008903467666354263,1.6462252571341052e-05,0.3650151091852443,0.00333783800832591,1370,1682,4213,2511
SPUNJE,0.01358950328022493,8.073264180771948e-05,0.4530464935248744,0.016171712648567083,850,937,547,632
SPYMASTER II,0.005467041549515776,5.853955249946048e-06,0.40027510316368636,0.0057472661729152975,2133,2223,1793,1687
SPYMASTER / JAKE JORDA,0.007029053420805998,1.3520709001006614e-05,0.4052411697683251,0.004539557233950118,1704,1775,1625,2053
SPYNE,0.005154639175257732,1.876240564713546e-06,0.38406623072769813,0.004549607773556189,2237,2769,2594,2048
SQUID / DONNY CALLAHAN,0.002655420181193377,1.154372533325811e-06,0.38223177503134514,0.00181177482371889,3591,2952,2698,3519
SQUIRE / ,0.0039050296782255542,0.0,0.38462000600781016,0.0025407454396436297,2721,4067,2563,2932
SQUIRREL GIRL / ,0.00031240237425804435,0.0,0.366393864820008,0.0006617095001386303,6269,4067,4090,5152
SSSESTHUGAR,0.00359262730396751,2.6035244787771428e-06,0.3911529296755667,0.002889098949691241,2918,2634,2207,2725
SSSITH,0.005467041549515776,2.672064310666003e-07,0.4124202795851317,0.00850289487384295,2133,3400,1385,1205
SSS'LETHCOTT,0.0007810059356451108,0.0,0.33903511094635386,0.0002417536799984098,5841,4067,5840,6011
"STACY, ARTHUR",0.014839112777257107,8.934206175611459e-05,0.4141544831155389,0.006791398755703575,770,891,1339,1481
"STACY, CAPT. GEORGE",0.009528272414870352,2.1850915324116336e-05,0.4089689536220774,0.006168138559485717,1270,1558,1505,1602
"STACY, GWEN",0.014058106841611996,7.242921605434024e-05,0.42040977147360126,0.008762420180899072,813,991,1169,1165
"STACY, GWEN (CLONE)",0.008903467666354263,2.301819365604722e-05,0.3856394193120896,0.003939124408144525,1370,1533,2506,2245
"STACY, GWEN | MUTANT",0.004061230865354577,8.414818226210636e-08,0.3447310322545905,0.000322933397079297,2650,3644,5483,5814
"STACY, HELEN",0.0012496094970321774,0.0,0.36656169481820783,0.0006598076500585568,5271,4067,4074,5155
"STACY, JILL",0.024679787566385503,0.000581553864243365,0.44694219491762077,0.012192410820896745,419,334,654,857
"STACY, NANCY",0.0021868166198063103,1.6600398492754738e-07,0.3681637817010754,0.0016228225618411818,4042,3513,3871,3719
"STACY, PAUL",0.011090284286160575,3.5881511290891574e-05,0.3799181057504006,0.003561344586463919,1080,1304,2840,2417
"STAHL, VERONICA",0.0010934083099031551,0.0,0.3668347467338987,0.0007521824562300801,5492,4067,4036,4994
STAINED GLASS SCARLE,0.002499218994064355,2.374846824276677e-07,0.3361159237675224,0.0003774607743851175,3730,3434,5919,5685
"STALIN, JOSEF",0.0012496094970321774,0.0,0.3834681042228212,0.0016077997081395089,5271,4067,2628,3731
STALKER,0.0007810059356451108,0.0,0.34266445431675857,0.00029594390044501993,5841,4067,5646,5895
STALKING FOX,0.001718213058419244,0.0,0.37125956854558106,0.002235737855137638,4561,4067,3510,3142
STALLIOR,0.011558887847547642,2.6393298624592122e-05,0.4155523821887576,0.011434318992349491,1023,1452,1297,910
"STALYENKO, COL. YURI",0.005310840362386754,2.657834555495357e-05,0.3894871326884468,0.003536710888421263,2184,1448,2277,2426
STAMPEDE / ,0.001718213058419244,0.0,0.3284592889025704,0.00018214602781074175,4561,4067,6121,6129
"STAMP, J.Q.",0.0007810059356451108,0.0,0.35757372654155495,0.0007752093194156972,5841,4067,4669,4960
"STANACHEK, FREDDIE",0.005467041549515776,1.8153068034844724e-06,0.38216332378223494,0.005622624339157075,2133,2791,2702,1718
"STANCHEK, DR.",0.005623242736644799,2.9837712378823274e-06,0.41649860126211696,0.007818946416165295,2087,2557,1265,1307
"STANDISH, GEN.",0.002967822555451421,7.457394820350602e-06,0.3618993781797626,0.002057762942164921,3351,2091,4408,3288
"STANE, OBADIAH",0.006560449859418931,1.2690578027673769e-05,0.4028949024543738,0.0059065589721253265,1811,1807,1695,1649
"STANFORD, DWIGHT ROL",0.00359262730396751,1.0009897899424382e-06,0.40256555366911906,0.004313315030355791,2918,3004,1704,2115
"STANKOWICZ, FABIAN",0.03092783505154639,0.0003620525184038344,0.47174121288040677,0.02764389128550275,318,446,316,282
"STANLEY, TOM",0.0009372071227741331,0.0,0.3375870069605568,0.00020444379287540138,5676,4067,5865,6103
"STAPHOS, DR. MONICA",0.0015620118712902217,0.0,0.3673609915648132,0.0009597105476027382,4812,4067,3970,4654
"STAPLES, EDNA M. GRA",0.010621680724773508,4.0709708609410095e-05,0.4512900042295221,0.014846714636605713,1131,1250,589,699
STARBOLT,0.019212746016869727,7.073532062332076e-05,0.427369826435247,0.01695364704458739,589,1004,998,600
STAR,0.0021868166198063103,0.0,0.35327226575433174,0.0006163263750972352,4042,4067,4901,5231
STARDUST / T'URIN G'AR,0.004842236800999687,4.02967452510477e-06,0.3556073987668722,0.0022427672018989304,2327,2415,4752,3134
STARFOX / EROS,0.07232114964073727,0.00178925745982906,0.4976679104477612,0.053165220006713226,87,172,104,73
STAR HAMMER,0.0032802249297094657,0.0,0.3730769230769231,0.003152012718851736,3094,4067,3330,2585
STARHAWK II / ALETA OG,0.004373633239612621,8.228423422598719e-06,0.3895345299665348,0.004584399219255645,2505,2038,2274,2030
STARHAWK / STAKAR,0.004373633239612621,8.228423422598719e-06,0.3895345299665348,0.004584399219255649,2505,2038,2274,2029
"STAR, JOAN",0.002655420181193377,0.0,0.3634196185286104,0.0012954592551743063,3591,4067,4304,4122
"STARK, HOWARD",0.007653858169322086,8.307702352165753e-05,0.40964934732531355,0.005014980928768495,1561,926,1481,1910
"STARK, HOWARD | TIME",0.0039050296782255542,0.0,0.38771802325581395,0.0035173937508154104,2721,4067,2369,2432
"STARK, ISAAC",0.00031240237425804435,0.0,0.2872397702799713,2.097566529185693e-05,6269,4067,6374,6371
"STARK, MARIA CARBONE",0.0010934083099031551,0.0,0.3775654635527247,0.0011044954515916133,5492,4067,3001,4404
"STARK, MARIA | TIMES",0.0039050296782255542,0.0,0.38771802325581395,0.0035173937508154087,2721,4067,2369,2433
"STARK, MORGAN",0.012339893783192751,7.927020931632826e-05,0.42535379708989435,0.008749459449483547,947,951,1045,1169
"STARR, AARON",0.0018744142455482662,0.0,0.36801563577833984,0.0020515187000964153,4385,4067,3889,3293
"STARR, JACQUELINE",0.0018744142455482662,0.0,0.33856893542757416,0.0006991403584016379,4385,4067,5847,5095
"STARR, TRIXIE TRISH",0.008903467666354263,9.102601086382727e-06,0.4176942650225093,0.00883500599766572,1370,1974,1237,1161
STARSHINE II / BRANDY,0.027647610121836926,0.00616755963014174,0.47090842221404927,0.02015322120313154,365,61,325,467
STARSHINE III / ANARRA,0.0037488284910965324,2.5702186759067048e-06,0.32763561924257933,0.00021998286295031458,2830,2638,6141,6063
STARSHINE / LANDRA,0.00359262730396751,1.1526535410097768e-06,0.34424907243103725,0.0010454544481464957,2918,2954,5547,4486
STAR-STALKER,0.006248047485160887,8.23541860710445e-06,0.39653143388045836,0.0059468849024696445,1895,2037,1977,1634
STAR THIEF II,0.0014058106841611997,0.0,0.365452677246261,0.001572478513707552,5057,4067,4194,3768
STAR THIEF III / DITMI,0.00499843798812871,2.7500354375765584e-06,0.3741234221598878,0.0035482167026664596,2281,2603,3262,2423
STAR THIEF / ,0.00015620118712902218,0.0,0.32888112606596115,0.00016130573542140716,6354,4067,6105,6171
STATIC,0.00937207122774133,1.6747285854521125e-05,0.40467762326169404,0.008951572503503251,1293,1671,1637,1150
"ST. CROIX, CARTIER",0.0032802249297094657,7.9234607812361e-07,0.35368211701010993,0.0017679827170414793,3094,3085,4874,3554
"ST. CROIX, CLAUDETTE",0.006872852233676976,9.595078106538897e-06,0.36098111079785733,0.0024152610816816408,1733,1948,4453,3007
"ST. CROIX, LOUIS",0.0018744142455482662,0.0,0.36288402675433623,0.0018028106200831426,4385,4067,4351,3525
"ST. CROIX, NICOLE",0.006872852233676976,9.595078106538897e-06,0.36098111079785733,0.0024152610816816386,1733,1948,4453,3008
STECK'EE,0.0031240237425804434,2.4260968703689114e-05,0.34665367121507473,0.0009666628126586808,3214,1498,5323,4648
"STEED, JOHN",0.004842236800999687,0.0,0.39877912046841907,0.007679889138392839,2327,4067,1857,1328
"STEED, MR.",0.0031240237425804434,0.0,0.3531943065210195,0.00145465637550319,3214,4067,4910,3915
STEEL COLLAR,0.0028116213683223993,4.0155216327014894e-06,0.4000249937515621,0.002442308440681129,3463,2418,1804,2991
"STEELE, BOBBY",0.012027491408934707,7.803098407758622e-05,0.4000499906267575,0.008097003249056144,984,960,1803,1275
"STEELE, MARCY MASTER",0.017182130584192438,0.0002594155720035843,0.4387335526315789,0.014041100234029867,667,533,796,747
"STEELE, SIMON / WOLFGA",0.0014058106841611997,1.1983869411585506e-06,0.38468934022353085,0.0011704161238148415,5057,2940,2559,4323
STEEL SERPENT,0.005779443923773821,1.4388084914197222e-05,0.4024390243902439,0.005246293937722371,2050,1750,1711,1833
STEEL WIND,0.008122461730709154,2.8714350532332273e-05,0.38540726024923244,0.003417497848613194,1488,1404,2515,2484
STEEPLEJACK II / MAXWE,0.005467041549515776,5.628664012125971e-07,0.3765439360075285,0.002270162546179092,2133,3193,3074,3117
STEEPLEJACK,0.00031240237425804435,0.0,0.34091272165717024,0.00025004492938610523,6269,4067,5769,5998
STEGRON,0.004217432052483598,4.553555114245911e-06,0.3964332156789894,0.003891729937251654,2569,2363,1982,2269
"STEIN, EMIL",0.0006248047485160887,0.0,0.3842737094837935,0.0013349099892996713,6020,4067,2585,4078
STELLARAX,0.0010934083099031551,0.0,0.3476513711648113,0.001014754288578713,5492,4067,5280,4556
STELLARIS / LEAH PRINC,0.009059668853483286,3.834040607445375e-05,0.39932634730538924,0.006711846857614028,1347,1275,1835,1501
STEM,0.0032802249297094657,4.276747861882162e-07,0.36899135446685877,0.002361481046179289,3094,3260,3793,3039
"STEPHANAPOULUS, COSM",0.002967822555451421,1.1549796990889083e-06,0.3655778894472362,0.0020986628754529825,3351,2950,4185,3243
"STERIXIAN, ALMONNAS",0.001718213058419244,0.0,0.36468242665907147,0.0011368576938926265,4561,4067,4234,4373
"STERIXIAN, LOATIA",0.001718213058419244,0.0,0.36468242665907147,0.0011368576938926254,4561,4067,4234,4376
"STERLING, SID",0.00015620118712902218,0.0,0.33217454469983915,0.0001883041048414506,6354,4067,6042,6121
"STERMAN, ANDREA ANDI",0.01296469853170884,0.00013802403023055083,0.41875981161695447,0.009989690805951492,893,727,1223,1048
"STERNBERG, DR. BERTH",0.0007810059356451108,0.0,0.3497978363020435,0.00042845915782047453,5841,4067,5186,5570
STERN,0.0018744142455482662,1.3029538990826304e-06,0.3546225004154434,0.000609616891002406,4385,2917,4814,5247
"STERN, ROGER",0.00499843798812871,3.3038680064893644e-06,0.42574981711777615,0.005577949312989881,2281,2518,1036,1739
"STEVENS, DR. VINCENT",0.0007810059356451108,8.21780023258796e-05,0.35069843878389484,0.00044599067246736695,5841,930,5133,5549
"STEVENS, MILO",0.002967822555451421,8.668219207180981e-07,0.40294561933534745,0.003373842951564102,3351,3057,1693,2496
"STEWART, MACKINLEY",0.0028116213683223993,2.8499671980981177e-05,0.38823529411764707,0.0016256299152490816,3463,1410,2341,3717
"STEWART, MADDIE",0.0028116213683223993,0.0,0.31968441026665334,0.0005085867183660444,3463,4067,6293,5448
"STEWART, MARY",0.0015620118712902217,0.0,0.34968319860170416,0.0006364930475329946,4812,4067,5188,5191
"STEWART, TINA",0.0028116213683223993,0.0,0.31968441026665334,0.0005085867183660445,3463,4067,6293,5444
"ST. GERMAINE, COMTE",0.0012496094970321774,3.59594193810673e-07,0.3618584671037757,0.0008932007528744875,5271,3310,4413,4779
"ST. HUBBINS, SARI",0.0028116213683223993,2.70814060825389e-07,0.36138865368331924,0.002380885729073867,3463,3396,4441,3025
STICK,0.00499843798812871,3.708113736159461e-05,0.39726962457337883,0.0028302773647752508,2281,1287,1928,2769
"STILES, TATJANA",0.00046860356138706655,2.4402622579131728e-08,0.2923688176462529,1.8551290509327947e-05,6167,3862,6364,6373
STILETTO,0.012183692596063729,2.9668387316858136e-05,0.42402967280434495,0.008683533071857931,970,1387,1074,1176
STILETTO II / ,0.0015620118712902217,0.0,0.33528857232638526,0.00018961203069339027,4812,4067,5954,6114
STILT-MAN / WILBUR DAY,0.02139956263667604,0.0003876945747582459,0.4504643962848297,0.016254032285687406,513,431,598,628
"STILWELL, RON",0.00031240237425804435,0.0,0.3517195912537084,0.00033856750641097355,6269,4067,5024,5781
STINGER II / ,0.001718213058419244,0.0,0.3981838537131484,0.004021115844194576,4561,4067,1889,2211
STINGER III / ,0.012183692596063729,4.745518837989835e-06,0.4205754828537643,0.013164420913550011,970,2336,1164,804
STINGER IV,0.0032802249297094657,0.0,0.37035751475182227,0.0024778369494769564,3094,4067,3605,2975
STINGER / ,0.00046860356138706655,0.0,0.3302723895996698,0.00025789612427257484,6167,4067,6079,5984
STINGRAY / DR. WALTER,0.044673539518900345,0.0006161376101721316,0.49023661842407534,0.04111817273645832,192,324,151,128
STINGRAY | MUTANT X-,0.010153077163386441,2.068230298127953e-06,0.34545650766242175,0.00039021257814805804,1193,2720,5396,5650
STINKY,0.004373633239612621,3.5406327201126865e-07,0.3477457903313417,0.0013797791562899333,2505,3316,5270,4001
STITCH / ,0.001718213058419244,0.0,0.3634196185286104,0.001359618674695294,4561,4067,4304,4046
"STITHY, THEODORE",0.0010934083099031551,0.0,0.35307743216412973,0.0005923510316021517,5492,4067,4919,5289
"ST. LAWRENCE, COL. C",0.009215870040612308,0.00012898153092251073,0.4445524616346087,0.009050229466585288,1318,754,694,1140
"STOCKBRIDGE, CHARLES",0.009059668853483286,0.0,0.39628597957288764,0.005730833251520416,1347,4067,1991,1691
"STOCKBRIDGE, DEANNA",0.009059668853483286,0.0,0.39628597957288764,0.00573083325152041,1347,4067,1991,1694
"STOKER, OLIVIER",0.0007810059356451108,0.0,0.33930464278142886,0.00022242511467588435,5841,4067,5827,6044
"STONE, CHANTAL",0.004686035613870665,6.623200548306889e-06,0.41936329097340497,0.00628150992403197,2377,2155,1193,1585
STONECOLD / ,0.0023430178069353325,1.7644888355129946e-07,0.35851486811894495,0.0015358568542924002,3856,3506,4602,3832
STONECUTTER / UTAMA TO,0.005467041549515776,9.722003409344058e-07,0.42160026341784657,0.00739324032231467,2133,3012,1143,1380
STONE,0.0021868166198063103,0.0,0.35327226575433174,0.000616326375097236,4042,4067,4901,5230
STONE-FACE,0.0010934083099031551,0.0,0.37205788341953855,0.0012676480945733924,5492,4067,3416,4163
STONE II,0.0018744142455482662,5.746295413842735e-08,0.3679944818072081,0.0015364037214240208,4385,3713,3899,3830
"STONE, JOHN",0.0018744142455482662,0.0,0.3665197229060514,0.0010304666875175113,4385,4067,4077,4509
"STONE, LT. MARCUS",0.025616994689159636,0.0005088769676761778,0.46127242596728874,0.019403332057762443,399,366,447,494
"STONE, MARGARET",0.002655420181193377,0.0,0.37574832726845875,0.003607737141461907,3591,4067,3154,2394
"STONE, MEG",0.00359262730396751,0.0,0.3893923727267198,0.0034409304690104065,2918,4067,2284,2474
"STONE, NELSON",0.0018744142455482662,0.0,0.34850299401197604,0.000899816478030787,4385,4067,5237,4768
"STONE, TIBERIUS",0.0037488284910965324,3.6035074548710066e-06,0.41181011192589734,0.00425320265907665,2830,2479,1403,2135
STONEWALL / LOUIS HAMI,0.012652296157450796,1.7005782167107162e-05,0.40678612276019827,0.011242178645777633,912,1664,1573,922
STORM 2013,0.005310840362386754,4.397697616471796e-05,0.381139489194499,0.005113123104551754,2184,1206,2768,1888
"STORM, CHILI",0.006248047485160887,6.836410293593438e-10,0.4427998340019366,0.010759529790321742,1895,4065,721,958
STORM DOPPELGANGER,0.008434864104967197,0.0,0.43690711799631476,0.014001459784688808,1439,4067,830,750
STORM DOPPELGANGER I,0.011558887847547642,2.653097904668486e-07,0.44734819369715606,0.01597397977446375,1023,3409,648,638
STORMER,0.00046860356138706655,0.0,0.2606571393672896,2.8615667887410226e-06,6167,4067,6401,6397
"STORM, JOHNNY | MUTA",0.005154639175257732,4.7491325841405244e-07,0.34486102133160956,0.0003366001348485499,2237,3233,5468,5797
STORM / ORORO MUNROE S,0.17072789753202125,0.012172844651566808,0.542910447761194,0.08775991064727481,18,26,15,17
"STORM, SUE | TIMESLI",0.0039050296782255542,0.0,0.38771802325581395,0.0035173937508154083,2721,4067,2369,2434
STRACU,0.0023430178069353325,2.8708967740154974e-09,0.34216996258685195,0.00028399815227259377,3856,4053,5682,5922
"STRANG, COL. / LT. GAR",0.007497656982193065,0.00026363070565628313,0.4246766169154229,0.005203216934887111,1588,526,1060,1862
STRANGE,0.0012496094970321774,0.00023293684663086074,0.367825337546682,0.0012156380994757616,5271,556,3914,4265
STRANGER,0.025460793502030614,0.00021298079514779088,0.47598513011152416,0.025138483639402652,403,590,276,332
STRANGLEHOLD,0.00359262730396751,1.3990347119723739e-07,0.34517711759314174,0.0013049146766789142,2918,3544,5418,4106
STRANGLER,0.0031240237425804434,8.7890101848631e-07,0.3631722260040844,0.0016534129878941948,3214,3049,4331,3661
STRIDER,0.020618556701030927,0.0002099309460930642,0.45144912206473453,0.01834728583556764,536,594,585,527
STRIKER,0.0006248047485160887,0.0,0.3560028916198632,0.0005300052585664274,6020,4067,4740,5401
"STRIKER, SAM",0.002499218994064355,1.1081718380998976e-07,0.36255521576622496,0.0012639703110091445,3730,3590,4371,4175
"STRINGER, AMY",0.0006248047485160887,0.0,0.3568164084271542,0.0006127984917916627,6020,4067,4709,5236
STROBE / ,0.012183692596063729,2.017413309219095e-05,0.4013793103448276,0.010428377326023645,970,1587,1746,988
STRONGARM / ,0.008434864104967197,1.486625577721649e-07,0.42366487988882273,0.009991233364682993,1439,3530,1083,1044
STRONGARM II / ARMSTRO,0.0014058106841611997,0.0,0.3284255886728569,0.0002342370301349047,5057,4067,6129,6020
STRONG GUY DOPPELGAN,0.015620118712902217,2.0072945706676613e-06,0.4597816719333525,0.019661534200458318,730,2739,460,487
STRONG GUY / GUIDO CAR,0.05107778819119025,0.0007511518706054802,0.49019908116385913,0.0403410403595311,159,286,152,135
STRONG GUY | MUTANT,0.007497656982193065,0.0,0.34513989972505255,0.00036711039563783724,1588,4067,5422,5710
STRONGHOLD / ,0.002967822555451421,6.646525544403314e-07,0.37040037028465633,0.0018125379063590043,3351,3137,3597,3515
"STRONG, MARTIN HENRY",0.0032802249297094657,2.638964204310488e-06,0.36114401760027076,0.0020909414694729373,3094,2626,4449,3251
"STRONG, SUSAN",0.002499218994064355,1.3149319690911667e-07,0.3716475095785441,0.0015892490336258428,3730,3557,3467,3747
STRONTIUM-90 / ,0.0009372071227741331,0.0,0.34461969101577217,0.00032555987441537204,5676,4067,5491,5809
"STROUD, SIMON",0.0028116213683223993,7.796933419938386e-06,0.3884237349836185,0.0022528799879550066,3463,2067,2330,3130
"STROUGHTON, WILLIAM",0.0021868166198063103,0.0,0.3462412114656571,0.0005946492494477293,4042,4067,5357,5282
"STRUCKER, ANDREA",0.02577319587628866,0.000378671552457316,0.4519909630048009,0.019991651460611704,396,432,570,476
"STRUCKER, ANDREAS",0.026085598250546703,0.00039110930049696146,0.4524061903752385,0.020068184280821195,391,429,565,472
"STRUNK, BELLA",0.00031240237425804435,0.0,0.3110787172011662,7.863334714083961e-05,6269,4067,6324,6330
STRYFE,0.02077475788815995,0.00022644438410739397,0.43816302785572514,0.01495384873222879,531,565,807,696
"STRYKER, WILLIS",0.004217432052483598,9.354221454097775e-06,0.3744078601087783,0.0023702373207379053,2569,1958,3241,3033
"ST. THOMAS, JULES",0.012339893783192751,8.900491017432429e-05,0.45465520914707763,0.015476251754491634,947,892,519,661
"STUART, BRIG. ALYSAN",0.014839112777257107,2.9730121982025248e-05,0.4064761904761905,0.012699871544205618,770,1386,1586,826
"STUART, DR. ALISTAIR",0.017806935332708527,0.00013662179670194876,0.4436283001870972,0.013143170991567796,644,734,708,807
"STUART, DR.",0.004373633239612621,5.392024411412428e-07,0.3794902193242442,0.0042158052174086575,2505,3211,2857,2152
STUNNER / ANGELINA BRA,0.010309278350515464,7.13696239571329e-05,0.4075370806544019,0.0046291222747152335,1172,998,1553,2013
STUNT-MASTER / GEORGE,0.011871290221805685,0.0002227511010550553,0.4478488982161595,0.013514398251923783,1000,572,641,778
"STURDY, PROF. KENNET",0.006248047485160887,3.734846335941513e-06,0.4214060031595577,0.009057527433907466,1895,2464,1147,1139
"STYGE, REV.",0.001718213058419244,4.885324058308528e-07,0.3698226561146092,0.0007406475410738116,4561,3229,3701,5012
STYGIAN STARBENDER,0.0067166510465479536,8.825552054118346e-06,0.3820036995047437,0.004815998883576879,1774,1993,2719,1956
STYGLUT / ,0.001718213058419244,0.0,0.37388308123576475,0.0033118441906042173,4561,4067,3277,2521
STYRAK,0.001718213058419244,0.0,0.3418228415825725,0.0009232180378397291,4561,4067,5720,4720
STYX II,0.0006248047485160887,0.0,0.3455683903702904,0.0006804532863837479,6020,4067,5389,5120
STYX / JACOB EICHORN,0.0018744142455482662,5.746295413842735e-08,0.3679944818072081,0.0015364037214240201,4385,3713,3899,3831
"SUAREZ, RAPHAEL",0.003436426116838488,2.4904787711509325e-07,0.3772539776075427,0.003508526348749321,3010,3426,3023,2449
SUB-MARINER | MUTANT,0.008903467666354263,7.393206546593225e-07,0.3453074433656958,0.00037954871613958606,1370,3110,5413,5681
SUB-MARINER / NAMOR MA,0.1569821930646673,0.015699161023577768,0.5379831932773109,0.07953511694522304,28,20,26,29
"SU, DR. KO BIN",0.005310840362386754,1.2612372066147335e-06,0.34665367121507473,0.0019931395664637332,2184,2926,5323,3359
"SUEE, FAH LO",0.001718213058419244,3.241725779721567e-07,0.3257849473309246,0.0002260357707586048,4561,3345,6197,6033
SUGAR MAN,0.01140268666041862,1.862834678638824e-05,0.4078486334968465,0.01082847181265695,1037,1615,1542,951
SUICIDE / CHRIS DANIEL,0.0007810059356451108,0.0,0.3367524065014991,0.0003023464516102322,5841,4067,5896,5878
"SUKHAROV, DIMITRI",0.0006248047485160887,0.0,0.3578535494689771,0.0003888474080018508,6020,4067,4645,5653
"SUKHAROV, VIKTORIA",0.0006248047485160887,0.0,0.3578535494689771,0.00038884740800185073,6020,4067,4645,5654
"SUMMERS, DEBORAH",0.0012496094970321774,0.0,0.3648279006154547,0.0012660489581982808,5271,4067,4220,4171
"SUMMERS, MADELYNE MA",0.04092471102780381,0.0017310810919785155,0.46932043105344184,0.029242248532268693,217,175,346,253
"SUMMERS, NATHAN CHRI",0.09481412058731646,0.009432028832061193,0.508095238095238,0.04908889341369997,55,37,69,87
"SUMMERS, PHILIP",0.0012496094970321774,0.0,0.3648279006154547,0.001266048958198281,5271,4067,4220,4170
"SUMMERS, SCOTT III |",0.01499531396438613,2.456588261358737e-05,0.34907306434023994,0.0006096853898957542,759,1485,5209,5246
SUMO,0.005935645110902842,2.4167498072496486e-06,0.37353404516016103,0.003280346179941756,1994,2665,3294,2529
SUNDANCE,0.0006248047485160887,0.0,0.3560028916198632,0.0005300052585664278,6020,4067,4740,5400
SUNDER,0.01515151515151515,2.8725886333019884e-05,0.4378034603022636,0.013700444164843074,750,1403,815,765
SUNDOWN / DR. DAVE LOW,0.005310840362386754,3.639342233559378e-05,0.4388538524814916,0.008363442932340006,2184,1294,790,1227
SUNDRAGON / PAMELA DOU,0.0014058106841611997,6.68285052629079e-08,0.3686301606495077,0.0015973253899066763,5057,3697,3824,3742
SUNFIRE / SHIRO YASHID,0.002967822555451421,0.0,0.34727420667209113,0.00044991668660735357,3351,4067,5299,5542
SUNFIRE / SHIRO YOSHID,0.05920024992189941,0.0032653295248387415,0.5018027904060197,0.04609188718101294,131,99,91,101
"SUN, LIN",0.006560449859418931,5.961320177604762e-05,0.3970725051169137,0.00372659226863071,1811,1080,1948,2345
SUNSET GRACE,0.00046860356138706655,0.0,0.36618429331350455,0.0009658576542454308,6167,4067,4114,4649
SUNSET,0.00031240237425804435,0.0,0.3658494771129779,0.0005905693794359861,6269,4067,4164,5292
SUNSHINE / AUTUMN MACR,0.006404248672289909,2.9000516965368524e-05,0.3820264948084497,0.002363370908991773,1854,1396,2718,3038
SUNSPOT / ROBERTO DACO,0.0859106529209622,0.005712910990241262,0.5007822277847309,0.0478336792739906,64,65,95,93
SUNSPYRE / LEYU YOSHID,0.0023430178069353325,3.0926919257554514e-09,0.37244749549130257,0.003007027688629367,3856,4045,3374,2664
SUNSTROKE / ,0.00999687597625742,3.4453090100236383e-06,0.39667885246917406,0.005870325822637487,1215,2491,1973,1658
SUN-TAO,0.0009372071227741331,2.735415156369206e-07,0.3615110960528545,0.000582607377226968,5676,3389,4434,5311
SUNTURION / ARTHUR DEA,0.006560449859418931,1.0076262857810925e-05,0.3969740187263595,0.004675196614493716,1811,1922,1954,2001
SUNTURION II / MIKE ST,0.00015620118712902218,0.0,0.34901597339584584,0.00030400636272246074,6354,4067,5211,5868
SUPER-ADAPTOID / ALESS,0.016869728209934393,8.064348944790993e-05,0.43912476850264076,0.017672194848994165,679,940,786,566
SUPER-ANDROID F-4,0.0012496094970321774,3.4445592621054062e-09,0.3745392850874627,0.0018484904444016107,5271,4042,3229,3483
SUPERCHARGER / ,0.00999687597625742,3.4453090100236383e-06,0.39667885246917406,0.005870325822637483,1215,2491,1973,1660
"SUPERIA / WENTWORTH, D",0.010309278350515464,1.1147881892329052e-05,0.39860531722806797,0.00632007441897939,1172,1871,1869,1579
SUPER-NOVA,0.002967822555451421,5.098669731599481e-09,0.3990525462818675,0.005197102325691372,3351,4025,1846,1863
SUPER-PATRIOT,0.0007810059356451108,0.0,0.35090988818241614,0.0007458060396789938,5841,4067,5116,5001
SUPER SABRE / MARTIN F,0.016557325835676352,0.00013698722085762,0.41788511749347257,0.0132084064937829,693,733,1235,802
SUPER SKRULL / KL'RT,0.02874101843174008,0.0003698022919938093,0.47303088517807007,0.027793499518284682,351,439,304,278
SUPREME COMMANDER,0.0021868166198063103,1.4231240168002347e-06,0.3782346685572492,0.0018025234595146701,4042,2881,2953,3527
SUPREME INTELLIGENCE,0.037175882536707276,0.0005758674615939927,0.47836807890607486,0.03269446077922056,248,338,257,214
SUPREME ONE,0.0015620118712902217,4.592327340974622e-08,0.3700578034682081,0.0024147871168536173,4812,3756,3666,3009
SUPREMOR,0.00718525460793502,4.201701034142079e-06,0.4006508542461981,0.007702538496078622,1664,2398,1781,1323
SURESHOT,0.004061230865354577,2.112385491702068e-06,0.38494377968853344,0.0031168107657648827,2650,2713,2539,2604
SURGEON GENERAL / ANGE,0.0007810059356451108,0.0,0.37353404516016103,0.0010022493250282307,5841,4067,3294,4587
SURGE,0.0006248047485160887,0.0,0.3533112582781457,0.000530545992084169,6020,4067,4899,5398
SURTUR,0.01140268666041862,2.8673391325338183e-05,0.4139134932436801,0.009573847413992989,1037,1405,1344,1093
"SUTTON, JOHN",0.0018744142455482662,0.0,0.3475758727401053,0.0010527180662073588,4385,4067,5287,4467
"SUVOROV, ADMIRAL GRI",0.004529834426741643,4.2931140148741703e-07,0.38540726024923244,0.003895953886326674,2437,3257,2515,2264
SUWAN,0.004842236800999687,6.989455055770599e-06,0.3944547134935305,0.003572543223711815,2327,2130,2065,2414
SUZIE,0.0009372071227741331,1.8900150288570214e-08,0.36867261733371726,0.0009575763835095128,5676,3901,3817,4661
SVAROG,0.007653858169322086,0.0,0.4419744563341388,0.010273979133203536,1561,4067,738,1004
SVYATOGOR / SASHA POKR,0.0020306154326772885,0.0,0.3932915591596019,0.0028029743272522337,4200,4067,2114,2784
"SWANN, DR. EVAN",0.011558887847547642,3.0349953699579396e-05,0.41734028683181223,0.0076588380619083294,1023,1374,1246,1330
SWARM / FRITZ VON MEYE,0.0039050296782255542,3.9964369597699406e-06,0.3986549598356062,0.003640480344062447,2721,2422,1865,2378
SWEEPZWEAK,0.0028116213683223993,0.0,0.3716259360306496,0.0032613962810553033,3463,4067,3470,2542
SWIFT / ,0.0009372071227741331,0.0,0.3660377358490566,0.0005961865757863838,5676,4067,4135,5277
SWITCH / DEVON ALOMAR,0.00359262730396751,4.654058845950609e-07,0.3489969472307021,0.0016931355119786115,2918,3237,5217,3617
"SWITZLER, BEVERLY",0.0078100593564511085,0.0001998009932838911,0.4089689536220774,0.005251617005146272,1526,614,1505,1830
SWORDSMAN II / COTATI,0.011090284286160575,2.6906038205351564e-05,0.40720010176822286,0.00932100488602676,1080,1445,1559,1113
SWORDSMAN III / PHILIP,0.021243361449547016,0.00012698557380768738,0.45263009049773756,0.0195610584978091,518,760,562,489
SWORDSMAN / JACQUES DU,0.027647610121836926,0.00011654653426281887,0.4741519774848171,0.027859104494276126,365,795,293,276
SYBIL,0.0007810059356451108,0.0,0.33930464278142886,0.00022242511467588362,5841,4067,5827,6048
SYBYL DORN,0.005623242736644799,5.719990237185562e-07,0.40844710986346816,0.007275846903036668,2087,3186,1527,1393
SYLPH,0.00046860356138706655,0.0,0.3295074373359411,0.0002389366965027835,6167,4067,6092,6015
S'YM,0.021711965010934083,0.0003063008693514495,0.44045407636738904,0.018800694037028744,501,486,762,513
SYNAPSE / ,0.0012496094970321774,0.0,0.35464214491469087,0.0007104915010216723,5271,4067,4809,5065
SYNARIO / ANGELA BRADF,0.0009372071227741331,0.0,0.3743859649122807,0.0011734267569193015,5676,4067,3243,4317
SYNCH / EVERETT THOMAS,0.03373945641986879,0.0014007557598046554,0.4564380436332525,0.020413101740402,286,204,498,459
SYNRAITH,0.0031240237425804434,0.0,0.3783240751684198,0.00376985512446632,3214,4067,2937,2325
SYPHONN,0.0015620118712902217,0.0,0.34312359309679497,0.0012595777690974318,4812,4067,5619,4189
SYRRH,0.00031240237425804435,0.0,0.34541922952411785,0.000422777467631126,6269,4067,5401,5582
"SZARDOS, MARGALI",0.024835988753514525,0.00047422163476739163,0.4669924866875775,0.022952748751581292,416,385,372,386
"SZARDOS, STEFAN",0.00046860356138706655,0.0,0.360472972972973,0.0006784926715508705,6167,4067,4488,5127
SZARKUS,0.0018744142455482662,0.0,0.3428296026560994,0.00028310722512206346,4385,4067,5634,5924
"TABESHAW, HARRY",0.0020306154326772885,1.7929506340489473e-07,0.37184178428297615,0.0021236939488650116,4200,3503,3439,3222
TABOO,0.00359262730396751,2.4784033621848357e-06,0.39452763911998523,0.003600712874991013,2918,2663,2063,2400
TABULA RASA,0.0012496094970321774,0.0,0.3641016891315475,0.0011811995515662243,5271,4067,4269,4308
TABUR,0.00046860356138706655,0.0,0.3410035155001598,0.0005151187153895632,6167,4067,5765,5429
TAE,0.001718213058419244,0.0,0.36468242665907147,0.0011368576938926276,4561,4067,4234,4371
TAGAK,0.0067166510465479536,6.150726097545417e-07,0.41321887303943716,0.0064373612961878615,1774,3153,1363,1553
TAGAR,0.011090284286160575,0.00011820017652788862,0.39557587740978745,0.005905226937036387,1080,787,2020,1651
TAIFU / TOSHIO SASAKI,0.004686035613870665,4.7418551586631e-06,0.4028949024543738,0.006035196518977503,2377,2337,1695,1618
TAI II,0.01671352702280537,0.00014003384434192658,0.44313698345677305,0.01183023866187247,687,722,713,878
TAI,0.003436426116838488,1.9051110977437414e-06,0.3891556744270865,0.0029472096388619673,3010,2765,2292,2696
"TAKACHIHO, HIRO",0.012339893783192751,9.654341826680625e-05,0.3998001623680759,0.007018154208638654,947,862,1816,1439
"TAKACHIHO, MRS.",0.0012496094970321774,0.0,0.33698284029897885,0.00033559906513690993,5271,4067,5893,5803
"TAKAHAMA, JANE",0.004217432052483598,4.6900176722142445e-07,0.37375211629400434,0.002833193270093828,2569,3235,3280,2764
"TAKAHAMA, ROBERT",0.004217432052483598,4.6900176722142445e-07,0.37375211629400434,0.0028331932700938274,2569,3235,3280,2765
"TAKAHASHI, REI",0.0015620118712902217,0.0,0.36453706867099417,0.0008400409303547613,4812,4067,4252,4867
TAKAR,0.0010934083099031551,0.0,0.3665197229060514,0.001580220707606773,5492,4067,4077,3759
"TAKIMOTO, RON",0.002967822555451421,1.7130395373763265e-06,0.3801888473187244,0.0017919407271948101,3351,2805,2819,3532
TAKU,0.005935645110902842,5.5795364331118524e-06,0.4101217168481742,0.006434515250973358,1994,2254,1461,1554
"TALBOT, GLENN",0.019681349578256794,0.00037308320259697985,0.45024263309656093,0.01816553249475665,569,435,601,538
"TALBOT, MAJ. MATT",0.007029053420805998,2.7503339700718222e-05,0.4010021922956467,0.005520572772023381,1704,1439,1772,1761
"TAL, GENERAL",0.001718213058419244,0.0,0.36805795101759226,0.002180406656338731,4561,4067,3884,3181
TALISMAN,0.01796313651983755,1.501257376110959e-06,0.47184551886792453,0.024761655130074767,640,2857,315,338
TALISMAN II / ELIZABET,0.026710402999062792,0.00029763301418257916,0.47118569220578493,0.024660249932067536,382,493,321,344
TALISMAN III / NAHITA,0.0012496094970321774,0.0,0.33984499416073893,0.0008810896415063319,5271,4067,5800,4799
TALOS,0.0009372071227741331,0.0,0.35610190232506395,0.0009975498386306173,5676,4067,4731,4592
TALO,0.002967822555451421,0.0,0.32045249774752227,9.160873463813031e-05,3351,4067,6275,6323
"TANAKA, GEORGE",0.0023430178069353325,0.0,0.3669609079445145,0.0020131382570922254,3856,4067,4022,3334
"TANAKA, KENJIRO",0.02592939706341768,0.00037146090320997437,0.44907407407407407,0.017480723273432527,394,438,620,577
"TANAKA, OPAL",0.009059668853483286,2.0139276628868664e-05,0.3860114561350618,0.006750919295202093,1347,1590,2477,1489
"TANAKA, RITA",0.0023430178069353325,0.0,0.3669609079445145,0.002013138257092224,3856,4067,4022,3338
TANA NILE,0.011871290221805685,8.636734850396848e-05,0.40779667494744887,0.008243985522724121,1000,912,1544,1249
TANGERINE 2013,0.0012496094970321774,0.0,0.3367169831168148,0.00021810530350753457,5271,4067,5897,6070
"TANNEN, PAUL",0.0014058106841611997,0.0,0.3233333333333333,0.000149852796527206,5057,4067,6251,6231
"TANNEN, VINCENT",0.0015620118712902217,1.2201311289565864e-08,0.3233496641244507,0.0001504427276396737,4812,3924,6247,6227
"TANNER, ARCHIE",0.002655420181193377,0.0,0.3449167609503798,0.0014683880888743887,3591,4067,5461,3899
"TANNER, JACKO",0.0020306154326772885,1.458179143943122e-05,0.36191983718695236,0.0010103675223197125,4200,1743,4404,4572
TANTE MATTIE,0.00718525460793502,2.4515089354418777e-05,0.37203626220362623,0.00239331378663451,1664,1486,3421,3020
TANTRUM / ,0.0010934083099031551,0.0,0.34746268656716417,0.0009237010064721808,5492,4067,5290,4717
TARAKIS,0.004686035613870665,9.520087864590892e-07,0.36746642176558375,0.0027322167765459807,2377,3025,3961,2820
TARANTULA / ANTON MIGU,0.007341455795064043,1.67952230110572e-05,0.4222398100514444,0.006667809002265018,1640,1666,1121,1515
TARANTULA II / CAPT. L,0.005467041549515776,7.446464305490865e-05,0.39910230035533945,0.003638880731181133,2133,981,1844,2379
TARBABY,0.008591065292096219,1.169275196600835e-06,0.38887201603595944,0.00699469152083573,1414,2947,2308,1444
TAR,0.0014058106841611997,3.825540763362101e-06,0.382094897045658,0.002288310944988728,5057,2447,2715,3101
TAREE,0.0010934083099031551,0.0,0.3665197229060514,0.0015802207076067742,5492,4067,4077,3756
TAREVA,0.0014058106841611997,0.0,0.3599460249634544,0.0008933989309684674,5057,4067,4516,4776
TARGET,0.00046860356138706655,0.0,0.35819392379566944,0.0005401676397665145,6167,4067,4614,5389
TARGON,0.0067166510465479536,3.732375469606743e-07,0.3858486017357763,0.004785802321625907,1774,3295,2487,1968
TARNOK-KOL,0.001718213058419244,0.0,0.33705380646519956,0.0010334128686272982,4561,4067,5880,4506
TAROOK,0.0021868166198063103,0.0,0.3699722607489598,0.0012970855358761496,4042,4067,3685,4121
TAROT / MARIE-ANGE COL,0.014839112777257107,9.073201384598611e-05,0.39761505496553007,0.009813111929647803,770,885,1911,1068
"TARR, BLACK JACK",0.004686035613870665,9.874241103011501e-05,0.3792429358450329,0.0015209491069099353,2377,856,2871,3840
TARTARUS,0.0031240237425804434,1.6383697227239403e-07,0.3658703851868785,0.002862315193389066,3214,3515,4161,2747
TASHA,0.002499218994064355,0.0,0.34540059347181007,0.0014013980947705615,3730,4067,5403,3976
TASKMASTER,0.019837550765385816,0.000327277140445514,0.45005272407732866,0.016617146916702845,563,472,605,610
TATSU'O,0.008591065292096219,7.947798950695097e-05,0.3925680647534952,0.005073895472970911,1414,949,2145,1897
TATTERDEMALION / ,0.007029053420805998,3.300613755250773e-05,0.4134056567222007,0.00622385965477518,1704,1332,1358,1595
"TAUREY, SIR WILLIAM",0.0007810059356451108,0.0,0.37025041929327396,0.0005272076878871142,5841,4067,3620,5407
"TAUREY, WILLIAM MALC",0.004217432052483598,6.714490326898268e-06,0.3789511069018586,0.002222727795212132,2569,2149,2888,3160
TAURUS / CORNELIUS VAN,0.007497656982193065,4.668411203533223e-06,0.40439643736971764,0.007424088856291304,1588,2345,1647,1376
TAURUS II / ,0.005467041549515776,1.338701338454877e-06,0.34369463681752294,0.0014649552067091886,2133,2907,5579,3903
"TAYLOR, JACK",0.0023430178069353325,0.0,0.38652418040210107,0.0022297642473906986,3856,4067,2448,3151
"TAYLOR, JENNA",0.004373633239612621,2.401521420459026e-06,0.38694469628286493,0.0032083171288106657,2505,2669,2419,2566
"TAYLOR, LEILA",0.010309278350515464,4.6106060871225075e-05,0.4230769230769231,0.00763863623306197,1172,1189,1105,1333
T'CHAKA,0.004373633239612621,1.0973213390620855e-06,0.4051129532367272,0.004274703617478467,2505,2969,1629,2129
TECHNARX,0.00359262730396751,2.014571550228141e-06,0.40254024144869216,0.004751598078952576,2918,2736,1705,1978
TECHNOCRAT / RANDY,0.0012496094970321774,0.0,0.32580152671755724,0.00011757725073504409,5271,4067,6193,6291
TECH-NOIR / ,0.008434864104967197,1.486625577721649e-07,0.42366487988882273,0.00999123336468299,1439,3530,1083,1046
TECHNOSPIKE,0.0020306154326772885,3.3461116171509714e-08,0.3894160583941606,0.0017471174318671287,4200,3813,2281,3572
TEFRAL,0.01671352702280537,8.461169810941697e-05,0.4492001122649453,0.016195886584930486,687,922,619,631
TEI,0.001718213058419244,0.0,0.34209682590573903,0.0002690988242202548,4561,4067,5690,5956
TELLIS,0.002499218994064355,6.704437632429473e-09,0.368566493955095,0.0020751744684812832,3730,3995,3832,3273
TEMPEST / GRANNZ,0.019837550765385816,0.00018013212284962872,0.43879369431117204,0.01758099347534094,563,644,791,571
TEMPEST II / NICOLETTE,0.005623242736644799,7.446924950961947e-06,0.42027177837589447,0.006857124783039765,2087,2092,1174,1473
TEMPLAR / IAN FITZWILL,0.005467041549515776,5.026093325637298e-06,0.39213524439544284,0.003745078379618363,2133,2311,2162,2338
"TEMPLE, CLAIRE",0.00718525460793502,7.601710167463509e-05,0.38743645606390703,0.0028889896671511627,1664,975,2390,2726
TEMPO,0.009684473601999375,1.4512279239795431e-05,0.39545370313175615,0.008357673478185024,1251,1747,2025,1229
TEMPUS,0.005779443923773821,2.4041097020388264e-05,0.4166883624056235,0.00754107095456872,2050,1502,1261,1348
TENDRIL / RIVER VERYS,0.0021868166198063103,3.7158930064503603e-07,0.3701005896635449,0.00144388835542078,4042,3300,3656,3940
TENEBRAE,0.0012496094970321774,3.581234034925588e-07,0.3493016150152772,0.0007134713316171109,5271,3313,5195,5061
TENELLE,0.0018744142455482662,0.0,0.36698194325021494,0.0014384681607934428,4385,4067,4020,3948
TEN FOR,0.013745704467353952,2.0286231501280136e-05,0.4518314630531442,0.01578437879084918,843,1584,574,646
"TENG, NIKKI",0.0014058106841611997,0.0,0.3236766267253147,0.00016938364361580746,5057,4067,6236,6161
"TENKO, CARTER",0.0006248047485160887,0.0,0.3607573537698636,0.0007940248921673167,6020,4067,4462,4931
"TENNYSON, JACOB",0.0014058106841611997,0.0,0.38965307364576995,0.0024145020355702336,5057,4067,2268,3011
TENPIN / ALVIN HEALEY,0.002655420181193377,2.909455533632102e-06,0.3771872974724563,0.0016208401491044733,3591,2577,3032,3721
TEN-THIRTIFOR,0.0028116213683223993,0.0,0.3868979271166979,0.00391822206290842,3463,4067,2421,2255
TEQUILA / ,0.0015620118712902217,0.0,0.33528857232638526,0.0001896120306933899,4812,4067,5954,6117
TERMINATOR II / PRINCE,0.0037488284910965324,2.5702186759067048e-06,0.32763561924257933,0.00021998286295031483,2830,2638,6141,6062
TERMINATOR,0.002655420181193377,2.7157743087863315e-07,0.3417316109746984,0.0008042016575387997,3591,3392,5726,4912
TERMINUS,0.00718525460793502,1.7940156469651137e-05,0.4248175182481752,0.009856194141224522,1664,1638,1057,1062
TERRAFORMER / SAM,0.005779443923773821,3.026189149357542e-06,0.3693319487712011,0.0029028405412680753,2050,2552,3762,2716
TERRAX,0.0021868166198063103,1.1926599431293366e-07,0.3707221031906885,0.001932452203860613,4042,3582,3566,3403
TERRAXIA,0.00718525460793502,6.604582960748129e-08,0.4446450895957772,0.009437550410977807,1664,3699,693,1104
TERRAX II / TYROS,0.02077475788815995,0.00036747222527809065,0.46004599022707676,0.019452195589297158,531,440,459,492
"TERREL, DEBORAH",0.002655420181193377,0.0,0.4082647790319495,0.003515785517542476,3591,4067,1532,2444
TERRIGENE,0.00031240237425804435,0.0,0.34248114267372815,0.0004143753826630948,6269,4067,5658,5600
TERROR II,0.004686035613870665,0.00021849184488859145,0.40756302521008403,0.0030891481161010436,2377,580,1552,2626
TERROR / LASLO PEVELY,0.001718213058419244,5.670417137917801e-07,0.35235841268094004,0.0004605617965553171,4561,3189,4983,5519
TESSA,0.02577319587628866,0.00021837196583231034,0.441882937603534,0.018223641252491297,396,581,744,534
TESS-ONE,0.005310840362386754,7.754532874591567e-06,0.42279751684057587,0.005818325132440437,2184,2072,1108,1671
TETHERBLOOD / ,0.00031240237425804435,0.0,0.3534673144876325,0.0005123289742083049,6269,4067,4886,5437
TETHRA,0.002499218994064355,0.0,0.3913681379141704,0.003043386961450864,3730,4067,2195,2643
TEUTONIC KNIGHT / FRAN,0.0015620118712902217,2.479671663845169e-08,0.3759248385202584,0.0010953544379681832,4812,3859,3139,4412
TEXAS TWISTER / DREW D,0.02514839112777257,9.124428608829855e-05,0.478725790772452,0.030518318385717034,413,882,253,237
TEZCATLIPOCA,0.007653858169322086,0.0,0.4419744563341388,0.010273979133203538,1561,4067,738,1002
THAIS,0.0015620118712902217,0.0,0.3663728968753577,0.0016084688617759167,4812,4067,4094,3729
THAKOS,0.0078100593564511085,2.5930363207473477e-05,0.42190589165678133,0.008312735595299263,1526,1464,1131,1240
THALLIUM,0.005935645110902842,7.452221201640424e-07,0.39719568184638293,0.005522355851732566,1994,3096,1929,1752
"THAMES, SERIPHA",0.0014058106841611997,2.876267421011132e-07,0.33492021972273084,0.00051642865669864,5057,3370,5983,5425
THANADEMOS,0.00015620118712902218,0.0,0.33876600698486614,0.00021142873230143875,6354,4067,5844,6089
THANE ECTOR,0.005623242736644799,5.719990237185562e-07,0.40844710986346816,0.007275846903036671,2087,3186,1527,1391
THANOS,0.05857544517338332,0.0027630478911948708,0.49910345365245185,0.044932912741485434,133,115,99,108
THANOS DOPPELGANGER,0.024367385192127458,1.7208913556748294e-05,0.47474972191323694,0.02748563639216663,425,1658,288,286
"THAN, VELENA",0.002967822555451421,0.0,0.32045249774752227,9.160873463813064e-05,3351,4067,6275,6322
THENA,0.03748828491096532,0.0008700889687584004,0.453656462585034,0.02412996564489859,244,265,539,359
THERAK,0.01077788191190253,2.0920013552215092e-05,0.41204865804209306,0.008146017632263478,1109,1571,1400,1265
THERA,0.006404248672289909,1.4914416936580284e-05,0.38657085924762996,0.003964691903228632,1854,1730,2446,2236
THERMAL MAN,0.0021868166198063103,0.0,0.36226799456767766,0.0019105129803514173,4042,4067,4383,3425
THERMITE / ,0.0031240237425804434,0.0,0.32876290248035744,0.0007332761179825732,3214,4067,6107,5026
THERMO / DR. WALTER MI,0.0014058106841611997,0.0,0.37138879220327187,0.001377918426887329,5057,4067,3498,4008
THERMO II / ,0.0023430178069353325,0.0,0.3485978763953172,0.0012283783941546445,3856,4067,5235,4235
THERNON,0.001718213058419244,0.0,0.33705380646519956,0.0010334128686272995,4561,4067,5880,4501
THING / BENJAMIN J. GR,0.22617931896282412,0.02504802704957047,0.5613327487943884,0.10016718331713544,4,7,4,3
THING DOPPELGANGER I,0.020306154326772883,1.2627910543422262e-05,0.4539781591263651,0.023254618273206396,544,1809,535,379
THING DOPPELGANGER,0.013901905654482974,0.0,0.45272611555052683,0.01780203454031075,824,4067,553,554
THINGEE,0.0012496094970321774,0.0,0.32359482410028306,0.00011943800683967456,5271,4067,6239,6279
THINKER,0.03483286472977194,0.0007065381264833073,0.47980214344600164,0.03025083963349125,277,299,241,239
THIN MAN / BRUCE DICKS,0.005154639175257732,2.706357706140756e-05,0.4014296463506396,0.004685853794474266,2237,1444,1743,1998
THOG,0.002499218994064355,0.0,0.3541908713692946,0.0008778693727785986,3730,4067,4844,4804
"THOMAS, BECKY",0.0006248047485160887,0.0,0.35539025202620184,0.0006073225818163787,6020,4067,4771,5252
"THOMAS, COMMANDER DA",0.013277100905966885,0.0003031882147217124,0.43831302204573463,0.008752532901397372,876,489,802,1167
"THOMAS, DR. JOHN",0.002655420181193377,1.5154656889019416e-08,0.37423277021102475,0.0035961105126155555,3591,3912,3252,2403
"THOMAS, DR. STAN",0.001718213058419244,3.581154775156226e-08,0.34292142053671865,0.0008635261291582225,4561,3803,5629,4820
"THOMAS, IDA",0.001718213058419244,3.581154775156226e-08,0.34292142053671865,0.0008635261291582221,4561,3803,5629,4821
"THOMAS, JEANIE",0.0012496094970321774,0.0,0.3591786355475763,0.0007425666371808823,5271,4067,4559,5006
"THOMAS, KIM HO TWAE",0.0015620118712902217,0.0,0.3423712497994545,0.000845829576795487,4812,4067,5673,4858
"THOMAS, ROY",0.010309278350515464,0.00010399389799743537,0.4247611464968153,0.009804869296551923,1172,837,1058,1069
"THOMPSON, EUGENE FLA",0.06123086535457669,0.002538976145305332,0.4788690253571696,0.027992426952584592,128,127,251,274
"THOMPSON, HARRISON",0.0031240237425804434,2.0149363451704676e-07,0.37301171123929383,0.00204518577054882,3214,3476,3335,3301
"THOMPSON, JESSICA JE",0.002967822555451421,5.422805017584828e-09,0.37290307548928237,0.0021355712828991413,3351,4020,3341,3206
"THOMPSON, ROSIE",0.0031240237425804434,2.0149363451704676e-07,0.37301171123929383,0.0020451857705488176,3214,3476,3335,3302
THOR / DR. DONALD BLAK,0.20540456107466415,0.0233185297658625,0.5537104307213285,0.09323600762634605,10,11,10,12
THOR | EARTH 253,0.0014058106841611997,2.4402622579131724e-08,0.32581810779174514,0.00011804192128091643,5057,3868,6190,6284
THOR III DOPPELGANGE,0.018275538894095594,4.2541478516288005e-06,0.46583715345994325,0.022654023669960728,629,2391,383,394
THOR II / ROGER RED NO,0.013433302093095907,0.00011352546680582928,0.423132848645076,0.007164369592131012,860,806,1103,1409
THOR IV / DARGO,0.004217432052483598,1.465035383273953e-06,0.3520677518697756,0.001462296089972671,2569,2874,5002,3906
THOR | MUTANT X-VERS,0.007497656982193065,0.0,0.34513989972505255,0.0003671103956378368,1588,4067,5422,5722
THORNN,0.006872852233676976,2.3702078026745683e-05,0.41925343811394894,0.007462353419200969,1733,1509,1198,1365
THORNN II / LUCIA CALL,0.005310840362386754,2.1270647207744586e-06,0.37607942195852667,0.0034011340433733805,2184,2711,3117,2488
"THORPE, GAVIN",0.0031240237425804434,1.7282180476416278e-06,0.37716507599858606,0.0014647639783158266,3214,2803,3036,3904
"THORPE, GORDON",0.0018744142455482662,0.0,0.34193238263098863,0.0009055642272032565,4385,4067,5714,4759
"THORPE, LUKE",0.0012496094970321774,2.9526771877139072e-08,0.38376693442033327,0.0013814977480805302,5271,3830,2606,3995
THOR REPLICOID,0.004217432052483598,3.848850417545185e-06,0.3865008452064719,0.0036625312064784837,2569,2443,2450,2366
"THORSON, DR. WALTER",0.005154639175257732,9.74348878753032e-06,0.42445136909102965,0.006744477759323441,2237,1942,1066,1490
THOUSAND,0.0007810059356451108,0.0,0.36869384934346927,0.0009316433511824306,5841,4067,3814,4694
THRAXON,0.0032802249297094657,1.7360302783483835e-06,0.38358298382264827,0.00437272878285626,3094,2802,2621,2094
THREADGOLD,0.002655420181193377,1.1125987848028822e-08,0.3592592592592593,0.0021598782890150697,3591,3936,4552,3195
THREE-FACE,0.00046860356138706655,0.0,0.35166163141993956,0.0003648249070840814,6167,4067,5041,5731
THREETREES,0.0007810059356451108,0.0,0.35362350861688024,0.0006099007080783589,5841,4067,4880,5240
THRENODY,0.011871290221805685,5.548408134738687e-05,0.41549844236760125,0.010041205958817577,1000,1113,1301,1036
THUG,0.010621680724773508,2.798309247991871e-05,0.43456421395601413,0.010145991976793119,1131,1423,870,1015
"THULE, GEN.",0.0018744142455482662,0.0,0.37205788341953855,0.0010654009823329025,4385,4067,3416,4448
THUMBELLINA,0.010309278350515464,7.582823332815499e-06,0.40501043841336115,0.009874975703451397,1172,2083,1634,1058
THUMPER,0.001718213058419244,0.0,0.3309724448120767,0.00022392870479328716,4561,4067,6063,6037
THUNDERBALL / DR. ELIO,0.033114651671352704,0.0003367383954908492,0.4767649687220733,0.029353206528588426,292,466,265,249
THUNDERBIRD III / NEAL,0.023586379256482347,0.0002707659457731236,0.4638794290268821,0.021999332342681144,446,518,418,409
THUNDERBIRD II / JAMES,0.07216494845360824,0.004810272348909374,0.4872146118721461,0.038096429598320526,89,73,175,153
THUNDERBIRD / JOHN PRO,0.0078100593564511085,2.489219866568481e-05,0.39413901372899096,0.006692230571162991,1526,1483,2075,1508
THUNDERBOLT / BILLY CA,0.002499218994064355,1.9633274465253994e-06,0.3631928291825041,0.0014360512651214528,3730,2749,4330,3950
THUNDERBOLT II / LUIS,0.0010934083099031551,0.0,0.3283582089552239,0.00022723320122031255,5492,4067,6132,6030
THUNDERFIST / ,0.0020306154326772885,0.0,0.375968992248062,0.0011124300437679127,4200,4067,3128,4396
THUNDERHEAD / ,0.0020306154326772885,0.0,0.3600269935890226,0.0011441447992582168,4200,4067,4511,4363
THUNDERSTRIKE / ERIC K,0.08356763511402686,0.00331667551573492,0.508418043202033,0.05523497844298957,69,96,67,63
THUNDERSWORD,0.004217432052483598,1.8281083902326847e-06,0.40452420068242134,0.005369448884160902,2569,2788,1640,1805
THUNDRA,0.01671352702280537,0.00011559504791248112,0.4469109947643979,0.016991955845526305,687,800,655,597
"THURM, ETHAN",0.0018744142455482662,3.282850442944042e-07,0.3840201547597625,0.002039554952509698,4385,3343,2597,3307
TIAMAT,0.0015620118712902217,6.75442257745907e-08,0.3762120232708468,0.0009896898318045091,4812,3692,3106,4614
TICKTOCK,0.007653858169322086,8.541367377565262e-06,0.39796108659165785,0.006106218528182714,1561,2013,1896,1606
"TIERS, MICHELLE",0.0007810059356451108,0.0,0.33509552473174564,0.0003557128660287148,5841,4067,5979,5745
TIGER SHARK / TODD ARL,0.029834426741643237,0.00048457717179231863,0.46973365617433416,0.02260428289681917,334,375,341,395
TIGER WYLDE,0.00046860356138706655,0.0,0.3405862637654945,0.0002594372763517623,6167,4067,5788,5979
TIGRA / GREER NELSON,0.08216182442986567,0.0019804308768980087,0.5067679886012824,0.06012593096153981,74,159,73,52
TIKUAK,0.0020306154326772885,1.0375470992578625e-07,0.3461850429892392,0.001232797577054867,4200,3609,5366,4222
"TILBY, TRISH / PATRICI",0.047328959700093716,0.001308223318955645,0.4847429393503445,0.03370852926449119,179,211,193,202
TILDA,0.0028116213683223993,0.0,0.3554889222055639,0.00222596033444733,3463,4067,4765,3155
TILLIE THE HUN / MATIL,0.0015620118712902217,0.0,0.3522808562152644,0.00044636325257636073,4812,4067,4990,5548
"TILTON, ROLAND R.",0.001718213058419244,4.1470552185672014e-07,0.3933398869501106,0.0023666664849413517,4561,3271,2113,3036
TIMBERIUS,0.012183692596063729,6.441456726576742e-05,0.4123937129605772,0.009960920245545051,970,1047,1392,1052
TIMBERIUS II,0.0031240237425804434,4.298228046348972e-09,0.37296824934459655,0.003540768491757144,3214,4037,3338,2425
TIMEBOMB / LOUIS JOUBE,0.002655420181193377,0.0,0.36801563577833984,0.001670290545098301,3591,4067,3889,3639
TIMESHADOW,0.006248047485160887,2.831044493156838e-07,0.3973929236499069,0.007314023594292711,1895,3374,1923,1390
TIMESLIP / RINA PATEL,0.010309278350515464,2.808598099911346e-05,0.3792878725042953,0.0038797026899761704,1172,1421,2869,2277
TIMESLOT,0.0028116213683223993,0.0,0.3716259360306496,0.0032613962810553016,3463,4067,3470,2544
TIMMONS,0.003436426116838488,0.0,0.34411954418404644,0.001161576715769575,3010,4067,5556,4336
TINAC,0.0006248047485160887,0.0,0.3484081632653061,0.0005049361477969029,6020,4067,5238,5461
TINKERER,0.01733833177132146,0.00013189969751607785,0.43373983739837396,0.010840873605204053,659,746,897,949
"TINKER, SHEA",0.002499218994064355,8.319869349448511e-07,0.36852406170849644,0.0016163661609922399,3730,3072,3839,3724
TITAN,0.01733833177132146,5.209688778808867e-05,0.4319838056680162,0.016934418753016753,659,1137,931,601
TITANIA / ,0.009059668853483286,2.596210890977797e-05,0.4486963835155593,0.012422337037660991,1347,1463,628,842
TITANIA II / MARY SKEE,0.03951890034364261,0.0004789543479398923,0.47641018008632235,0.031158451973381584,229,381,269,230
TITANIUM MAN / BORIS B,0.01077788191190253,3.949170192137029e-05,0.40452420068242134,0.007891933055964815,1109,1260,1640,1298
TITANIUM MAN III / BOR,0.0010934083099031551,0.0,0.34065875591975736,0.0002636556060626797,5492,4067,5777,5976
"TITAN, TRISH",0.002655420181193377,0.0,0.3847818247385503,0.0035864219261633463,3591,4067,2549,2407
TITHE COLLECTOR,0.001718213058419244,0.0,0.33944856839872745,0.00028981517633738747,4561,4067,5820,5914
TIWAZ,0.0039050296782255542,2.6393985435874637e-07,0.37229588276343334,0.0034301829549469053,2721,3412,3389,2482
T'KYLL ALABAR,0.0020306154326772885,1.0834095536123964e-08,0.3845275992552105,0.0028850380744710785,4200,3942,2570,2728
TOAD / MORTIMER TOYNBE,0.04389253358325523,0.0006214022012172587,0.4861786148238153,0.035589813973636794,199,319,179,185
TOBIAS,0.006404248672289909,5.731336585049065e-06,0.3985556869825064,0.005752322605523775,1854,2235,1872,1684
"TODD, FISHER",0.005935645110902842,8.668869564671993e-06,0.39182324499663385,0.004732687240379514,1994,2004,2173,1983
"TOFIELD, FRANCESCA",0.0010934083099031551,0.0,0.3330732011862026,0.00025763234099151334,5492,4067,6021,5985
TOI / REXEL TOIVEN,0.0032802249297094657,4.2023338748650627e-08,0.3467851145658415,0.0016792689467645052,3094,3765,5320,3628
TOKEN,0.003436426116838488,0.0,0.34411954418404644,0.0011615767157695752,3010,4067,5556,4334
TOKKOTS,0.004842236800999687,1.4998177362469922e-05,0.3880470360043642,0.003075086052640654,2327,1727,2350,2632
"TOLLIVER, EMMA",0.0010934083099031551,0.0,0.37836879432624115,0.001955020276648333,5492,4067,2931,3388
"TOLLIVER, MELBA",0.0009372071227741331,0.0,0.36614240777809554,0.0006636177577383706,5676,4067,4121,5148
TOLLIVER,0.008434864104967197,3.0623293789186366e-05,0.38166209610110885,0.0037620971552274666,1439,1370,2738,2330
"TOLLIVER, REV. JACKS",0.002499218994064355,6.191860747412312e-09,0.3751098611355247,0.0023101964852157222,3730,4007,3202,3085
"TOLLIVER, SHERIFF JO",0.002499218994064355,1.9143885894739046e-06,0.40309784661881376,0.0038986679766593734,3730,2760,1688,2260
TOL-NOK,0.001718213058419244,0.0,0.33705380646519956,0.001033412868627299,4561,4067,5880,4503
TOLOC,0.001718213058419244,0.0,0.36920415224913494,0.00222984788818742,4561,4067,3768,3150
TOMAZOOMA,0.005467041549515776,5.944184613013503e-06,0.38166209610110885,0.0034338734495646187,2133,2218,2738,2480
TOMAZOOMA II,0.0010934083099031551,0.0,0.34078569147237303,0.000385847056187138,5492,4067,5771,5665
TOMBSTONE / LONNIE THO,0.022649172133708217,0.0006493986960919914,0.42038216560509556,0.007906950610392507,474,311,1170,1293
TOMMY LIGHTNING / ,0.0020306154326772885,0.0,0.375968992248062,0.0011124300437679127,4200,4067,3128,4396
TOMORROW HAWK / CEYOTE,0.0023430178069353325,0.0,0.34823759791122716,0.0010611953517652118,3856,4067,5245,4455
TOM THUMB / THOMAS THO,0.009059668853483286,0.00011505124610257115,0.4354213425831463,0.008653961732847715,1347,802,854,1179
TONGAH,0.00718525460793502,2.9508392621830273e-05,0.427369826435247,0.00738028086594342,1664,1388,998,1384
TOOTHGNASHER,0.0032802249297094657,0.0,0.3696518274727178,0.003101037389334036,3094,4067,3725,2618
TOOTHGRINDER,0.0032802249297094657,0.0,0.3696518274727178,0.003101037389334038,3094,4067,3725,2617
TOPAZ,0.009840674789128397,0.00017685957283832535,0.41257975124057483,0.00529480195415039,1240,651,1382,1824
TOPSPIN / DARREN MITCH,0.00718525460793502,5.308940262158846e-06,0.38475869944107216,0.003918911460711249,1664,2276,2556,2252
TORES,0.0039050296782255542,6.991359284944992e-07,0.3581738838536422,0.0018469534801530607,2721,3127,4616,3487
TORG,0.004686035613870665,4.1713664248563044e-07,0.4044475330090341,0.0063800567381391985,2377,3269,1645,1567
TORGO,0.004842236800999687,1.5248306668425167e-05,0.3973929236499069,0.005075416488257497,2327,1718,1923,1896
"TORK, LT.",0.004061230865354577,1.2053939259283069e-08,0.3731421577198811,0.00232311612628983,2650,3931,3324,3079
"TORK, SGT.",0.010153077163386441,4.728587149505142e-05,0.42176691481652284,0.007654545624068665,1193,1171,1139,1331
TORO II / BENITO SERRA,0.0028116213683223993,2.8098277498604527e-05,0.3828260479579023,0.002003155016188011,3463,1418,2659,3350
TORO / TOM RAYMOND,0.01811933770696657,0.0003510218901510459,0.441547692944341,0.01269535089979469,635,455,746,827
TORPEDO,0.0007810059356451108,0.0,0.3508906549739655,0.0006041235624048241,5841,4067,5120,5258
TORPEDO III / BROCK JO,0.03530146829115901,0.0007912209420425412,0.4844861510519146,0.03392499795972364,271,280,197,197
TORPEDO II / MICHAEL S,0.0006248047485160887,0.0,0.3517775701961646,0.0006575253275658852,6020,4067,5015,5162
TORQUE II,0.0021868166198063103,0.0,0.3719281938070063,0.00251801325041478,4042,4067,3429,2947
TOSHI,0.0023430178069353325,0.0,0.3669609079445145,0.0020131382570922254,3856,4067,4022,3334
TOTEM,0.0039050296782255542,9.495780971356969e-08,0.3772539776075427,0.004478532121686766,2721,3620,3023,2063
TOUGH LOVE / ,0.002655420181193377,6.306182458815627e-09,0.346916657635201,0.001019471055565483,3591,3999,5306,4540
"TOWER, BLAKE",0.02296157450796626,0.0006163683872438668,0.453656462585034,0.016378551515397015,461,323,539,618
TOWER,0.017182130584192438,1.860437148412672e-05,0.4294050573479107,0.01754144714916795,667,1618,966,573
"TOWNSEND, CHRIS",0.0015620118712902217,0.0,0.37906329563621294,0.001509054994359188,4812,4067,2879,3857
TOY,0.004529834426741643,6.365966569328319e-06,0.3824144316349083,0.0032292574975081507,2437,2176,2690,2562
TRACER,0.002655420181193377,3.735621826721459e-05,0.3786597267404034,0.0013231468174645271,3591,1285,2911,4089
TRACKER,0.0018744142455482662,2.3724771951933622e-08,0.3309895564057492,0.00022476970342363693,4385,3873,6062,6035
TRADER,0.004686035613870665,2.388496315006813e-06,0.37763227747301364,0.004193750264179369,2377,2672,2997,2159
"TRAINER, DR. SEWARD",0.012652296157450796,4.810748800370958e-05,0.39292947891732644,0.004511532135837441,912,1163,2133,2058
TRANTRA,0.005310840362386754,1.9088195625707853e-06,0.36723455515401826,0.003434332712124395,2184,2763,3984,2477
TRAPPER / VOLA,0.0037488284910965324,3.318035841110759e-06,0.34687906371911575,0.0011879834854163034,2830,2515,5314,4297
TRAPSTER II / LARRY CU,0.00031240237425804435,0.0,0.36271954674220963,0.0005839381263476781,6269,4067,4368,5306
TRAPSTER / PETER PETRU,0.03686348016244923,0.0004319041528354016,0.4611727416798732,0.02695615128751858,252,409,448,298
"TRASK, DR. BOLIVAR",0.011715089034676662,3.602521192679062e-05,0.4283706925393108,0.011619167079600643,1013,1301,977,898
"TRASK, DR. DONALD TR",0.0012496094970321774,0.0,0.37390491764980727,0.0019559470960955074,5271,4067,3272,3385
"TRASK, LAWRENCE LARR",0.005310840362386754,6.025027803540258e-06,0.42016144910415437,0.007020828865040246,2184,2206,1178,1438
"TRASK, RAYMOND",0.001718213058419244,2.236669166687584e-07,0.3808673924683205,0.0017795077336177267,4561,3455,2796,3551
TRASK,0.0021868166198063103,0.0,0.36742424242424243,0.001786349724012119,4042,4067,3964,3539
TRAUMA,0.0023430178069353325,2.536273056006646e-07,0.36008774396760224,0.0014776700202609426,3856,3419,4508,3895
TRAVELER,0.0015620118712902217,0.0,0.34411954418404644,0.0007365184266015624,4812,4067,5556,5022
"TRAVELLER, DR. JUDAS",0.00718525460793502,1.4968596959225752e-06,0.37340332458442693,0.002875640738135152,1664,2860,3304,2738
"TRAVERS, MIKE",0.00046860356138706655,0.0,0.29358892048060165,2.4090086848747274e-05,6167,4067,6357,6368
"TRAYNOR, HARLEY",0.004217432052483598,5.391523943989103e-06,0.37605733082706766,0.002333734442539142,2569,2268,3119,3069
T-RAY / WADE WILSON,0.0031240237425804434,1.2584070108027899e-05,0.3493016150152772,0.0008021006184829993,3214,1811,5195,4915
TREMELO / ,0.0021868166198063103,0.0,0.3639361036893866,0.0016618629224911107,4042,4067,4278,3653
"TREMONT, JONATHAN",0.008591065292096219,5.776623894933466e-06,0.40619250047585814,0.008406331592408198,1414,2229,1594,1220
"TREVANE, DET. CONNOR",0.009840674789128397,7.81597482862191e-06,0.3782793665800047,0.0035605644858981524,1240,2064,2952,2418
"TREVANI, DANIKA",0.0014058106841611997,0.0,0.32643279624719557,0.00015486677819570244,5057,4067,6177,6217
TREVORIK,0.00031240237425804435,0.0,0.34091272165717024,0.000282344321197093,6269,4067,5769,5925
"TREVOR, STEVE",0.002499218994064355,0.0,0.3761899165589376,0.0013317768815203947,3730,4067,3108,4082
TRIATHLON / DELROY GAR,0.031865042174320526,0.00023279376237112737,0.47229804500184436,0.026834106249694678,309,559,313,302
TRIAX,0.001718213058419244,1.584825302597936e-06,0.3702718334297282,0.0018804334624661682,4561,2837,3615,3456
TRICKSHOT,0.002499218994064355,1.4173992699706548e-06,0.3639361036893866,0.0013533257891876706,3730,2884,4278,4055
TRICKSTER,0.0015620118712902217,0.0,0.33095533498759305,0.00020998361260680162,4812,4067,6066,6091
"TRIMPE, HERB",0.0015620118712902217,0.0,0.35407333665173385,0.000927223769860984,4812,4067,4856,4710
TRION,0.00359262730396751,2.0945229324630995e-08,0.3793103448275862,0.005348071270071044,2918,3888,2866,1809
TRI-SENTINEL,0.0009372071227741331,0.0,0.37100139082058414,0.0010050535533396969,5676,4067,3541,4581
TRITON,0.0676351140268666,0.0021489681721272146,0.5000390533468718,0.0487604025989315,105,152,97,88
TRITON DOPPELGANGER,0.018275538894095594,9.938458736578194e-06,0.4602113435410826,0.021405046103472856,629,1932,458,426
TRITON | MUTANT X-VE,0.004217432052483598,0.0,0.34474959612277867,0.0003220150927605299,2569,4067,5474,5819
TROLL / ,0.0037488284910965324,1.6287207517182483e-05,0.3719281938070063,0.0014587236892322636,2830,1687,3429,3912
TRUMP / ,0.0020306154326772885,0.0,0.3751098611355247,0.0017033643925922456,4200,4067,3202,3612
TRUTH,0.013433302093095907,4.4778226188195226e-05,0.4108850523072973,0.00864993473475107,860,1197,1434,1184
TRUTH II,0.00499843798812871,6.159017722689416e-06,0.37089392271594923,0.002791832132779149,2281,2193,3546,2790
TRYKUR,0.0020306154326772885,0.0,0.3523196301799571,0.0006812150200200671,4200,4067,4987,5119
TSERRON,0.0023430178069353325,0.0,0.35699548318741986,0.0008473008693817194,3856,4067,4694,4854
"TSKAROV, GENERAL",0.0018744142455482662,1.9990536606608627e-07,0.3641845383696456,0.001603221162451087,4385,3480,4265,3734
"TSO, JASON",0.0032802249297094657,1.078532229255335e-07,0.3515843813498819,0.0006052989068585597,3094,3598,5061,5256
"TSUNG, MARCUS",0.0020306154326772885,6.659337057239192e-08,0.34437869822485206,0.0009115979751848372,4200,3698,5536,4749
"TSURAYABA, MATSUO",0.012339893783192751,4.807031853934541e-05,0.41447623980318526,0.01056242701144837,947,1166,1323,976
TUATARA / COMMANDER AR,0.0010934083099031551,0.0,0.3708724365658672,0.0010230943517029556,5492,4067,3550,4530
TUC,0.0039050296782255542,2.77238425962011e-07,0.3940904893813481,0.0052459732770369525,2721,3383,2076,1834
TULAK,0.0020306154326772885,8.429517725657231e-07,0.389273987595768,0.002790613741133036,4200,3063,2288,2791
TULL,0.0012496094970321774,0.0,0.3309211206450946,0.00020821592553821943,5271,4067,6069,6098
"TULLY, DEREK",0.002967822555451421,1.9834439694844275e-06,0.3580737177694502,0.0008577153294270259,3351,2745,4624,4833
TUMBLER / JOHN ROBERT,0.001718213058419244,3.963411046144355e-08,0.37674336491496496,0.0018082144221612845,4561,3786,3064,3522
"TUMOLO, DR. JOANNE",0.0006248047485160887,1.7785245600383492e-07,0.3388556608267612,0.000387751408819799,6020,3504,5842,5662
TUNDRA,0.0007810059356451108,0.0,0.32954135996293815,0.00024084811758147447,5841,4067,6088,6013
TUNGSTEN,0.003436426116838488,0.0,0.34125799573560767,0.0012619172667664238,3010,4067,5745,4180
TUPA,0.0010934083099031551,0.0,0.359077906781087,0.0005194444664665537,5492,4067,4562,5420
TURBO II (A) / MICHIKO,0.03811308965948141,0.0011798139845158298,0.4684275993268457,0.022214702682373074,238,222,354,400
TURBO II (B) / MIKE JE,0.007497656982193065,4.414734564087035e-06,0.3589168582160677,0.002811311795963129,1588,2379,4576,2778
TURK,0.006248047485160887,3.337930214747746e-05,0.42464844786415495,0.005859995086567816,1895,1328,1061,1663
TURK II,0.002655420181193377,7.032258540081576e-06,0.3780559820479509,0.0016377854434758605,3591,2126,2967,3682
TURMOIL,0.0012496094970321774,0.0,0.3711304347826087,0.0015692433423774345,5271,4067,3522,3770
TUSK,0.011246485473289597,1.0739915312123704e-05,0.4331236046275624,0.012805547043102153,1063,1886,907,822
TUTINAX,0.00499843798812871,6.7613930293648546e-06,0.3729465221950367,0.0031000091406195454,2281,2145,3340,2619
TU,0.0012496094970321774,0.0,0.36771970132107984,0.0020223098052621555,5271,4067,3926,3322
TUVO,0.0007810059356451108,0.0,0.34065875591975736,0.00027838007844210313,5841,4067,5777,5932
T,0.0012496094970321774,0.0,0.3628017681060864,0.001446910772775049,5271,4067,4353,3932
"TWAKI, DR. TED",0.006248047485160887,3.13327024335013e-05,0.4250996015936255,0.006825232832697745,1895,1359,1051,1475
TWEEDLEDOPE,0.004217432052483598,2.054055953537483e-06,0.3653483992467043,0.002546408054278442,2569,2725,4198,2930
TWIT,0.0007810059356451108,0.0,0.3659122085048011,0.0005976844022331647,5841,4067,4153,5268
TWO-GUN KID,0.007966260543580132,8.968781309647232e-06,0.4390344260046633,0.01117942868927425,1509,1985,789,926
TYCHO,0.0023430178069353325,0.0,0.4277981957901771,0.0040730497793141866,3856,4067,993,2196
"TYGER, LORD",0.011246485473289597,2.866656944803668e-05,0.39863013698630134,0.008110205050895825,1063,1406,1868,1271
TYGERSTRYKE / ,0.00359262730396751,3.9145715086632846e-08,0.35444579780755175,0.0018200242381356114,2918,3787,4828,3509
TYGER TIGER / JESSAN H,0.009215870040612308,5.6125291413727725e-05,0.407511139401655,0.006189084312000441,1318,1108,1556,1598
TYNDAR,0.005467041549515776,2.672064310666003e-07,0.4124202795851317,0.008502894873842955,2133,3400,1385,1202
TYN-DARMUTH,0.0015620118712902217,0.0,0.342078546620358,0.0002681722854611042,4812,4067,5702,5964
"TYNE, ELIZABETH / JANI",0.0020306154326772885,6.7930624294451796e-06,0.33794341216216217,0.0004290814018253882,4200,2141,5854,5568
TYPEFACE / GORDON THOM,0.0012496094970321774,2.9283147094958073e-08,0.36769858135661365,0.0011639754455878984,5271,3834,3930,4330
TYPHOID MARY / MARY ME,0.014058106841611996,0.0003554749600999311,0.44313698345677305,0.008795393955061888,813,451,713,1164
TYPHOID MARY | MUTAN,0.0023430178069353325,0.0,0.34452696157571844,0.000311893769425963,3856,4067,5507,5846
TYPHON,0.0037488284910965324,5.36799491771721e-07,0.4050616893388168,0.005994850071983512,2830,3212,1632,1624
TYPHOON / ,0.0023430178069353325,0.0,0.3122774498804936,0.00025361069812822215,3856,4067,6322,5994
TYRAK,0.007966260543580132,2.043844292718438e-06,0.42546687047251947,0.011924348074767329,1509,2731,1043,871
TYRANNUS,0.019681349578256794,0.00019731319040039826,0.4632081614933796,0.019344785238982184,569,619,424,497
TYRANT,0.001718213058419244,4.595931214944615e-06,0.3508906549739655,0.0009703053340571498,4561,2357,5120,4640
TYR,0.009215870040612308,1.2673067946516601e-05,0.40251493241119146,0.007680856078602809,1318,1808,1708,1325
TYRUS KRILL,0.0007810059356451108,0.0,0.36784647207538496,0.0007802071378207073,5841,4067,3910,4952
TYRUS,0.002967822555451421,0.0,0.3517195912537084,0.0013079115245602717,3351,4067,5024,4102
UATU,0.08341143392689784,0.003309884541827757,0.5126932009289661,0.0604703151805288,70,97,53,50
UATU | MUTANT X-VERS,0.0037488284910965324,0.0,0.3446939105152641,0.0003202949492742427,2830,4067,5486,5825
UGLY JOHN / STEVE,0.0012496094970321774,0.0,0.37390491764980727,0.001955947096095506,5271,4067,3272,3387
U-GO GIRL / EDIE,0.0031240237425804434,1.3108700663688165e-05,0.3675719124992823,0.0013840277881737254,3214,1791,3943,3993
ULARA,0.0007810059356451108,0.0,0.36784647207538496,0.0007802071378207073,5841,4067,3910,4952
ULIK,0.01999375195251484,0.00021479092755955398,0.4459148847252212,0.012833123991058064,555,588,674,821
ULTARNT,0.0020306154326772885,0.0,0.34633486610765485,0.001574499982395901,4200,4067,5351,3766
ULTIMA,0.0010934083099031551,9.646595595583808e-07,0.37937777777777776,0.0016421360147129893,5492,3016,2860,3678
ULTIMATOR / ,0.004061230865354577,0.0,0.41136027758144317,0.006533956236507959,2650,4067,1417,1531
ULTIMO,0.007341455795064043,1.59629872707684e-05,0.41744913928012517,0.009198119004568794,1640,1695,1244,1125
ULTIMUS,0.01140268666041862,3.21625124017944e-05,0.41062151241100636,0.010261742950311013,1037,1348,1445,1006
ULTRA-MAX,0.0023430178069353325,9.679460659286671e-08,0.3978127136021873,0.004084140716449207,3856,3617,1898,2192
ULTRON 2010,0.0014058106841611997,0.0,0.3700578034682081,0.0012874346771886242,5057,4067,3666,4131
ULTRON,0.030459231490159323,0.00031912293797220384,0.4761975602499256,0.028285133342728065,324,478,273,268
ULYSSES II,0.013277100905966885,0.0003401575934404342,0.4378633472402708,0.008968646123438695,876,461,814,1146
ULYSSES,0.0007810059356451108,0.0,0.2929843027779049,6.304233451686889e-05,5841,4067,6360,6341
U-MAN / MERRANO,0.011871290221805685,6.83836004876439e-05,0.42660091957086693,0.011788797745698786,1000,1017,1018,881
UMAR,0.013120899718837863,0.0002171802885507414,0.41064785118665814,0.008181329162762414,882,583,1444,1257
UNA,0.0015620118712902217,0.0,0.3438423116171653,0.0006183994631195495,4812,4067,5577,5226
UNBEING / BILLY BETELH,0.003436426116838488,6.269112999017222e-06,0.3717554149004123,0.0026445942076480052,3010,2185,3449,2864
UNCEGILA,0.00015620118712902218,0.0,0.3577935505504946,0.00038421844635885057,6354,4067,4654,5672
UNCLE PYKO,0.0014058106841611997,0.0,0.3547797173732336,0.0008380455912042552,5057,4067,4797,4871
UNCLE SAM,0.0037488284910965324,0.0,0.397639751552795,0.005395117576315079,2830,4067,1904,1789
UNDERTAKER / CONRAD EI,0.0014058106841611997,0.0,0.37818998109640833,0.00141078198190894,5057,4067,2955,3967
UNDERTOW,0.0007810059356451108,0.0,0.36459935076029387,0.0011994832759260967,5841,4067,4246,4285
UNICORN III / ,0.0015620118712902217,0.0,0.3410761854022376,0.0005446782891016561,4812,4067,5762,5376
UNICORN II / ,0.0010934083099031551,0.0,0.3338722294654498,0.0004285496223939986,5492,4067,6006,5569
UNICORN / MYLOS MASARY,0.014526710402999063,2.5315583336735724e-05,0.4532710280373832,0.016371683567346803,786,1470,544,620
UNI-LORD,0.005935645110902842,2.4497407877069423e-05,0.35325277271974836,0.0007164461548736835,1994,1487,4908,5057
UNION JACK II / BRIAN,0.008747266479225241,7.153988072628484e-05,0.4050873196659074,0.00411146093097788,1390,996,1631,2182
UNION JACK III / JOEY,0.025616994689159636,0.0003398602455300043,0.47411686291935123,0.024072860773951873,399,463,294,361
UNION JACK / LORD MONT,0.006872852233676976,2.8983908036511352e-05,0.3818214349615316,0.0019927984889597686,1733,1397,2733,3360
UNIT 101101,0.0032802249297094657,5.898819685107616e-07,0.34299491025984463,0.00029972735684847103,3094,3169,5628,5881
UNIT,0.0018744142455482662,0.0,0.3006057191153684,4.368583678873446e-05,4385,4067,6343,6354
UNSEEN / UNAM,0.0020306154326772885,4.986989970379922e-07,0.34131257663805514,0.0005848845701242897,4200,3225,5742,5304
UNUSCIONE,0.014058106841611996,5.25096435094835e-05,0.41175713918188833,0.010594841157711584,813,1133,1404,972
UNUS THE UNTOUCHABLE,0.018275538894095594,0.00010562768674108708,0.4583005225857255,0.01762801898859085,629,831,480,568
UPLINK / HECTOR FUENTE,0.002967822555451421,1.139937740476403e-05,0.3598853223902412,0.0012236438267814707,3351,1862,4521,4243
URANIUM,0.005935645110902842,0.0,0.3930500982318271,0.0042461686818602955,1994,4067,2123,2144
URCHALLA,0.00046860356138706655,0.0,0.3257186466547952,0.000114743199483679,6167,4067,6200,6302
"URICH, BEN",0.06529209621993128,0.0031305156502573115,0.4814257783125282,0.028088037266454695,113,105,222,272
"URICH, DORIS",0.007966260543580132,6.76835913594492e-05,0.40585774058577406,0.0038388558978033876,1509,1023,1607,2298
UR-LINI,0.0039050296782255542,8.576285715165101e-06,0.3529995588883988,0.0007023672791014332,2721,2010,4926,5090
UROC,0.008903467666354263,2.8461965976240096e-05,0.4137797311271975,0.005886953776289189,1370,1412,1350,1654
URSA MAJOR / MIKHAIL U,0.027491408934707903,0.00016232061089284852,0.482150926344329,0.032703020668702086,369,681,211,213
URSON-WELLZ,0.002499218994064355,0.0,0.36069637726069076,0.0012435603251099664,3730,4067,4464,4214
URSULA,0.0018744142455482662,0.0,0.34303166693457643,0.0012983888668021846,4385,4067,5623,4116
"URSULA, LADY",0.011871290221805685,3.3999917023775035e-05,0.40557491289198605,0.009081774433277012,1000,1321,1616,1138
URTHONA,0.0012496094970321774,5.77248183013068e-08,0.36831204694511566,0.0010522004243560294,5271,3712,3861,4469
USAGENT / CAPTAIN JOHN,0.0929397063417682,0.005198276673297531,0.5098757566103854,0.054711748353619236,57,70,61,66
USAGENT DOPPELGANGER,0.01437050921587004,1.2807719790569796e-07,0.4646537959065176,0.020787802428235393,790,3565,404,448
UTGARD-LOKI,0.0037488284910965324,2.1835800298724936e-08,0.3954781319495923,0.0049250477718877665,2830,3881,2023,1932
VACUUM,0.002655420181193377,0.0,0.3699722607489598,0.0016426330229587034,3591,4067,3685,3674
VAGABOND / PRISCILLA L,0.006560449859418931,2.566211836523236e-06,0.3884944474786091,0.0041998165028289906,1811,2648,2329,2157
VAGUE / ,0.0021868166198063103,0.0,0.3639361036893866,0.0016618629224911103,4042,4067,4278,3656
VAKUME,0.006872852233676976,2.3702078026745683e-05,0.41925343811394894,0.007462353419200964,1733,1509,1198,1369
VALERIA,0.002967822555451421,4.431966451392735e-07,0.37552792116377287,0.0034789455447748895,3351,3253,3171,2454
VALINOR,0.02218056857232115,0.00018647313548029448,0.47303088517807007,0.026115644898887066,488,640,304,312
VALKIN,0.013433302093095907,5.561451177287629e-05,0.39608983480789456,0.007581651013293195,860,1112,2003,1338
VALKYRIE II | MUTANT,0.007497656982193065,0.0,0.34513989972505255,0.00036711039563783686,1588,4067,5422,5720
VALKYRIE IV,0.006248047485160887,1.0264468775906809e-05,0.3883059380117668,0.004031207856757411,1895,1909,2338,2205
VALTORR,0.0021868166198063103,0.0,0.3516230021420333,0.0007476433753012114,4042,4067,5049,5000
VAMP,0.009684473601999375,2.340854391276433e-05,0.41321887303943716,0.007035652050561853,1251,1525,1363,1432
VANADIUM,0.003436426116838488,0.0,0.34125799573560767,0.0012619172667664227,3010,4067,5745,4182
VANCE REBUS / ,0.0015620118712902217,0.0,0.3627606527651859,0.0005791092579147964,4812,4067,4357,5331
"VANDERGILL, GEORGE",0.003436426116838488,0.0,0.3716259360306496,0.0015310322971001451,3010,4067,3470,3837
"VANE, ROGER",0.0028116213683223993,0.0,0.39830772102283335,0.0037742432543882106,3463,4067,1885,2316
VANESSA,0.00046860356138706655,0.0,0.3600269935890226,0.00046658073852533737,6167,4067,4511,5509
VANGUARD / NICOLAI KRY,0.0443611371446423,0.0004835868506715878,0.49747455124718315,0.04221768463422437,195,377,107,120
"VAN HELSING, RACHEL",0.00499843798812871,1.7945022853957854e-05,0.4067602770188703,0.0065332463768847165,2281,1637,1575,1533
VANISHER,0.024835988753514525,0.00037231482141809256,0.46384581944645703,0.021832326933485784,416,436,419,414
VANIUM,0.0031240237425804434,3.2536830105508966e-08,0.3204685388196426,9.195875121794366e-05,3214,3816,6274,6318
"VANKIN, JONATHAN",0.0018744142455482662,0.0,0.3360453519500289,0.00036777091671820326,4385,4067,5925,5708
"VAN NUYS, PROF. RODE",0.0014058106841611997,0.0,0.3634196185286104,0.0009926965300557178,5057,4067,4304,4603
VAPOR,0.02733520774757888,0.00033097796403357816,0.46593886462882095,0.02319328450391953,371,468,380,381
VARGAS,0.0015620118712902217,0.0,0.3663728968753577,0.001608468861775916,4812,4067,4094,3730
VARUA / MIRA,0.0067166510465479536,8.753860000430754e-05,0.38492063492063494,0.002984532088063946,1774,898,2542,2674
VASHTI,0.03280224929709466,0.0007149777382810781,0.47229804500184436,0.02459962251075112,295,291,313,347
"VAUGHAN, GAYLE",0.0028116213683223993,6.463404553683411e-07,0.34865483062847186,0.0012537707050874509,3463,3146,5234,4203
"VAUGHAN, MRS.",0.005154639175257732,4.8955706697028014e-06,0.3595619208087616,0.0024432470100385034,2237,2320,4539,2989
VAVELLA,0.0012496094970321774,0.0,0.30958943856085885,0.00011310739958107145,5271,4067,6330,6306
"VAZHIN, ALEXEI MIKHA",0.00999687597625742,3.1513936021087334e-05,0.38870673952641166,0.008170922759014047,1215,1357,2316,1259
"VAZIR, DR.",0.0009372071227741331,0.0,0.3523972037210326,0.0006730907662578655,5676,4067,4971,5131
VECTOR,0.02139956263667604,0.00019011354576644696,0.4642494561276287,0.02158345104207529,513,632,417,422
VEDA,0.0023430178069353325,7.508686267706175e-07,0.38840016987198933,0.0026207908653930164,3856,3094,2333,2883
VEEG,0.0028116213683223993,0.0,0.34347336230484465,0.0010829873908810212,3463,4067,5593,4425
"VEGA, ROBIN",0.0012496094970321774,1.1387890536928139e-08,0.3661633493479753,0.0008026611704825955,5271,3933,4119,4914
VEGA-SUPERIOR,0.0006248047485160887,0.0,0.350218818380744,0.0008032677676427709,6020,4067,5160,4913
VEIL,0.0014058106841611997,0.0,0.339718758291324,0.0006931215058851247,5057,4067,5801,5105
VENDETTA | MUTANT X-,0.0021868166198063103,0.0,0.34450842167572515,0.00029762319370408533,4042,4067,5519,5885
VENOM / EDDIE BROCK,0.02452358637925648,0.0005608839367953632,0.4485706278026906,0.013125677207800363,420,346,631,810
VENOMM,0.0012496094970321774,2.9283147094958077e-08,0.34327077747989276,0.00035271302107414763,5271,3832,5610,5755
VENUS / APHRODITE / VICT,0.009684473601999375,0.0003732479395570933,0.41477162293488823,0.008883855924867377,1251,434,1315,1156
VENUS II,0.001718213058419244,0.0,0.38211770323504834,0.002123847947443525,4561,4067,2706,3218
VERITUS,0.0020306154326772885,0.0,0.3370183196462413,0.0011398587613369578,4200,4067,5887,4368
"VERMICELLI, GIANNI",0.0007810059356451108,0.0,0.36660367634427077,0.000895428750802989,5841,4067,4070,4772
VERMIN / EDWARD WHELAN,0.0078100593564511085,3.0034692199760405e-05,0.4014044767697034,0.0037445172321165228,1526,1379,1745,2339
VERMIN II,0.00046860356138706655,0.0,0.33324657748165115,0.00032565033234572334,6167,4067,6017,5808
"VERMIN, LADY",0.00999687597625742,1.8254333633679703e-05,0.39336405529953916,0.00700116481803677,1215,1628,2112,1443
"VERPOORTEN, JOHN",0.0037488284910965324,1.3510116389885746e-06,0.37423277021102475,0.002795660126728105,2830,2901,3252,2787
"VERSCHLAGEN, FRAU",0.0015620118712902217,0.0,0.35189358544495136,0.0013144666741098862,4812,4067,5012,4094
VERTIGO,0.006872852233676976,2.3702078026745683e-05,0.41925343811394894,0.00746235341920097,1733,1509,1198,1364
VERTIGO II,0.021087160262417994,0.00011680384806774876,0.43789329685362516,0.014756332601565716,523,793,812,705
VESPER,0.0009372071227741331,0.0,0.34461969101577217,0.00032555987441537166,5676,4067,5491,5811
VESSEL,0.007341455795064043,2.3522969823527255e-05,0.38464311463590484,0.006010754930000638,1640,1517,2562,1623
VESTA,0.0039050296782255542,0.0,0.36486948592271745,0.0028212057017567675,2721,4067,4219,2772
VIBRANIA / SHARA,0.00046860356138706655,0.0,0.3374268697622938,0.00033930227613716526,6167,4067,5872,5779
VIBRATO / ,0.0023430178069353325,0.0,0.34909209880582365,0.0013657913306033788,3856,4067,5205,4031
VIBRAVORE,0.0012496094970321774,0.0,0.37025041929327396,0.0013337804038775554,5271,4067,3620,4080
VIBRAXAS / N'KANO,0.018431740081224616,0.0004517840511778627,0.4299241152373917,0.01273531205318872,623,399,960,825
VIBRO / DR. FRANCIS VI,0.004061230865354577,4.658325313814008e-06,0.386991476757541,0.0038534509583017956,2650,2348,2417,2292
VICTORIUS / PROF. VICT,0.0012496094970321774,7.1901093813411425e-09,0.35574572127139364,0.0009619111357364781,5271,3984,4748,4652
VIDAR,0.0015620118712902217,0.0,0.35761367444978215,0.0012317817314934124,4812,4067,4664,4228
VIENNA,0.0014058106841611997,2.7697779403602264e-07,0.34519572953736655,0.000830360842844917,5057,3384,5417,4886
"VIENNEAU, JACQUES",0.0018744142455482662,0.0,0.33856893542757416,0.000699140358401638,4385,4067,5847,5094
VIGILANT / PSTUN-RAGE,0.0010934083099031551,0.0,0.3523390203632361,0.00035597000921626067,5492,4067,4985,5744
VIGIL,0.00015620118712902218,0.0,0.35954172750758173,0.0003974738675727653,6354,4067,4540,5630
VILIVEN,0.002499218994064355,0.0,0.3541908713692946,0.0008778693727785979,3730,4067,4844,4808
"VILLA-LOBOS, GETULIO",0.002655420181193377,9.312840462014314e-07,0.35540998167989785,0.0015976672842731882,3591,3032,4769,3741
"VINCENT, DANNY",0.0028116213683223993,2.881408069144473e-08,0.3868979271166979,0.002365494041281139,3463,3843,2421,3037
VINCENTE / ,0.002967822555451421,3.6053175516246145e-08,0.34793478260869565,0.0013546564156279937,3351,3802,5258,4051
VINDALOO / ,0.008591065292096219,2.9104432764053654e-06,0.39628597957288764,0.008296340467473065,1414,2573,1991,1243
VINDICATOR II DOPPEL,0.013433302093095907,1.1242986205888275e-06,0.4488222097588334,0.01760944538085577,860,2959,625,569
VINDIKTOR / ,0.00015620118712902218,0.0,0.347632493483927,0.00031361186150217216,6354,4067,5283,5841
"VINYL, MILO",0.0006248047485160887,0.0,0.35170026918639785,0.00043920382746101273,6020,4067,5031,5556
VIOLENCE / ,0.0028116213683223993,8.890866395199774e-07,0.36055417886911467,0.0012011946996406094,3463,3041,4474,4280
VIPER II,0.03826929084661043,0.0010619346317617424,0.48522055479763526,0.030527169683232526,237,243,190,236
VIPER / JORDON DIXON,0.0031240237425804434,2.949945130143683e-07,0.3764775066157013,0.002169130892215607,3214,3365,3077,3189
VIRA,0.004061230865354577,3.7382081808666774e-06,0.36963048498845263,0.0019956583297247657,2650,2462,3735,3355
VIRAGO,0.0018744142455482662,6.023792817397769e-09,0.376322595814719,0.002431740980948899,4385,4013,3095,2999
VIRAKO,0.0039050296782255542,3.2822960766861294e-06,0.3652441807393884,0.0020944654026893946,2721,2523,4205,3248
VIRGO / ELAINE MCLAUGH,0.006560449859418931,3.312646898382057e-06,0.40406463014390304,0.0067205364038402035,1811,2516,1659,1497
VIRGO II,0.005935645110902842,1.7044914247010716e-06,0.34430461439173926,0.0015819336177458872,1994,2810,5544,3755
VIRTUAL REALITY,0.0009372071227741331,3.4308367377708972e-09,0.37539580157147884,0.001207979328541045,5676,4043,3181,4271
VISALIA,0.0014058106841611997,0.0,0.34821865651346207,0.0007957746505617692,5057,4067,5250,4924
VISARA,0.002967822555451421,0.0,0.34249946501176975,0.0011791397710851166,3351,4067,5654,4310
VISE / ,0.0020306154326772885,2.34675791771072e-07,0.37082947173308617,0.0008664289179986426,4200,3439,3556,4815
VISION,0.19415807560137457,0.01094410918138394,0.5496222527472527,0.09603511785470567,12,31,12,10
VISION DOPPELGANGER,0.019056544829740705,4.580703601109597e-06,0.46260567960112725,0.023260318966769427,598,2359,432,378
VITCHEN,0.0015620118712902217,1.4172181122879573e-07,0.3547797173732336,0.0008837965175309507,4812,3541,4797,4794
VIVISECTOR / MYLES ALF,0.0020306154326772885,0.0,0.3586353705674752,0.0009915004361328108,4200,4067,4593,4606
VIXEN,0.0028116213683223993,5.593195550521314e-08,0.3571149662520221,0.001880449624372108,3463,3726,4690,3455
VIZIER,0.029522024367385193,0.0003926879124936683,0.45938576349024113,0.01965285816741848,339,427,467,488
VOGEL,0.0014058106841611997,0.0,0.34430461439173926,0.000899896292463701,5057,4067,5544,4767
"VOGE, TULLAMORE",0.005623242736644799,4.640090964723274e-06,0.37839115786985045,0.004052887000418475,2087,2354,2929,2200
"VOGHT, AMELIA",0.021243361449547016,0.00017852883467845361,0.43654960790998976,0.017189733752698704,518,647,836,591
VOICE,0.002967822555451421,3.796930364157324e-07,0.38193532991289825,0.002329090123924541,3351,3292,2724,3072
VOID-EATER,0.0006248047485160887,0.0,0.3379255740300871,0.0004047598603340668,6020,4067,5855,5621
VOID,0.0012496094970321774,0.0,0.3847818247385503,0.0019725892731850764,5271,4067,2549,3374
VOLCANA ASH,0.0023430178069353325,8.221052966798176e-08,0.3526689803338291,0.00037007878350194814,3856,3655,4942,5700
VOLCANA / MARSHA ROSEN,0.02218056857232115,0.00014973960256300402,0.46942366915970085,0.02446644095694381,488,695,345,350
VOLGA BELLE / ,0.0023430178069353325,4.144572406296976e-08,0.3323642404734711,0.0002766907038119938,3856,3773,6034,5935
VOLKHVY,0.001718213058419244,0.0,0.3710443955024922,0.001503467989684655,4561,4067,3531,3865
VOLK / ILYA DUBROMOVIT,0.0006248047485160887,0.0,0.3578535494689771,0.0003888474080018506,6020,4067,4645,5655
VOLLA,0.006872852233676976,5.07311769242599e-06,0.3902706656912948,0.005030759449474479,1733,2305,2235,1908
VOLSTAGG,0.05576382380506092,0.0014477070011328194,0.48091947115384615,0.03183352157978304,143,200,230,221
VOLSTAGG | MUTANT X-,0.007497656982193065,0.0,0.34513989972505255,0.0003671103956378371,1588,4067,5422,5712
VOLX,0.0039050296782255542,2.815083910768171e-07,0.35399502350013823,0.0019333773047353854,2721,3379,4861,3402
"VON DOOM, CYNTHIA",0.0014058106841611997,0.0,0.3599460249634544,0.0008933989309684677,5057,4067,4516,4774
"VON FRANKENSTEIN, BA",0.0014058106841611997,1.3717849491888317e-06,0.3745831139196068,0.0012611380147204774,5057,2897,3227,4188
"VON RICHTOFEN, LT. M",0.0012496094970321774,0.0,0.3352534562211982,0.00015485482889220903,5271,4067,5961,6222
"VON STRUCKER, WERNER",0.005623242736644799,1.2975739560744507e-05,0.3786597267404034,0.0024842305324964766,2087,1796,2911,2971
"VON VOLTZMANN, FRITZ",0.002499218994064355,0.0,0.3515457690406897,0.0006328768172539841,3730,4067,5069,5202
"VONYA, DR. ANATOLY",0.0023430178069353325,4.144572406296976e-08,0.3323642404734711,0.00027669070381199383,3856,3773,6034,5934
VOR / TEX,0.0012496094970321774,1.0296611159734834e-08,0.3632546527462551,0.0009081446841454262,5271,3946,4327,4753
VORZEN,0.00359262730396751,7.14266022870209e-06,0.3525136281041793,0.0006927316876227989,2918,2120,4960,5110
VOSTOK,0.018275538894095594,0.00010371483953762195,0.45539906103286387,0.01946357828283002,629,839,509,491
VOYAGER,0.0039050296782255542,0.0,0.3707221031906885,0.0028939992159349635,2721,4067,3566,2722
"VRIES, KALI",0.0018744142455482662,1.753368444414679e-06,0.3831238779174147,0.0016446128397254885,4385,2799,2638,3667
VULCAN / ,0.0032802249297094657,0.0,0.3735558408215661,0.002202560403904678,3094,4067,3290,3168
VULTURE / ADRIAN TOOME,0.03108403623867541,0.0004217393826539974,0.47097770911498565,0.02321003548013483,316,411,322,380
VULTURE II / BLACKIE D,0.0023430178069353325,3.240330811910804e-09,0.3689063040221275,0.0017323330280081463,3856,4044,3804,3586
VULTURE III / DR. CLIF,0.0012496094970321774,0.0,0.38061831153388825,0.001552351278249321,5271,4067,2807,3790
VYREK,0.0067166510465479536,0.00011790190296336197,0.37229588276343334,0.0021547887798104384,1774,790,3389,3199
"WADE, AGENT JOE",0.004842236800999687,7.695616061792924e-06,0.36222700011316056,0.0013950813701378527,2327,2076,4385,3978
"WAGNER, ERNIE WHACK",0.001718213058419244,2.603187307270335e-07,0.35683629675045986,0.0009033930664223749,4561,3416,4707,4761
"WALDERS, BEATRICE",0.0014058106841611997,1.7294296444332738e-09,0.3790184121721627,0.0014201569875202653,5057,4061,2883,3961
WALDO,0.013120899718837863,1.5605858380172172e-05,0.4321004319654428,0.014428419137696316,882,1703,929,722
WALKABOUT,0.005310840362386754,1.1923605159404032e-05,0.3920632004409333,0.002979121407851656,2184,1844,2168,2682
WALKER,0.0010934083099031551,0.0,0.36459935076029387,0.0010819297537833852,5492,4067,4246,4426
"WALKER, JILL",0.0021868166198063103,0.0,0.37475853187379266,0.002010457290313873,4042,4067,3220,3339
"WALKER, MICKEY",0.003436426116838488,0.0,0.38573236127010907,0.002356853241771983,3010,4067,2495,3052
"WALKER, SHERIFF CHAN",0.002499218994064355,1.5267373637303996e-07,0.3818214349615316,0.0018578107996809097,3730,3523,2733,3473
"WALKER, TESS",0.002499218994064355,1.5267373637303996e-07,0.3818214349615316,0.0018578107996809084,3730,3523,2733,3474
WALL / ,0.004061230865354577,5.526353908710737e-06,0.37012198647164246,0.0014443079681932818,2650,2259,3649,3936
WALLOP / WALTER DESTIN,0.0031240237425804434,0.0,0.3783240751684198,0.003769855124466321,3214,4067,2937,2323
WALRUS,0.0010934083099031551,0.0,0.36618429331350455,0.0006586496076715126,5492,4067,4114,5158
WALRUSS,0.0014058106841611997,0.0,0.3547797173732336,0.0008380455912042553,5057,4067,4797,4870
"WALSH, CAPT. ALEXAND",0.0012496094970321774,9.696840602384624e-07,0.3767877111411924,0.001009888395378837,5271,3014,3062,4575
"WALSH, LYNN",0.0028116213683223993,1.9738026513345437e-06,0.3804147602353081,0.002123341961596346,3463,2748,2813,3223
"WALTERS, BILLY",0.01515151515151515,0.00015437969364491248,0.42717021418562756,0.008852358914444676,750,690,1004,1160
"WALTERS, CHAP",0.001718213058419244,0.0,0.38522173415969674,0.0025938874012813645,4561,4067,2528,2907
"WALTERS, SHERIFF MOR",0.0028116213683223993,5.120610194550519e-06,0.38296345037985285,0.0016921342013850823,3463,2294,2654,3619
WANDERER,0.0031240237425804434,1.1023715072099572e-08,0.3780336581045173,0.0038509064314138507,3214,3939,2971,2293
"WANG, LI",0.0015620118712902217,4.6021615589126194e-07,0.38524491515224457,0.0019027525382196017,4812,3241,2527,3429
"WANG, VICTORIA VICKY",0.0032802249297094657,1.1879335725984581e-07,0.37658823529411767,0.002968115644539562,3094,3584,3071,2687
WAR / ABRAHAM LINCOLN,0.013277100905966885,0.00041574014768386503,0.41761252446183955,0.011250628138691179,876,414,1240,921
WARBOW / ,0.002967822555451421,6.646525544403314e-07,0.37040037028465633,0.001812537906359005,3351,3137,3597,3514
"WARD, SEN. STEWART",0.0067166510465479536,1.1635464308204373e-05,0.4072778166550035,0.006553865463991163,1774,1856,1557,1529
WARFARE / ,0.0009372071227741331,0.0,0.3660377358490566,0.000596186575786384,5676,4067,4135,5274
WARFIST,0.0028116213683223993,5.5822992828079115e-09,0.3713457076566125,0.0016820820162121138,3463,4018,3504,3626
WARGOD / MORA HAGER,0.0009372071227741331,0.0,0.3696518274727178,0.00046249265653738024,5676,4067,3725,5512
WARHAWK II,0.004373633239612621,2.644221218674215e-05,0.39363010329562226,0.0039497607138135925,2505,1451,2096,2242
WARHAWK III / TOM NAKA,0.002655420181193377,0.0,0.36801563577833984,0.0016702905450983014,3591,4067,3889,3637
WARHEAD / GREGORY SLIV,0.004842236800999687,2.6398437798848972e-06,0.36829085888511764,0.002676860854557814,2327,2625,3864,2851
"WARKOVSKY, SEN.",0.0018744142455482662,1.753368444414679e-06,0.3831238779174147,0.0016446128397254877,4385,2799,2638,3668
WARLOCK II / ADAM WARL,0.04748516088722274,0.0009268697600084453,0.4900114810562572,0.0406505747628892,176,257,154,134
WARLOCK III,0.048734770384254916,0.0010705618411390786,0.48855311355311354,0.03879926461311227,167,240,167,148
WARLORD,0.0014058106841611997,9.35372303894626e-05,0.35620096811884494,0.0004788126133829627,5057,874,4722,5496
WAR MACHINE II / PARNE,0.0037488284910965324,1.7881277418778692e-06,0.3754178150472058,0.002234211740427003,2830,2795,3178,3143
WARP SAVANT,0.0006248047485160887,0.0,0.3671082057457423,0.0014234156122670046,6020,4067,3996,3958
WARPY,0.004373633239612621,3.5406327201126865e-07,0.3477457903313417,0.001379779156289933,2505,3316,5270,4003
WARR,0.0007810059356451108,0.0,0.26313193588162764,6.801187545608818e-06,5841,4067,6394,6389
"WARREN, MR.",0.0037488284910965324,2.7853898887642446e-06,0.38230025080616264,0.0026146130501897118,2830,2597,2696,2888
WARRIOR WOMAN / JULIA,0.00718525460793502,1.3711437037005138e-05,0.3991271820448878,0.004613330442044668,1664,1765,1843,2015
WARSTAR,0.02155576382380506,0.00019833757618142748,0.43654960790998976,0.01791257143276072,507,616,836,545
WARTON / WARBECK,0.007029053420805998,5.680209927325253e-06,0.39613885279376276,0.004595674132549419,1704,2242,2000,2023
WAR TOY / ALKHEMA,0.004061230865354577,5.872304995091916e-07,0.3963595839524517,0.005641139643105923,2650,3170,1986,1713
WASP / JANET VAN DYNE,0.17307091533895658,0.00964186119034909,0.5413953488372093,0.09025661836207186,17,35,19,16
"WATANABE, EMMALINE B",0.0010934083099031551,0.0,0.3619402985074627,0.0006715177833376308,5492,4067,4399,5134
"WATANABE, YUJI",0.0010934083099031551,0.0,0.3619402985074627,0.0006715177833376316,5492,4067,4399,5132
WATCHDOG,0.0012496094970321774,0.0,0.3847818247385503,0.0019725892731850786,5271,4067,2549,3373
WATCHFIRE / ,0.0039050296782255542,0.0,0.36055417886911467,0.001547077563395116,2721,4067,4474,3802
WATCHLORD / ,0.00031240237425804435,0.0,0.3476513711648113,0.0003629988543751126,6269,4067,5280,5734
"WATERS, SETH",0.0031240237425804434,1.661349603110547e-05,0.37238250348999535,0.001227517548327773,3214,1676,3380,4238
WATER WITCH / ,0.002967822555451421,3.2089154926773817e-06,0.3663309681849393,0.0014940782748248318,3351,2531,4099,3875
WATER WIZARD / PETE,0.024054982817869414,0.00031554942351735767,0.4426161504424779,0.01695387828318547,433,482,726,599
"WATKINS, MELODY",0.0007810059356451108,0.0,0.34581105169340465,0.00047007311941255184,5841,4067,5381,5501
"WATKINS, STEVIE",0.0007810059356451108,0.0,0.34581105169340465,0.00047007311941255146,5841,4067,5381,5502
WATOOMB,0.0021868166198063103,0.0,0.3516230021420333,0.0007476433753012121,4042,4067,5049,4995
"WATSON, ANNA",0.04451733833177132,0.0012130410033695093,0.45459064119860826,0.018137016064809178,194,220,521,540
"WATSON, KEVIN",0.0021868166198063103,5.513867229396457e-07,0.375263774912075,0.0017025408711541818,4042,3201,3193,3613
"WATSON, KRISTY",0.01640112464854733,5.986149684927489e-05,0.4363413304252999,0.011335511697285935,701,1078,842,915
"WATSON, MADELINE",0.0039050296782255542,2.7512895416434463e-07,0.389747960550347,0.003239567688874874,2721,3385,2258,2556
"WATSON-PARKER, MARY",0.1276163698844111,0.01540456602401406,0.5207418252806247,0.049912262187479,37,22,40,83
"WATSON, PHILIP",0.004529834426741643,1.3002745173347782e-06,0.3946735712964675,0.003678532752162896,2437,2918,2050,2359
"WATSON, TOMMY",0.0012496094970321774,0.0,0.3668978164937819,0.0011665086645902003,5271,4067,4034,4326
WATTS,0.002655420181193377,0.0,0.32663265306122446,0.000160261329930145,3591,4067,6168,6188
WAXWORK,0.010621680724773508,2.798309247991871e-05,0.43456421395601413,0.010145991976793119,1131,1423,870,1015
WAYFINDER,0.0020306154326772885,0.0,0.3710443955024922,0.0016442627826716307,4200,4067,3531,3670
WAYOPEX,0.0031240237425804434,0.0,0.3750878837590813,0.0016624215750039185,3214,4067,3204,3651
WEAK LINK / ERNIE MILL,0.002967822555451421,1.139937740476403e-05,0.3598853223902412,0.0012236438267814711,3351,1862,4521,4242
"WEALS, MELVIN J.",0.0014058106841611997,0.0,0.36204263982355933,0.0011851189531446515,5057,4067,4389,4299
WEAPON X II / GARRISON,0.010465479537644486,2.8513879906372942e-05,0.3786821246894594,0.005154646540909408,1156,1409,2910,1876
WEAPON X III,0.004686035613870665,3.675891961673977e-06,0.3596629213483146,0.0021999892679503523,2377,2469,4535,3170
WEASEL / JACK HAMMER,0.0032802249297094657,1.12939657675065e-05,0.360168776371308,0.0011994451754351028,3094,1868,4503,4286
"WEASON, SENATOR",0.0009372071227741331,0.0,0.3696518274727178,0.00046249265653737986,5676,4067,3725,5515
"WEAVER, ZEKE",0.0014058106841611997,0.0,0.34371308923010846,0.0010090788227906373,5057,4067,5578,4576
"WEBSTER, NORM",0.006248047485160887,1.5016387844404745e-06,0.43070505920344454,0.009681237849424392,1895,2856,948,1082
WEBWING,0.0032802249297094657,0.0,0.3730769230769231,0.0031520127188517386,3094,4067,3330,2583
WEED,0.001718213058419244,0.0,0.3819581170574548,0.0018231535496676568,4561,4067,2721,3507
"WEI, LINDA",0.005154639175257732,8.986379209177902e-05,0.3737084816998424,0.0022539076992791284,2237,889,3283,3128
"WEIN, GLYNIS",0.00499843798812871,1.2199964267562985e-05,0.40862960362545475,0.004554790236222979,2281,1831,1519,2046
"WEIN, LEN",0.01077788191190253,8.14166329377807e-05,0.4296932680045641,0.009934375148062669,1109,932,962,1054
"WEISENTHAL, DR. JACO",0.0023430178069353325,1.806060547743245e-06,0.37110892122195815,0.0011930184171718085,3856,2792,3525,4293
"WEISENTHAL, DR. JONA",0.0012496094970321774,0.0,0.36715031255376496,0.0006681491427415752,5271,4067,3990,5139
"WEISMAN, DR.",0.0021868166198063103,5.656400097302038e-08,0.3717554149004123,0.002004982962783224,4042,3723,3449,3347
"WEISS, KONRAD KONNIE",0.0012496094970321774,1.5122016081579304e-06,0.3690764441369768,0.0007703465604705729,5271,2854,3781,4967
WENDIGO II / GEORGES B,0.002967822555451421,1.678141213040042e-06,0.38319267372957444,0.004010958034821496,3351,2818,2633,2214
WENDIGO III / FRANCOIS,0.005623242736644799,3.394525535918268e-05,0.4059864290696937,0.004201109138433795,2087,1322,1603,2156
WENDIGO IV / MICHAEL F,0.00046860356138706655,0.0,0.326332959526965,0.00010983539618240217,6167,4067,6181,6309
WENDIGO / PAUL CARTIER,0.0010934083099031551,3.090558572907961e-08,0.36920415224913494,0.0011276483620801913,5492,3824,3768,4381
WENDIGO V / ANDRE,0.0014058106841611997,5.597001187623332e-06,0.3741452866577056,0.0014932616378521542,5057,2251,3261,3877
WENDIGO VI / LARRY,0.0010934083099031551,0.0,0.3579135685134455,0.0011090197717446204,5492,4067,4637,4401
WENDY,0.0021868166198063103,0.0,0.370614796804446,0.0016026423854880265,4042,4067,3578,3736
"WENTWORTH, JENNIFER",0.0012496094970321774,0.0,0.35865546218487393,0.0009450228799294868,5271,4067,4590,4674
WEREWOLF BY NIGHT / JA,0.030615432677288345,0.0020143127290851237,0.4796583501910542,0.02939698849211282,320,157,242,247
"WERNER, P.D.Q.",0.0012496094970321774,5.238530555525468e-08,0.35112159271650306,0.0007449536155190758,5271,3742,5099,5005
"WESSEL, HARRY",0.0009372071227741331,0.0,0.3375870069605568,0.00020444379287540198,5676,4067,5865,6101
"WEST, DALE",0.0015620118712902217,1.4953368924059593e-06,0.3669398750501519,0.0013780060672037428,4812,2861,4027,4007
"WESTON, SALLY",0.0006248047485160887,0.0,0.35104457970060865,0.0006511055098205186,6020,4067,5104,5173
"WESTPHAL, SIMON",0.0014058106841611997,0.0,0.38858877086494686,0.0022302016645572792,5057,4067,2326,3148
"WETHERELL, MANOLI",0.010153077163386441,2.3298265529938263e-05,0.4519909630048009,0.01358816331870887,1193,1529,570,770
"WEYING, ANN",0.0014058106841611997,2.4994541106371545e-08,0.37055044278520577,0.0010297743897044896,5057,3858,3586,4510
WHEELER,0.0014058106841611997,1.8778187001499675e-06,0.3574938574938575,0.0007424231581895297,5057,2768,4670,5007
"WHEELER, M'KONI MARY",0.0023430178069353325,7.279070500916024e-07,0.36572407883461866,0.001022768781554726,3856,3118,4177,4531
WHIPLASH II / ,0.011558887847547642,3.6079129002780705e-05,0.41568729303291996,0.00707574347234092,1023,1298,1293,1423
WHIPLASH / MARK SCARLO,0.03342705404561074,0.0008859830955064905,0.4627394289844597,0.022745855122044627,289,261,430,391
WHIRLWIND / DAVID CANN,0.03202124336144955,0.00012837386286101385,0.4752431148392844,0.03144736851964053,307,757,281,224
WHIRLWIND II / DAVID C,0.0010934083099031551,0.0,0.34065875591975736,0.00026365560606268014,5492,4067,5777,5972
WHISPER II / ,0.0009372071227741331,0.0,0.3660377358490566,0.0005961865757863839,5676,4067,4135,5275
WHISPER / ,0.0007810059356451108,0.0,0.366226188433156,0.0007455420143686723,5841,4067,4112,5002
WHITE BIRD / AMARA,0.0012496094970321774,0.0,0.32580152671755724,0.00011757725073504426,5271,4067,6193,6290
"WHITECLOUD, MICHAEL",0.0037488284910965324,3.223961982879246e-06,0.3577935505504946,0.001750977676712041,2830,2528,4654,3568
WHITE DRAGON II,0.0015620118712902217,1.486297449942085e-07,0.3691190036900369,0.001155789686841756,4812,3536,3779,4345
WHITE DRAGON,0.0015620118712902217,3.731003833133866e-09,0.3918712125849299,0.002402841923726688,4812,4040,2172,3016
"WHITE, JONATHAN",0.0007810059356451108,0.0,0.35166163141993956,0.0005875248750943066,5841,4067,5041,5296
WHITE KING,0.0037488284910965324,3.6182290907448523e-07,0.3784358928888101,0.004357331500232977,2830,3308,2925,2100
WHITEOUT,0.013120899718837863,5.1933125613422034e-05,0.4157412819014222,0.009246168375293455,882,1138,1291,1121
"WHITE, PROFESSOR",0.0014058106841611997,0.0,0.3233333333333333,0.00014985279652720597,5057,4067,6251,6232
WHITE QUEEN / EMMA FRO,0.06263667603873789,0.0043998829690111325,0.49098857274330854,0.0358421074747094,121,79,146,178
WHITE RABBIT,0.002967822555451421,1.4971214816363322e-06,0.3686089359742054,0.0013086085461969377,3351,2859,3825,4098
WHITE TIGER / HECTOR A,0.01577631990003124,0.0002825563800103756,0.437623897737371,0.01094495843898498,722,504,818,943
WHITE TIGER II / ,0.01936894720399875,0.0001243651851419273,0.42842802650070266,0.011310986896900351,582,767,976,917
WHITE WOLF / HUNTER,0.0078100593564511085,2.1598175608838434e-05,0.42016144910415437,0.007729392260905825,1526,1561,1178,1319
"WHITMAN, DEBRA",0.016557325835676352,0.00012089922009592664,0.4446759741612836,0.012997397474977185,693,777,692,818
"WHITMAN, PATRICIA",0.0007810059356451108,3.2536830105508966e-08,0.2906037221970041,2.4513740283956528e-05,5841,3816,6367,6365
WHIZZER III / JAMES SA,0.024211184004998436,0.0004131394489707787,0.4594846766669059,0.01844670855567917,429,416,466,522
WHIZZER II / STANLEY S,0.026866604186191814,0.0009744951502260368,0.4649912841371296,0.021119689764095895,379,249,396,435
WHIZZER / ROBERT L. FR,0.03264604810996564,0.0005302589792379243,0.4829511164755582,0.032557277417685715,297,356,205,215
"WHYTE, HARMONY (HARM",0.01140268666041862,0.00024000590434275875,0.4507181075753309,0.011546709480505126,1037,548,596,904
WHYTEOUT / STUART ANTH,0.0009372071227741331,0.0,0.33724911763156507,0.00040628693969166677,5676,4067,5875,5615
WIBBOW,0.0031240237425804434,0.0,0.3602701181767023,0.0015433105318114033,3214,4067,4494,3815
"WIDDOWS, SGT.",0.0023430178069353325,0.0,0.36191983718695236,0.0015176677511200246,3856,4067,4404,3847
WIDE LOAD ANNIE / ANNI,0.0020306154326772885,1.7568011932938256e-06,0.3671082057457423,0.0009699663046165576,4200,2797,3996,4642
WIDGET,0.01999375195251484,0.00016368214966658534,0.44347464671654196,0.01512197396038959,555,679,709,684
WIDOW-MAKER,0.0037488284910965324,0.0,0.397639751552795,0.005395117576315075,2830,4067,1904,1792
"WIGGINS, TRACY",0.0007810059356451108,4.6213166805227166e-07,0.34286632390745503,0.00036178997996562617,5841,3240,5633,5735
"WILBURN, MYRON",0.0039050296782255542,1.9144979495129214e-06,0.4189242245779348,0.006376514650500216,2721,2759,1212,1568
"WILCOX, DR. BRENT",0.0023430178069353325,1.544075147728733e-05,0.3694171956145413,0.0012821568003301914,3856,1711,3755,4139
WILD BLOOD,0.001718213058419244,2.3532843073684436e-06,0.3850827067669173,0.0026168990466002517,4561,2681,2535,2887
WILD CHILD DOPPELGAN,0.007341455795064043,0.0,0.4189242245779348,0.00833289783631831,1640,4067,1212,1232
WILD CHILD / KYLE GIBN,0.03905029678225554,0.0008795719941034457,0.4818243395800406,0.03233324660546291,232,263,216,218
WILD CHILD | MUTANT,0.0031240237425804434,2.5288444234474473e-07,0.34461969101577217,0.0003145300455519784,3214,3422,5491,5837
WILD MAN / ALEX WILDMA,0.002499218994064355,1.0465984161821456e-06,0.3591786355475763,0.0010501135860386211,3730,2988,4559,4473
WILD ONE,0.0023430178069353325,2.7340052591394204e-07,0.38807055828332426,0.0029034689013712105,3856,3391,2349,2715
WILDPRIDE / KYLLIAN,0.0006248047485160887,0.0,0.35144927536231885,0.0005540053883470717,6020,4067,5074,5367
WILDSIDE,0.016088722274289285,7.737013736325757e-05,0.42643042696329847,0.012116681423084606,710,968,1022,860
WILDSTREAK,0.0015620118712902217,0.0,0.3394125755487223,0.0005776748065199539,4812,4067,5823,5336
WILD TIGER / DENG LING,0.0007810059356451108,0.0,0.31992404177702266,6.488680442863913e-05,5841,4067,6286,6332
WILD WHIP,0.0020306154326772885,0.0,0.36973722206179616,0.0009241488453291798,4200,4067,3717,4716
"WILFORD, BONNIE",0.0078100593564511085,6.28720057545466e-06,0.4124202795851317,0.007132944328998012,1526,2184,1385,1413
"WILFORD, ELISABETH B",0.009528272414870352,1.705236208363547e-05,0.43759398496240604,0.009859748710558981,1270,1662,819,1061
"WILFORD, ETHAN",0.002655420181193377,2.6172003029519394e-07,0.4047032050066376,0.003677456669109954,3591,3415,1636,2361
"WILKS, SHANTAL",0.007029053420805998,1.3218377567872852e-05,0.38466622604097817,0.0032010652423687187,1704,1787,2561,2569
WILLIAMS JOHN,0.0012496094970321774,0.0,0.3309211206450946,0.00020821592553821916,5271,4067,6069,6099
"WILLIAMS, MINDY",0.006248047485160887,5.322710793336978e-06,0.42614657525128136,0.0059324673831088835,1895,2274,1027,1639
"WILLIAMS, MRS.",0.004217432052483598,9.47973512924601e-06,0.4088644782219951,0.006370224244345236,2569,1954,1510,1570
"WILLIAMS, NILES",0.0015620118712902217,0.0,0.36769858135661365,0.0010966127422404695,4812,4067,3930,4409
"WILLIFORD, BRENT",0.0012496094970321774,0.0,0.36769858135661365,0.0009682891624085272,5271,4067,3930,4643
WILLIS,0.0006248047485160887,0.0,0.33467510063254746,0.00034528704602315827,6020,4067,5996,5763
WILL O' THE WISP / JAC,0.0078100593564511085,2.2752773106402964e-05,0.3733379986004199,0.003482511894050071,1526,1541,3310,2453
"WILMOTT, DR. KEITH",0.0007810059356451108,0.0,0.35166163141993956,0.0005875248750943067,5841,4067,5041,5295
"WILSON, DUBOSE",0.0007810059356451108,0.0,0.33116076970825575,0.0001571543014789174,5841,4067,6047,6201
"WILSON, JIM",0.011246485473289597,8.624150771343861e-05,0.43879369431117204,0.00947091027675093,1063,914,791,1100
"WILSON, LOUIS",0.0039050296782255542,5.362674053239414e-07,0.3880470360043642,0.0027409379648689934,2721,3213,2350,2813
"WILSON, MERCEDES",0.002655420181193377,9.645125093244569e-06,0.3547797173732336,0.0008541685980688937,3591,1946,4797,4839
WINDEAGLE / HECTOR SAN,0.00031240237425804435,0.0,0.3431603773584906,0.00031712748970760314,6269,4067,5617,5831
WINDSHEAR / COLIN ASHW,0.017650734145579505,0.00011596823976430602,0.4451397580308719,0.017980094555384966,650,799,687,544
WINDSTORM / ,0.0007810059356451108,0.0,0.3418776033322653,0.0004947226633509338,5841,4067,5718,5476
WIND-WARRIOR / PAMELA,0.0032802249297094657,2.059237301756759e-07,0.363069245165315,0.0020829652424309143,3094,3472,4341,3263
WINDY,0.004373633239612621,3.5406327201126865e-07,0.3477457903313417,0.0013797791562899333,2505,3316,5270,4001
"WING, COLLEEN",0.03748828491096532,0.0014256683093938874,0.4809917355371901,0.02482340402927322,244,202,228,336
WING,0.0021868166198063103,0.0,0.35327226575433174,0.0006163263750972347,4042,4067,4901,5233
"WINGFOOT, WYATT",0.02374258044361137,0.0004680421829804476,0.445480481525294,0.018028555096912584,439,389,680,543
"WINGFOOT, WYATT II",0.0010934083099031551,0.0,0.34078569147237303,0.00038584705618713836,5492,4067,5771,5664
"WINGFOOT, WYNONA",0.0032802249297094657,3.9783393701671127e-07,0.39704787893822874,0.00377391501102586,3094,3277,1949,2317
"WING, PROFESSOR",0.002655420181193377,9.757514410594265e-07,0.34687906371911575,0.0010216040151687763,3591,3010,5314,4533
"WINTHROP, DESIREE",0.007497656982193065,4.715971578869809e-05,0.3977138597254147,0.004006265812596136,1588,1174,1901,2215
WIPEOUT,0.007341455795064043,4.242994505972355e-06,0.40964934732531355,0.008147376882562235,1640,2393,1481,1264
WIREHEAD,0.0020306154326772885,3.3461116171509714e-08,0.3894160583941606,0.0017471174318671292,4200,3813,2281,3571
WIRETAP / ,0.002499218994064355,1.717518359866918e-07,0.36511919698870765,0.0013498838790450833,3730,3509,4206,4058
"WISDOM, HAROLD",0.0006248047485160887,0.0,0.34216996258685195,0.00034465225383433043,6020,4067,5682,5766
"WISDOM, PETE 2013",0.0012496094970321774,0.0,0.3367169831168148,0.00021810530350753411,5271,4067,5897,6072
"WISDOM, PETER",0.025616994689159636,0.0005075674562664997,0.44613240418118466,0.018277951182745743,399,368,670,533
"WISDOM, ROMANY",0.002499218994064355,5.716620152525905e-06,0.35303849123194,0.0012281900605488332,3730,2238,4923,4236
WITCHFIRE,0.014214308028741018,5.854120920726129e-05,0.43777352297593,0.014152917985276561,803,1092,817,738
WITHERS,0.002499218994064355,0.0,0.3959428536087575,0.0036026964440686125,3730,4067,2010,2397
WITNESS II / REMY LEBE,0.002655420181193377,4.564639574345035e-07,0.3310751409215494,0.0002282454540534683,3591,3245,6056,6026
WITNESS / NESS,0.006560449859418931,0.00010775136850544397,0.38376693442033327,0.002285176668754141,1811,822,2606,3104
WIZARD / BENTLEY WITTM,0.038581693220868477,0.0003368109853596583,0.4818243395800406,0.035574858823727275,233,465,216,186
WIZARD OF THE WEST,0.00031240237425804435,0.0,0.2872397702799713,2.0975665291856556e-05,6269,4067,6374,6372
WIZ KID / TAKESHI MATS,0.009684473601999375,3.686764557285271e-06,0.39285714285714285,0.00915069890360977,1251,2468,2136,1128
W'KABI,0.00937207122774133,8.13236242333964e-05,0.41469102215312864,0.006948840990384424,1293,933,1317,1451
W'KANDRO,0.00359262730396751,0.0,0.3893923727267198,0.003440930469010407,2918,4067,2284,2472
"WOLFE, HEDY",0.005623242736644799,8.377865187758779e-06,0.405318138651472,0.004946797535735579,2087,2029,1620,1928
"WOLFE, MR.",0.003436426116838488,0.0,0.38573236127010907,0.0023568532417719847,3010,4067,2495,3048
"WOLFE, SARA",0.015307716338644172,0.0002452455513258377,0.43105305682736333,0.010336334424119398,740,545,942,994
WOLFGANG,0.001718213058419244,0.0,0.3599865047233468,0.0008346102326247078,4561,4067,4515,4882
"WOLFMAN, MARV",0.0037488284910965324,1.3510116389885746e-06,0.37423277021102475,0.002795660126728105,2830,2901,3252,2787
WOLFSBANE 2013,0.0012496094970321774,0.0,0.3367169831168148,0.00021810530350753436,5271,4067,5897,6071
WOLFSBANE DOPPELGANG,0.019056544829740705,3.2554195795888113e-06,0.46887359015673064,0.024303602154697176,598,2527,350,356
WOLFSBANE / RAHNE SINC,0.08887847547641362,0.0037689353020386586,0.511219356384253,0.0581251541906666,61,87,57,57
WOLF,0.00359262730396751,1.019082643132965e-05,0.37794438868882463,0.001181772415843696,2918,1913,2976,4305
WOLF SPIRIT / OWAYODAT,0.0020306154326772885,7.41587954492573e-08,0.3988039618762848,0.0035683363325109112,4200,3670,1855,2415
"WOLMAN, GIDEON",0.00031240237425804435,0.0,0.3517195912537084,0.0003385675064109735,6269,4067,5024,5782
WOLVERINE 2013,0.0060918462980318645,4.9644472640689296e-05,0.38418146903504563,0.0058453186001184996,1940,1150,2589,1668
WOLVERINE DOPPELGANG,0.020462355513901905,7.63014261091592e-06,0.4678798509098882,0.024756687177266753,540,2077,358,339
WOLVERINE / LOGAN,0.21587004061230863,0.03519963458219206,0.5570831883049078,0.09682669148860769,7,4,7,9
WOLVERINE | MUTANT X,0.010153077163386441,4.724769305286293e-06,0.34545650766242175,0.0003884544015857189,1193,2342,5396,5657
WOLVERINE SKRULL,0.016244923461418308,0.0005821374326939711,0.43720549067813974,0.013312582738160697,707,333,826,792
WONDER MAN 2010 / SIMO,0.0014058106841611997,0.0,0.3700578034682081,0.0012874346771886234,5057,4067,3666,4132
WONDER MAN DOPPELGAN,0.01077788191190253,1.6492287562526805e-06,0.45279015489072777,0.014683944655351,1109,2823,552,713
WONDER MAN / SIMON WIL,0.16323024054982818,0.010735981558002398,0.5392520215633423,0.08661135135101947,25,33,23,22
WONG,0.07075913776944705,0.005278349370914747,0.4955108359133127,0.04255821767866953,95,69,112,118
WONG CHU,0.0014058106841611997,1.8598041655732667e-06,0.36177667269439423,0.0006307039810832727,5057,2780,4417,5210
"WOO, CHOW YUN",0.0007810059356451108,0.0,0.31992404177702266,6.488680442863896e-05,5841,4067,6286,6334
WOODGOD,0.010153077163386441,0.0016257368859815017,0.4282847203639283,0.009085327175087999,1193,185,980,1137
"WOODS, MIRANDA",0.001718213058419244,0.0,0.3694171956145413,0.0007797494882862004,4561,4067,3755,4954
"WOODS, TIMOTHY",0.001718213058419244,0.0,0.3694171956145413,0.0008508697590611735,4561,4067,3755,4845
"WOO, JIMMY",0.010621680724773508,9.30092893838118e-05,0.43058918482647296,0.010181314624617984,1131,876,952,1008
"WOO, MAI YIN",0.0007810059356451108,0.0,0.31992404177702266,6.488680442863854e-05,5841,4067,6286,6336
"WOO, SONIA",0.0018744142455482662,0.0,0.3539558799137502,0.0007045575653546743,4385,4067,4865,5080
WORD II / ,0.0039050296782255542,2.8306768005498955e-06,0.3668137282988598,0.001493787334184649,2721,2590,4039,3876
WORD,0.0010934083099031551,9.646595595583808e-07,0.37937777777777776,0.0016421360147129895,5492,3016,2860,3677
WORM,0.007497656982193065,1.008807806560807e-06,0.389273987595768,0.006950748363983186,1588,2999,2288,1450
WORMWOOD,0.002655420181193377,0.0,0.35556789780616493,0.0017590666067577802,3591,4067,4755,3560
"WORTHINGTON, ELIZABE",0.0007810059356451108,0.0,0.3540929203539823,0.0004236127772949865,5841,4067,4854,5579
"WORTHINGTON, KATHRYN",0.008747266479225241,1.4563382879826073e-05,0.42324474414914715,0.00952834139504872,1390,1744,1101,1096
"WORTHINGTON, MAJOR G",0.0007810059356451108,0.0,0.3540929203539823,0.0004236127772949868,5841,4067,4854,5578
"WORTHINGTON, WARREN",0.008278662917838176,4.810509422004681e-05,0.4205478552190764,0.009048725035454862,1467,1164,1166,1141
WOZ / DEWOZ,0.004842236800999687,6.491859275698036e-06,0.37251251018270687,0.0026404088542126346,2327,2165,3364,2865
WRAITH,0.004529834426741643,5.000179534852577e-06,0.41985834207764955,0.004693133409979352,2437,2312,1183,1993
WRAITH II / HECTOR REN,0.0023430178069353325,3.0926919257554514e-09,0.37244749549130257,0.003007027688629368,3856,4045,3374,2663
WRANGLER / ,0.006872852233676976,1.2059457502521998e-07,0.38298636037329503,0.003261563930132061,1733,3575,2649,2540
WRANGLER II / EMILY DO,0.0012496094970321774,0.0,0.36114401760027076,0.0008368819748073276,5271,4067,4449,4878
WRAP,0.002967822555451421,0.0,0.35701539147892036,0.0016101947767827773,3351,4067,4693,3727
WRECKER / DR. KARL KOR,0.0028116213683223993,0.0,0.38351404780446896,0.0043241194918773145,3463,4067,2625,2110
WRECKER III / DIRK GAR,0.035613870665417054,0.0003643930311994116,0.4806306306306306,0.0320451655036846,268,445,233,219
WRECKER II,0.00031240237425804435,0.0,0.3564191070036744,0.0007033973375974746,6269,4067,4717,5085
WRONG,0.00499843798812871,6.381706556130428e-07,0.3561415220293725,0.0019708622787119163,2281,3148,4724,3376
"WU, LEIKO",0.006872852233676976,0.00021961908756638123,0.4128458115689689,0.005748328139626176,1733,578,1375,1686
"WU, SONIA",0.0012496094970321774,0.0,0.3055409726530807,0.00020171260789735598,5271,4067,6337,6108
"WYNDHAM, LUCAS",0.0031240237425804434,4.1213074184975634e-08,0.34443428202507126,0.0011992411770617064,3214,3777,5532,4288
WYNTER,0.002967822555451421,0.0,0.34461969101577217,0.0010871556650668367,3351,4067,5491,4422
WYRE / ,0.002499218994064355,2.1023434366649406e-08,0.34145821110459224,0.0015825186466695898,3730,3887,5733,3754
WYSPER / MS. STEWART,0.005623242736644799,5.115471373520027e-06,0.37627835899847184,0.002621991413265949,2087,2297,3101,2880
XANDU,0.0028116213683223993,1.3216657240077444e-06,0.40821271440413187,0.003964181530622362,3463,2913,1534,2238
X-CUTIONER / CARL DENT,0.008122461730709154,5.283707966142706e-05,0.38314680710994076,0.004477395539428346,1488,1130,2635,2069
XELOCKS [TRIONIAN],0.0018744142455482662,0.0,0.32034025519139353,8.85575134103447e-05,4385,4067,6282,6327
XEMNU,0.00499843798812871,5.297673978034542e-05,0.40917806468106865,0.005738644081182925,2281,1128,1500,1690
XEMU,0.0023430178069353325,3.666692458090503e-08,0.37563809188523145,0.0034659969642884775,3856,3800,3163,2460
X'HOSS,0.0015620118712902217,0.0,0.3619812280900147,0.0010570856010779712,4812,4067,4395,4458
XIANDU,0.002499218994064355,1.648041273242725e-09,0.35903763109191855,0.002325570034038441,3730,4062,4567,3078
X-MAN | MUTANT X-VER,0.0021868166198063103,0.0,0.34450842167572515,0.00031076181854783065,4042,4067,5519,5849
X-MAN / NATHAN GREY,0.04029990627928772,0.008938179128863582,0.4829511164755582,0.02868688782020622,224,39,205,261
X-RAY,0.021711965010934083,0.000204342448967295,0.46431679721496955,0.021485298577231682,501,606,416,424
X-RAY II / ,0.0007810059356451108,0.0,0.34334441703314383,0.0004696763013199438,5841,4067,5605,5504
X THE UNKNOWABLE,0.0031240237425804434,0.0,0.34659736884846515,0.0014215185689967877,3214,4067,5332,3960
XYOSS,0.002967822555451421,0.0,0.32045249774752227,9.160873463813079e-05,3351,4067,6275,6321
"YAMIR, SASHA",0.004373633239612621,0.0,0.3618993781797626,0.002259716157111978,2505,4067,4408,3125
YANDROTH,0.004373633239612621,1.5439213762508852e-06,0.40946594179724977,0.005355297594394737,2505,2847,1490,1807
YANKEE CLIPPER / PAT C,0.004842236800999687,1.7470411969562136e-05,0.36029039338173224,0.0012779681264085566,2327,1652,4492,4147
YANO,0.0021868166198063103,0.0,0.3691402871475523,0.00119253405255393,4042,4067,3778,4294
YAP,0.00999687597625742,1.321305501728783e-05,0.4344167741059917,0.010094209204859966,1215,1788,882,1027
"YASHIDA, MARIKO",0.016557325835676352,0.0001465057620350376,0.4221841202848853,0.01266648989152496,693,701,1123,828
"YASHIDA, MARIKO | MU",0.008747266479225241,1.5884381861054615e-06,0.3452888193732808,0.0003770029459176168,1390,2835,5414,5686
YAYAUHCO,0.0007810059356451108,0.0,0.35327226575433174,0.000536259466572992,5841,4067,4901,5391
"YEAGER, CALLIE",0.0031240237425804434,4.3258255850429066e-06,0.3871084774458822,0.003186736192792826,3214,2385,2403,2572
"YEE, WAI CHEE",0.0014058106841611997,0.0,0.3599460249634544,0.0008933989309684676,5057,4067,4516,4775
YELLOW CLAW ROBOT,0.0015620118712902217,1.8234660942222635e-09,0.3894634383744981,0.002030523087578038,4812,4060,2280,3314
YELLOW CLAW / TZING JA,0.015307716338644172,0.00020053312107414995,0.4357176886952971,0.010478462063213742,740,613,853,980
YELLOWJACKET III / HEN,0.014839112777257107,4.979211482135615e-05,0.4400302426283593,0.014796801699840953,770,1149,775,701
YELLOWJACKET II | MU,0.010153077163386441,2.068230298127953e-06,0.34545650766242175,0.00039021257814805815,1193,2720,5396,5649
YELLOWJACKET II / RITA,0.017182130584192438,6.7465423692283e-05,0.4235247419952368,0.013521659646690441,667,1025,1089,777
YETI,0.010153077163386441,9.015184396626764e-05,0.4195831694848604,0.008326658447201448,1193,886,1189,1235
YETRIGAR,0.002655420181193377,3.9409583523445707e-07,0.3807314897413024,0.003132810772764571,3591,3280,2801,2593
YGMLOSVORRAICH,0.001718213058419244,0.0,0.3517582417582418,0.0007789523705772303,4561,4067,5016,4957
"YIN, ANGELA",0.01358950328022493,7.940479893858776e-05,0.3920632004409333,0.004844283925687743,850,950,2168,1953
"YIN, DR. SU",0.0037488284910965324,2.6738482889297724e-06,0.3761457109283196,0.0021131542054668236,2830,2620,3111,3229
YLA,0.001718213058419244,0.0,0.34209682590573903,0.0002707858664399032,4561,4067,5690,5949
YMIR,0.007653858169322086,2.1188198315544245e-05,0.39845646355884734,0.005725688522520937,1561,1566,1880,1696
YONDU / YONDU UDONTA,0.006248047485160887,1.3960923234962965e-05,0.3938238188976378,0.00561233694829959,1895,1761,2088,1727
"YORK, SANDY",0.0010934083099031551,0.0,0.3370183196462413,0.0002682057072667017,5492,4067,5887,5961
"YOUNG, AGNES",0.001718213058419244,0.0,0.3463536031162086,0.0007032543041555586,4561,4067,5344,5087
"YOUNG, KIM SUNG",0.0018744142455482662,9.761049031652691e-09,0.33534126027971295,0.0001797259761807844,4385,3948,5947,6147
"YOUNG, LAWRENCE",0.0015620118712902217,0.0,0.3410398465800128,0.0004922640161231134,4812,4067,5764,5481
"YOUNG, LOUISE",0.001718213058419244,0.0,0.3463536031162086,0.0007032543041555591,4561,4067,5344,5086
"YOUNG, MAX",0.0014058106841611997,0.0,0.3670240210972883,0.0010200691050637903,5057,4067,4018,4537
"YOUNG, MR.",0.001718213058419244,0.0,0.3463536031162086,0.0007032543041555585,4561,4067,5344,5089
YOVA,0.002967822555451421,0.0,0.32045249774752227,9.160873463813008e-05,3351,4067,6275,6325
YRDISIS,0.007966260543580132,2.497890226475281e-05,0.40130383000062686,0.005815978130036409,1509,1479,1753,1674
YRIK,0.0018744142455482662,0.0,0.32058087130696045,0.0006098631207967227,4385,4067,6268,5242
YSSA,0.0020306154326772885,0.0,0.3667506874427131,0.0016354595066561924,4200,4067,4044,3687
"YUAN, ANNIE",0.0014058106841611997,0.0,0.3620016963528414,0.0007086342978065542,5057,4067,4394,5073
"YUAN, BILLY",0.0028116213683223993,8.196175035261829e-07,0.37151810584958217,0.0015668869006951523,3463,3078,3493,3772
YUKIO,0.009684473601999375,0.00011443917565924722,0.3985308764940239,0.007930884279252079,1251,804,1874,1288
YURGE,0.001718213058419244,0.0,0.34209682590573903,0.0002690988242202547,4561,4067,5690,5957
ZABO,0.00046860356138706655,3.908032895461214e-06,0.36920415224913494,0.0006326369243375184,6167,2436,3768,5203
ZABU,0.04279912527335208,0.0015039075591535883,0.49147858129894056,0.034475618387852416,205,197,139,191
"ZAFAR, OFFICER JIMMY",0.005154639175257732,7.394238058823881e-05,0.3993761696818465,0.0024996816017591275,2237,983,1830,2965
ZA'KEN,0.0023430178069353325,0.0,0.392231344198015,0.004328505288084347,3856,4067,2154,2109
ZAKKA,0.001718213058419244,0.0,0.33241601329248666,0.000522089502560534,4561,4067,6030,5414
ZALADANE,0.011558887847547642,8.886282546430982e-06,0.400150009375586,0.010022483448458868,1023,1991,1800,1038
"ZAMORA, PETE",0.0020306154326772885,0.0,0.3901517459930526,0.003859355566171441,4200,4067,2244,2289
"ZANE, DONOVAN",0.001718213058419244,5.586558437762161e-08,0.3670661085946907,0.0009804310747895777,4561,3727,4005,4629
ZANIAC / BRAD WOLFE,0.0015620118712902217,0.0,0.3582540570789032,0.0013082403515395937,4812,4067,4613,4100
ZANIAC II / THUG THATC,0.0028116213683223993,1.2286118156427111e-07,0.36069637726069076,0.0021003963304934564,3463,3573,4464,3242
ZANKOR / JAY STEVENSON,0.0021868166198063103,0.0,0.3597841969203102,0.0006563176082911291,4042,4067,4533,5168
"ZAPPER, DAN",0.0031240237425804434,6.0319445525000125e-06,0.37689862239491345,0.001670882837069116,3214,2204,3056,3635
ZARAN II,0.004217432052483598,5.142127065712089e-05,0.4016311166875784,0.0038500295653589463,2569,1142,1733,2295
ZARAN / MAXIMILLIAN ZA,0.010621680724773508,0.00018864165602179052,0.41936329097340497,0.007127393383494076,1131,635,1193,1415
ZARATHOS,0.0028116213683223993,1.4047778144909178e-05,0.38750680951516253,0.0024676022525313163,3463,1760,2388,2983
ZARATHUSTRA,0.0028116213683223993,3.0141745617587037e-06,0.37046467218332274,0.001441551311715732,3463,2553,3591,3944
ZARIN,0.005467041549515776,6.584334902061648e-06,0.3825972628936831,0.0034915923702516704,2133,2158,2678,2452
"ZARRKO, ARTHUR",0.020306154326772883,0.00018940892762475345,0.43789329685362516,0.016889680716416323,544,634,812,603
ZAWADI,0.0031240237425804434,1.667715563255554e-06,0.346072760689767,0.0007864159788193501,3214,2821,5372,4937
ZCANN,0.013120899718837863,7.285283319504857e-05,0.45081332300542215,0.015273775281786958,882,990,593,676
ZEAKLAR,0.00031240237425804435,0.0,0.34312359309679497,0.0004196925611007626,6269,4067,5619,5587
ZEALOT / MOREAU,0.0021868166198063103,0.0,0.3855929651267843,0.002307434538726254,4042,4067,2507,3090
"ZEDRAO, GENERAL",0.011558887847547642,1.0804397453203235e-05,0.45718774548311075,0.017531514543803375,1023,1883,491,574
ZEFRA,0.006560449859418931,7.532529927705089e-06,0.38783546374265465,0.004351888198243691,1811,2087,2359,2101
ZEITGEIST II / AXEL CL,0.0015620118712902217,0.0,0.3580737177694502,0.0004144083942755928,4812,4067,4624,5594
"ZEITGEIST, NICOLA",0.001718213058419244,1.952209806330538e-07,0.3258512750038174,0.00011896019832784297,4561,3483,6189,6282
ZELDA,0.012652296157450796,2.607173565720641e-05,0.445201668984701,0.014305555940449015,912,1459,686,728
"ZELIG, LON",0.001718213058419244,0.0,0.3783240751684198,0.002089822908562252,4561,4067,2937,3255
ZEMO / BARON HEINRICH,0.015932521087160263,5.89817182943275e-05,0.4340927583401139,0.017361451366069598,718,1085,890,581
ZERO,0.01640112464854733,3.8056415963573945e-05,0.41324554608830366,0.01330012439611533,701,1278,1362,793
ZET,0.0007810059356451108,0.0,0.36784647207538496,0.0007802071378207083,5841,4067,3910,4950
ZEUS,0.03467666354264292,0.0006209871326350624,0.47080453007795264,0.027143372866973204,280,321,327,293
ZEY-ROGG,0.002967822555451421,1.3684750053636965e-05,0.34411954418404644,0.0006790244432619978,3351,1766,5556,5126
"ZIMMER, ABE",0.011246485473289597,5.65764316302948e-05,0.4103583103647202,0.008542699062802259,1063,1106,1454,1193
ZINGH,0.002499218994064355,1.8547544225766102e-07,0.37110892122195815,0.0016327089092985417,3730,3493,3525,3702
"ZINOVIEV, IVAN",0.0012496094970321774,0.0,0.3440825540148339,0.0006574987053959179,5271,4067,5569,5163
ZIRA,0.004529834426741643,2.3499293578330845e-05,0.3777436865706868,0.003386402393295102,2437,1524,2988,2493
ZIRAN,0.024211184004998436,0.0002352554877712904,0.46791404765385175,0.022168085719968172,429,553,357,404
ZIRCONIUM,0.0078100593564511085,4.368592198606093e-05,0.3974916180305476,0.005618388008170113,1526,1211,1915,1723
ZODIAK / NORMAN HARRIS,0.0023430178069353325,6.950387720476164e-06,0.3577735553816922,0.0009280420898349459,3856,2132,4659,4706
"ZOLA, ARNIM",0.01952514839112777,0.00011834580989856642,0.43879369431117204,0.014570948428790488,575,786,791,716
"ZOLA, ARNIM II",0.0015620118712902217,0.0,0.35927942084292047,0.0015622726503107358,4812,4067,4551,3777
ZOMBIE / SIMON GARTH,0.0020306154326772885,0.00016420875759992894,0.36810027598896045,0.0009877081532404914,4200,677,3878,4616
ZOM,0.001718213058419244,9.610652269770984e-08,0.3533892691543387,0.0009579446039568378,4561,3619,4889,4658
ZONA,0.00359262730396751,1.3990347119723739e-07,0.34517711759314174,0.0013049146766789144,2918,3544,5418,4105
ZONE,0.00046860356138706655,0.0,0.3405862637654945,0.0002594372763517623,6167,4067,5788,5979
ZON,0.006872852233676976,1.6547618139773675e-06,0.36999364272091545,0.0034778647527789735,1733,2822,3683,2456
ZOOG [KYMELLIAN],0.0012496094970321774,0.0,0.3468414779499404,0.0007383741197436309,5271,4067,5317,5017
ZORN,0.0018744142455482662,0.0,0.3525330396475771,0.0005733849334223181,4385,4067,4954,5345
"ZOTA, CARLO",0.010621680724773508,4.01427855538466e-05,0.44215760756958356,0.014116215052868692,1131,1253,736,743
ZOTA,0.0012496094970321774,1.9968492746277202e-08,0.3554691837867851,0.0010279520983217183,5271,3897,4766,4521
ZURAS,0.01437050921587004,5.3121260118752975e-05,0.38605801121630584,0.006847695765981413,790,1125,2471,1474
ZURI,0.015307716338644172,0.00019386727040802032,0.4443364797334814,0.011849286021748779,740,625,696,877
ZZZAX,0.004686035613870665,1.4151207984873992e-05,0.39985010305415025,0.00456069024643694,2377,1757,1814,2043
